hf_dataset_id,hf_split,hf_index,official_split,class_id,class_name,source_key
taufiktrf/AQUA20,train,0,train,0,coral,hf_train_000000
taufiktrf/AQUA20,train,2,train,0,coral,hf_train_000002
taufiktrf/AQUA20,train,3,train,0,coral,hf_train_000003
taufiktrf/AQUA20,train,4,train,0,coral,hf_train_000004
taufiktrf/AQUA20,train,5,train,0,coral,hf_train_000005
taufiktrf/AQUA20,train,6,train,0,coral,hf_train_000006
taufiktrf/AQUA20,train,7,train,0,coral,hf_train_000007
taufiktrf/AQUA20,train,9,train,0,coral,hf_train_000009
taufiktrf/AQUA20,train,10,train,0,coral,hf_train_000010
taufiktrf/AQUA20,train,11,train,0,coral,hf_train_000011
taufiktrf/AQUA20,train,12,train,0,coral,hf_train_000012
taufiktrf/AQUA20,train,15,train,0,coral,hf_train_000015
taufiktrf/AQUA20,train,17,train,0,coral,hf_train_000017
taufiktrf/AQUA20,train,18,train,0,coral,hf_train_000018
taufiktrf/AQUA20,train,19,train,0,coral,hf_train_000019
taufiktrf/AQUA20,train,22,train,0,coral,hf_train_000022
taufiktrf/AQUA20,train,23,train,0,coral,hf_train_000023
taufiktrf/AQUA20,train,24,train,0,coral,hf_train_000024
taufiktrf/AQUA20,train,25,train,0,coral,hf_train_000025
taufiktrf/AQUA20,train,27,train,0,coral,hf_train_000027
taufiktrf/AQUA20,train,28,train,0,coral,hf_train_000028
taufiktrf/AQUA20,train,29,train,0,coral,hf_train_000029
taufiktrf/AQUA20,train,30,train,0,coral,hf_train_000030
taufiktrf/AQUA20,train,31,train,0,coral,hf_train_000031
taufiktrf/AQUA20,train,32,train,0,coral,hf_train_000032
taufiktrf/AQUA20,train,33,train,0,coral,hf_train_000033
taufiktrf/AQUA20,train,35,train,0,coral,hf_train_000035
taufiktrf/AQUA20,train,36,train,0,coral,hf_train_000036
taufiktrf/AQUA20,train,38,train,0,coral,hf_train_000038
taufiktrf/AQUA20,train,39,train,0,coral,hf_train_000039
taufiktrf/AQUA20,train,41,train,0,coral,hf_train_000041
taufiktrf/AQUA20,train,42,train,0,coral,hf_train_000042
taufiktrf/AQUA20,train,43,train,0,coral,hf_train_000043
taufiktrf/AQUA20,train,44,train,0,coral,hf_train_000044
taufiktrf/AQUA20,train,45,train,0,coral,hf_train_000045
taufiktrf/AQUA20,train,46,train,0,coral,hf_train_000046
taufiktrf/AQUA20,train,47,train,0,coral,hf_train_000047
taufiktrf/AQUA20,train,48,train,0,coral,hf_train_000048
taufiktrf/AQUA20,train,49,train,0,coral,hf_train_000049
taufiktrf/AQUA20,train,50,train,0,coral,hf_train_000050
taufiktrf/AQUA20,train,51,train,0,coral,hf_train_000051
taufiktrf/AQUA20,train,52,train,0,coral,hf_train_000052
taufiktrf/AQUA20,train,54,train,0,coral,hf_train_000054
taufiktrf/AQUA20,train,55,train,0,coral,hf_train_000055
taufiktrf/AQUA20,train,56,train,0,coral,hf_train_000056
taufiktrf/AQUA20,train,57,train,0,coral,hf_train_000057
taufiktrf/AQUA20,train,58,train,0,coral,hf_train_000058
taufiktrf/AQUA20,train,59,train,0,coral,hf_train_000059
taufiktrf/AQUA20,train,60,train,0,coral,hf_train_000060
taufiktrf/AQUA20,train,61,train,0,coral,hf_train_000061
taufiktrf/AQUA20,train,62,train,0,coral,hf_train_000062
taufiktrf/AQUA20,train,63,train,0,coral,hf_train_000063
taufiktrf/AQUA20,train,65,train,0,coral,hf_train_000065
taufiktrf/AQUA20,train,66,train,0,coral,hf_train_000066
taufiktrf/AQUA20,train,67,train,0,coral,hf_train_000067
taufiktrf/AQUA20,train,68,train,0,coral,hf_train_000068
taufiktrf/AQUA20,train,69,train,0,coral,hf_train_000069
taufiktrf/AQUA20,train,70,train,0,coral,hf_train_000070
taufiktrf/AQUA20,train,71,train,0,coral,hf_train_000071
taufiktrf/AQUA20,train,72,train,0,coral,hf_train_000072
taufiktrf/AQUA20,train,73,train,0,coral,hf_train_000073
taufiktrf/AQUA20,train,74,train,0,coral,hf_train_000074
taufiktrf/AQUA20,train,75,train,0,coral,hf_train_000075
taufiktrf/AQUA20,train,76,train,0,coral,hf_train_000076
taufiktrf/AQUA20,train,77,train,0,coral,hf_train_000077
taufiktrf/AQUA20,train,78,train,0,coral,hf_train_000078
taufiktrf/AQUA20,train,79,train,0,coral,hf_train_000079
taufiktrf/AQUA20,train,80,train,0,coral,hf_train_000080
taufiktrf/AQUA20,train,81,train,0,coral,hf_train_000081
taufiktrf/AQUA20,train,82,train,0,coral,hf_train_000082
taufiktrf/AQUA20,train,83,train,0,coral,hf_train_000083
taufiktrf/AQUA20,train,84,train,0,coral,hf_train_000084
taufiktrf/AQUA20,train,85,train,0,coral,hf_train_000085
taufiktrf/AQUA20,train,86,train,0,coral,hf_train_000086
taufiktrf/AQUA20,train,88,train,0,coral,hf_train_000088
taufiktrf/AQUA20,train,89,train,0,coral,hf_train_000089
taufiktrf/AQUA20,train,90,train,0,coral,hf_train_000090
taufiktrf/AQUA20,train,92,train,0,coral,hf_train_000092
taufiktrf/AQUA20,train,93,train,0,coral,hf_train_000093
taufiktrf/AQUA20,train,94,train,0,coral,hf_train_000094
taufiktrf/AQUA20,train,96,train,0,coral,hf_train_000096
taufiktrf/AQUA20,train,97,train,0,coral,hf_train_000097
taufiktrf/AQUA20,train,99,train,0,coral,hf_train_000099
taufiktrf/AQUA20,train,100,train,0,coral,hf_train_000100
taufiktrf/AQUA20,train,101,train,0,coral,hf_train_000101
taufiktrf/AQUA20,train,102,train,0,coral,hf_train_000102
taufiktrf/AQUA20,train,104,train,0,coral,hf_train_000104
taufiktrf/AQUA20,train,105,train,0,coral,hf_train_000105
taufiktrf/AQUA20,train,106,train,0,coral,hf_train_000106
taufiktrf/AQUA20,train,107,train,0,coral,hf_train_000107
taufiktrf/AQUA20,train,108,train,0,coral,hf_train_000108
taufiktrf/AQUA20,train,109,train,0,coral,hf_train_000109
taufiktrf/AQUA20,train,110,train,0,coral,hf_train_000110
taufiktrf/AQUA20,train,111,train,0,coral,hf_train_000111
taufiktrf/AQUA20,train,113,train,0,coral,hf_train_000113
taufiktrf/AQUA20,train,114,train,0,coral,hf_train_000114
taufiktrf/AQUA20,train,115,train,0,coral,hf_train_000115
taufiktrf/AQUA20,train,116,train,0,coral,hf_train_000116
taufiktrf/AQUA20,train,117,train,0,coral,hf_train_000117
taufiktrf/AQUA20,train,118,train,0,coral,hf_train_000118
taufiktrf/AQUA20,train,119,train,0,coral,hf_train_000119
taufiktrf/AQUA20,train,120,train,0,coral,hf_train_000120
taufiktrf/AQUA20,train,123,train,0,coral,hf_train_000123
taufiktrf/AQUA20,train,124,train,0,coral,hf_train_000124
taufiktrf/AQUA20,train,125,train,0,coral,hf_train_000125
taufiktrf/AQUA20,train,126,train,0,coral,hf_train_000126
taufiktrf/AQUA20,train,127,train,0,coral,hf_train_000127
taufiktrf/AQUA20,train,128,train,0,coral,hf_train_000128
taufiktrf/AQUA20,train,129,train,0,coral,hf_train_000129
taufiktrf/AQUA20,train,131,train,0,coral,hf_train_000131
taufiktrf/AQUA20,train,132,train,0,coral,hf_train_000132
taufiktrf/AQUA20,train,133,train,0,coral,hf_train_000133
taufiktrf/AQUA20,train,135,train,0,coral,hf_train_000135
taufiktrf/AQUA20,train,136,train,0,coral,hf_train_000136
taufiktrf/AQUA20,train,137,train,0,coral,hf_train_000137
taufiktrf/AQUA20,train,138,train,0,coral,hf_train_000138
taufiktrf/AQUA20,train,139,train,0,coral,hf_train_000139
taufiktrf/AQUA20,train,140,train,0,coral,hf_train_000140
taufiktrf/AQUA20,train,141,train,0,coral,hf_train_000141
taufiktrf/AQUA20,train,142,train,0,coral,hf_train_000142
taufiktrf/AQUA20,train,144,train,0,coral,hf_train_000144
taufiktrf/AQUA20,train,145,train,0,coral,hf_train_000145
taufiktrf/AQUA20,train,147,train,0,coral,hf_train_000147
taufiktrf/AQUA20,train,148,train,0,coral,hf_train_000148
taufiktrf/AQUA20,train,149,train,0,coral,hf_train_000149
taufiktrf/AQUA20,train,153,train,0,coral,hf_train_000153
taufiktrf/AQUA20,train,154,train,0,coral,hf_train_000154
taufiktrf/AQUA20,train,155,train,0,coral,hf_train_000155
taufiktrf/AQUA20,train,156,train,0,coral,hf_train_000156
taufiktrf/AQUA20,train,157,train,0,coral,hf_train_000157
taufiktrf/AQUA20,train,158,train,0,coral,hf_train_000158
taufiktrf/AQUA20,train,159,train,0,coral,hf_train_000159
taufiktrf/AQUA20,train,162,train,0,coral,hf_train_000162
taufiktrf/AQUA20,train,163,train,0,coral,hf_train_000163
taufiktrf/AQUA20,train,164,train,0,coral,hf_train_000164
taufiktrf/AQUA20,train,165,train,0,coral,hf_train_000165
taufiktrf/AQUA20,train,167,train,0,coral,hf_train_000167
taufiktrf/AQUA20,train,168,train,0,coral,hf_train_000168
taufiktrf/AQUA20,train,169,train,0,coral,hf_train_000169
taufiktrf/AQUA20,train,170,train,0,coral,hf_train_000170
taufiktrf/AQUA20,train,171,train,0,coral,hf_train_000171
taufiktrf/AQUA20,train,172,train,0,coral,hf_train_000172
taufiktrf/AQUA20,train,173,train,0,coral,hf_train_000173
taufiktrf/AQUA20,train,174,train,0,coral,hf_train_000174
taufiktrf/AQUA20,train,175,train,0,coral,hf_train_000175
taufiktrf/AQUA20,train,176,train,0,coral,hf_train_000176
taufiktrf/AQUA20,train,177,train,0,coral,hf_train_000177
taufiktrf/AQUA20,train,178,train,0,coral,hf_train_000178
taufiktrf/AQUA20,train,179,train,0,coral,hf_train_000179
taufiktrf/AQUA20,train,180,train,0,coral,hf_train_000180
taufiktrf/AQUA20,train,181,train,0,coral,hf_train_000181
taufiktrf/AQUA20,train,182,train,0,coral,hf_train_000182
taufiktrf/AQUA20,train,183,train,0,coral,hf_train_000183
taufiktrf/AQUA20,train,184,train,0,coral,hf_train_000184
taufiktrf/AQUA20,train,185,train,0,coral,hf_train_000185
taufiktrf/AQUA20,train,188,train,0,coral,hf_train_000188
taufiktrf/AQUA20,train,190,train,0,coral,hf_train_000190
taufiktrf/AQUA20,train,191,train,0,coral,hf_train_000191
taufiktrf/AQUA20,train,192,train,0,coral,hf_train_000192
taufiktrf/AQUA20,train,193,train,0,coral,hf_train_000193
taufiktrf/AQUA20,train,194,train,0,coral,hf_train_000194
taufiktrf/AQUA20,train,195,train,0,coral,hf_train_000195
taufiktrf/AQUA20,train,196,train,0,coral,hf_train_000196
taufiktrf/AQUA20,train,198,train,0,coral,hf_train_000198
taufiktrf/AQUA20,train,199,train,0,coral,hf_train_000199
taufiktrf/AQUA20,train,203,train,0,coral,hf_train_000203
taufiktrf/AQUA20,train,204,train,0,coral,hf_train_000204
taufiktrf/AQUA20,train,208,train,0,coral,hf_train_000208
taufiktrf/AQUA20,train,209,train,0,coral,hf_train_000209
taufiktrf/AQUA20,train,210,train,0,coral,hf_train_000210
taufiktrf/AQUA20,train,211,train,0,coral,hf_train_000211
taufiktrf/AQUA20,train,212,train,0,coral,hf_train_000212
taufiktrf/AQUA20,train,213,train,0,coral,hf_train_000213
taufiktrf/AQUA20,train,214,train,0,coral,hf_train_000214
taufiktrf/AQUA20,train,215,train,0,coral,hf_train_000215
taufiktrf/AQUA20,train,217,train,0,coral,hf_train_000217
taufiktrf/AQUA20,train,218,train,0,coral,hf_train_000218
taufiktrf/AQUA20,train,220,train,0,coral,hf_train_000220
taufiktrf/AQUA20,train,221,train,0,coral,hf_train_000221
taufiktrf/AQUA20,train,222,train,0,coral,hf_train_000222
taufiktrf/AQUA20,train,223,train,0,coral,hf_train_000223
taufiktrf/AQUA20,train,224,train,0,coral,hf_train_000224
taufiktrf/AQUA20,train,226,train,0,coral,hf_train_000226
taufiktrf/AQUA20,train,227,train,0,coral,hf_train_000227
taufiktrf/AQUA20,train,228,train,0,coral,hf_train_000228
taufiktrf/AQUA20,train,231,train,0,coral,hf_train_000231
taufiktrf/AQUA20,train,232,train,0,coral,hf_train_000232
taufiktrf/AQUA20,train,233,train,0,coral,hf_train_000233
taufiktrf/AQUA20,train,234,train,0,coral,hf_train_000234
taufiktrf/AQUA20,train,235,train,0,coral,hf_train_000235
taufiktrf/AQUA20,train,236,train,0,coral,hf_train_000236
taufiktrf/AQUA20,train,237,train,0,coral,hf_train_000237
taufiktrf/AQUA20,train,238,train,0,coral,hf_train_000238
taufiktrf/AQUA20,train,239,train,0,coral,hf_train_000239
taufiktrf/AQUA20,train,240,train,0,coral,hf_train_000240
taufiktrf/AQUA20,train,242,train,0,coral,hf_train_000242
taufiktrf/AQUA20,train,243,train,0,coral,hf_train_000243
taufiktrf/AQUA20,train,244,train,0,coral,hf_train_000244
taufiktrf/AQUA20,train,245,train,0,coral,hf_train_000245
taufiktrf/AQUA20,train,247,train,0,coral,hf_train_000247
taufiktrf/AQUA20,train,248,train,0,coral,hf_train_000248
taufiktrf/AQUA20,train,249,train,0,coral,hf_train_000249
taufiktrf/AQUA20,train,250,train,0,coral,hf_train_000250
taufiktrf/AQUA20,train,251,train,0,coral,hf_train_000251
taufiktrf/AQUA20,train,254,train,0,coral,hf_train_000254
taufiktrf/AQUA20,train,255,train,0,coral,hf_train_000255
taufiktrf/AQUA20,train,256,train,0,coral,hf_train_000256
taufiktrf/AQUA20,train,257,train,0,coral,hf_train_000257
taufiktrf/AQUA20,train,258,train,0,coral,hf_train_000258
taufiktrf/AQUA20,train,259,train,0,coral,hf_train_000259
taufiktrf/AQUA20,train,260,train,0,coral,hf_train_000260
taufiktrf/AQUA20,train,261,train,0,coral,hf_train_000261
taufiktrf/AQUA20,train,263,train,0,coral,hf_train_000263
taufiktrf/AQUA20,train,264,train,0,coral,hf_train_000264
taufiktrf/AQUA20,train,265,train,0,coral,hf_train_000265
taufiktrf/AQUA20,train,266,train,0,coral,hf_train_000266
taufiktrf/AQUA20,train,267,train,0,coral,hf_train_000267
taufiktrf/AQUA20,train,268,train,0,coral,hf_train_000268
taufiktrf/AQUA20,train,270,train,0,coral,hf_train_000270
taufiktrf/AQUA20,train,271,train,0,coral,hf_train_000271
taufiktrf/AQUA20,train,272,train,0,coral,hf_train_000272
taufiktrf/AQUA20,train,273,train,0,coral,hf_train_000273
taufiktrf/AQUA20,train,274,train,0,coral,hf_train_000274
taufiktrf/AQUA20,train,275,train,0,coral,hf_train_000275
taufiktrf/AQUA20,train,277,train,0,coral,hf_train_000277
taufiktrf/AQUA20,train,278,train,0,coral,hf_train_000278
taufiktrf/AQUA20,train,280,train,0,coral,hf_train_000280
taufiktrf/AQUA20,train,281,train,0,coral,hf_train_000281
taufiktrf/AQUA20,train,282,train,0,coral,hf_train_000282
taufiktrf/AQUA20,train,284,train,0,coral,hf_train_000284
taufiktrf/AQUA20,train,285,train,0,coral,hf_train_000285
taufiktrf/AQUA20,train,286,train,0,coral,hf_train_000286
taufiktrf/AQUA20,train,287,train,0,coral,hf_train_000287
taufiktrf/AQUA20,train,289,train,0,coral,hf_train_000289
taufiktrf/AQUA20,train,290,train,0,coral,hf_train_000290
taufiktrf/AQUA20,train,291,train,0,coral,hf_train_000291
taufiktrf/AQUA20,train,292,train,0,coral,hf_train_000292
taufiktrf/AQUA20,train,294,train,0,coral,hf_train_000294
taufiktrf/AQUA20,train,296,train,0,coral,hf_train_000296
taufiktrf/AQUA20,train,297,train,0,coral,hf_train_000297
taufiktrf/AQUA20,train,298,train,0,coral,hf_train_000298
taufiktrf/AQUA20,train,299,train,0,coral,hf_train_000299
taufiktrf/AQUA20,train,300,train,0,coral,hf_train_000300
taufiktrf/AQUA20,train,301,train,0,coral,hf_train_000301
taufiktrf/AQUA20,train,302,train,0,coral,hf_train_000302
taufiktrf/AQUA20,train,303,train,0,coral,hf_train_000303
taufiktrf/AQUA20,train,304,train,0,coral,hf_train_000304
taufiktrf/AQUA20,train,305,train,0,coral,hf_train_000305
taufiktrf/AQUA20,train,306,train,0,coral,hf_train_000306
taufiktrf/AQUA20,train,307,train,0,coral,hf_train_000307
taufiktrf/AQUA20,train,308,train,0,coral,hf_train_000308
taufiktrf/AQUA20,train,309,train,0,coral,hf_train_000309
taufiktrf/AQUA20,train,310,train,0,coral,hf_train_000310
taufiktrf/AQUA20,train,311,train,0,coral,hf_train_000311
taufiktrf/AQUA20,train,312,train,0,coral,hf_train_000312
taufiktrf/AQUA20,train,313,train,0,coral,hf_train_000313
taufiktrf/AQUA20,train,314,train,0,coral,hf_train_000314
taufiktrf/AQUA20,train,316,train,0,coral,hf_train_000316
taufiktrf/AQUA20,train,318,train,0,coral,hf_train_000318
taufiktrf/AQUA20,train,319,train,0,coral,hf_train_000319
taufiktrf/AQUA20,train,320,train,0,coral,hf_train_000320
taufiktrf/AQUA20,train,321,train,0,coral,hf_train_000321
taufiktrf/AQUA20,train,322,train,0,coral,hf_train_000322
taufiktrf/AQUA20,train,323,train,0,coral,hf_train_000323
taufiktrf/AQUA20,train,324,train,0,coral,hf_train_000324
taufiktrf/AQUA20,train,325,train,0,coral,hf_train_000325
taufiktrf/AQUA20,train,326,train,0,coral,hf_train_000326
taufiktrf/AQUA20,train,327,train,0,coral,hf_train_000327
taufiktrf/AQUA20,train,328,train,0,coral,hf_train_000328
taufiktrf/AQUA20,train,329,train,0,coral,hf_train_000329
taufiktrf/AQUA20,train,331,train,0,coral,hf_train_000331
taufiktrf/AQUA20,train,332,train,0,coral,hf_train_000332
taufiktrf/AQUA20,train,333,train,0,coral,hf_train_000333
taufiktrf/AQUA20,train,334,train,0,coral,hf_train_000334
taufiktrf/AQUA20,train,335,train,0,coral,hf_train_000335
taufiktrf/AQUA20,train,336,train,0,coral,hf_train_000336
taufiktrf/AQUA20,train,338,train,0,coral,hf_train_000338
taufiktrf/AQUA20,train,339,train,0,coral,hf_train_000339
taufiktrf/AQUA20,train,340,train,0,coral,hf_train_000340
taufiktrf/AQUA20,train,341,train,0,coral,hf_train_000341
taufiktrf/AQUA20,train,342,train,0,coral,hf_train_000342
taufiktrf/AQUA20,train,344,train,0,coral,hf_train_000344
taufiktrf/AQUA20,train,346,train,0,coral,hf_train_000346
taufiktrf/AQUA20,train,347,train,0,coral,hf_train_000347
taufiktrf/AQUA20,train,348,train,0,coral,hf_train_000348
taufiktrf/AQUA20,train,349,train,0,coral,hf_train_000349
taufiktrf/AQUA20,train,350,train,0,coral,hf_train_000350
taufiktrf/AQUA20,train,351,train,0,coral,hf_train_000351
taufiktrf/AQUA20,train,352,train,0,coral,hf_train_000352
taufiktrf/AQUA20,train,353,train,0,coral,hf_train_000353
taufiktrf/AQUA20,train,354,train,0,coral,hf_train_000354
taufiktrf/AQUA20,train,355,train,0,coral,hf_train_000355
taufiktrf/AQUA20,train,356,train,0,coral,hf_train_000356
taufiktrf/AQUA20,train,357,train,0,coral,hf_train_000357
taufiktrf/AQUA20,train,358,train,0,coral,hf_train_000358
taufiktrf/AQUA20,train,359,train,0,coral,hf_train_000359
taufiktrf/AQUA20,train,360,train,0,coral,hf_train_000360
taufiktrf/AQUA20,train,361,train,0,coral,hf_train_000361
taufiktrf/AQUA20,train,362,train,0,coral,hf_train_000362
taufiktrf/AQUA20,train,363,train,0,coral,hf_train_000363
taufiktrf/AQUA20,train,364,train,0,coral,hf_train_000364
taufiktrf/AQUA20,train,365,train,0,coral,hf_train_000365
taufiktrf/AQUA20,train,366,train,0,coral,hf_train_000366
taufiktrf/AQUA20,train,367,train,0,coral,hf_train_000367
taufiktrf/AQUA20,train,368,train,0,coral,hf_train_000368
taufiktrf/AQUA20,train,369,train,0,coral,hf_train_000369
taufiktrf/AQUA20,train,370,train,0,coral,hf_train_000370
taufiktrf/AQUA20,train,371,train,0,coral,hf_train_000371
taufiktrf/AQUA20,train,372,train,0,coral,hf_train_000372
taufiktrf/AQUA20,train,373,train,0,coral,hf_train_000373
taufiktrf/AQUA20,train,374,train,0,coral,hf_train_000374
taufiktrf/AQUA20,train,375,train,0,coral,hf_train_000375
taufiktrf/AQUA20,train,376,train,0,coral,hf_train_000376
taufiktrf/AQUA20,train,377,train,0,coral,hf_train_000377
taufiktrf/AQUA20,train,380,train,0,coral,hf_train_000380
taufiktrf/AQUA20,train,381,train,0,coral,hf_train_000381
taufiktrf/AQUA20,train,382,train,0,coral,hf_train_000382
taufiktrf/AQUA20,train,383,train,0,coral,hf_train_000383
taufiktrf/AQUA20,train,386,train,0,coral,hf_train_000386
taufiktrf/AQUA20,train,388,train,0,coral,hf_train_000388
taufiktrf/AQUA20,train,389,train,0,coral,hf_train_000389
taufiktrf/AQUA20,train,390,train,0,coral,hf_train_000390
taufiktrf/AQUA20,train,393,train,0,coral,hf_train_000393
taufiktrf/AQUA20,train,394,train,0,coral,hf_train_000394
taufiktrf/AQUA20,train,395,train,0,coral,hf_train_000395
taufiktrf/AQUA20,train,396,train,0,coral,hf_train_000396
taufiktrf/AQUA20,train,398,train,0,coral,hf_train_000398
taufiktrf/AQUA20,train,399,train,0,coral,hf_train_000399
taufiktrf/AQUA20,train,404,train,0,coral,hf_train_000404
taufiktrf/AQUA20,train,405,train,0,coral,hf_train_000405
taufiktrf/AQUA20,train,407,train,0,coral,hf_train_000407
taufiktrf/AQUA20,train,408,train,0,coral,hf_train_000408
taufiktrf/AQUA20,train,409,train,0,coral,hf_train_000409
taufiktrf/AQUA20,train,410,train,0,coral,hf_train_000410
taufiktrf/AQUA20,train,411,train,0,coral,hf_train_000411
taufiktrf/AQUA20,train,412,train,0,coral,hf_train_000412
taufiktrf/AQUA20,train,413,train,0,coral,hf_train_000413
taufiktrf/AQUA20,train,414,train,0,coral,hf_train_000414
taufiktrf/AQUA20,train,415,train,0,coral,hf_train_000415
taufiktrf/AQUA20,train,416,train,0,coral,hf_train_000416
taufiktrf/AQUA20,train,417,train,0,coral,hf_train_000417
taufiktrf/AQUA20,train,419,train,0,coral,hf_train_000419
taufiktrf/AQUA20,train,420,train,0,coral,hf_train_000420
taufiktrf/AQUA20,train,421,train,0,coral,hf_train_000421
taufiktrf/AQUA20,train,422,train,0,coral,hf_train_000422
taufiktrf/AQUA20,train,423,train,0,coral,hf_train_000423
taufiktrf/AQUA20,train,424,train,0,coral,hf_train_000424
taufiktrf/AQUA20,train,425,train,0,coral,hf_train_000425
taufiktrf/AQUA20,train,426,train,0,coral,hf_train_000426
taufiktrf/AQUA20,train,427,train,0,coral,hf_train_000427
taufiktrf/AQUA20,train,428,train,0,coral,hf_train_000428
taufiktrf/AQUA20,train,429,train,0,coral,hf_train_000429
taufiktrf/AQUA20,train,430,train,0,coral,hf_train_000430
taufiktrf/AQUA20,train,431,train,0,coral,hf_train_000431
taufiktrf/AQUA20,train,432,train,0,coral,hf_train_000432
taufiktrf/AQUA20,train,433,train,0,coral,hf_train_000433
taufiktrf/AQUA20,train,434,train,0,coral,hf_train_000434
taufiktrf/AQUA20,train,435,train,0,coral,hf_train_000435
taufiktrf/AQUA20,train,436,train,0,coral,hf_train_000436
taufiktrf/AQUA20,train,438,train,0,coral,hf_train_000438
taufiktrf/AQUA20,train,439,train,0,coral,hf_train_000439
taufiktrf/AQUA20,train,440,train,0,coral,hf_train_000440
taufiktrf/AQUA20,train,442,train,0,coral,hf_train_000442
taufiktrf/AQUA20,train,443,train,0,coral,hf_train_000443
taufiktrf/AQUA20,train,444,train,0,coral,hf_train_000444
taufiktrf/AQUA20,train,445,train,0,coral,hf_train_000445
taufiktrf/AQUA20,train,446,train,0,coral,hf_train_000446
taufiktrf/AQUA20,train,447,train,0,coral,hf_train_000447
taufiktrf/AQUA20,train,448,train,0,coral,hf_train_000448
taufiktrf/AQUA20,train,449,train,0,coral,hf_train_000449
taufiktrf/AQUA20,train,450,train,0,coral,hf_train_000450
taufiktrf/AQUA20,train,451,train,0,coral,hf_train_000451
taufiktrf/AQUA20,train,453,train,0,coral,hf_train_000453
taufiktrf/AQUA20,train,454,train,0,coral,hf_train_000454
taufiktrf/AQUA20,train,456,train,0,coral,hf_train_000456
taufiktrf/AQUA20,train,457,train,0,coral,hf_train_000457
taufiktrf/AQUA20,train,458,train,0,coral,hf_train_000458
taufiktrf/AQUA20,train,460,train,0,coral,hf_train_000460
taufiktrf/AQUA20,train,461,train,0,coral,hf_train_000461
taufiktrf/AQUA20,train,462,train,0,coral,hf_train_000462
taufiktrf/AQUA20,train,464,train,0,coral,hf_train_000464
taufiktrf/AQUA20,train,465,train,0,coral,hf_train_000465
taufiktrf/AQUA20,train,467,train,0,coral,hf_train_000467
taufiktrf/AQUA20,train,468,train,0,coral,hf_train_000468
taufiktrf/AQUA20,train,470,train,0,coral,hf_train_000470
taufiktrf/AQUA20,train,471,train,0,coral,hf_train_000471
taufiktrf/AQUA20,train,473,train,0,coral,hf_train_000473
taufiktrf/AQUA20,train,475,train,0,coral,hf_train_000475
taufiktrf/AQUA20,train,476,train,0,coral,hf_train_000476
taufiktrf/AQUA20,train,477,train,0,coral,hf_train_000477
taufiktrf/AQUA20,train,478,train,0,coral,hf_train_000478
taufiktrf/AQUA20,train,479,train,0,coral,hf_train_000479
taufiktrf/AQUA20,train,480,train,0,coral,hf_train_000480
taufiktrf/AQUA20,train,481,train,0,coral,hf_train_000481
taufiktrf/AQUA20,train,482,train,0,coral,hf_train_000482
taufiktrf/AQUA20,train,483,train,0,coral,hf_train_000483
taufiktrf/AQUA20,train,485,train,0,coral,hf_train_000485
taufiktrf/AQUA20,train,486,train,0,coral,hf_train_000486
taufiktrf/AQUA20,train,487,train,0,coral,hf_train_000487
taufiktrf/AQUA20,train,489,train,0,coral,hf_train_000489
taufiktrf/AQUA20,train,490,train,0,coral,hf_train_000490
taufiktrf/AQUA20,train,491,train,0,coral,hf_train_000491
taufiktrf/AQUA20,train,493,train,0,coral,hf_train_000493
taufiktrf/AQUA20,train,494,train,0,coral,hf_train_000494
taufiktrf/AQUA20,train,495,train,0,coral,hf_train_000495
taufiktrf/AQUA20,train,496,train,0,coral,hf_train_000496
taufiktrf/AQUA20,train,497,train,0,coral,hf_train_000497
taufiktrf/AQUA20,train,498,train,0,coral,hf_train_000498
taufiktrf/AQUA20,train,499,train,0,coral,hf_train_000499
taufiktrf/AQUA20,train,500,train,0,coral,hf_train_000500
taufiktrf/AQUA20,train,501,train,0,coral,hf_train_000501
taufiktrf/AQUA20,train,503,train,0,coral,hf_train_000503
taufiktrf/AQUA20,train,504,train,0,coral,hf_train_000504
taufiktrf/AQUA20,train,505,train,0,coral,hf_train_000505
taufiktrf/AQUA20,train,506,train,0,coral,hf_train_000506
taufiktrf/AQUA20,train,507,train,0,coral,hf_train_000507
taufiktrf/AQUA20,train,511,train,0,coral,hf_train_000511
taufiktrf/AQUA20,train,512,train,0,coral,hf_train_000512
taufiktrf/AQUA20,train,513,train,0,coral,hf_train_000513
taufiktrf/AQUA20,train,514,train,0,coral,hf_train_000514
taufiktrf/AQUA20,train,515,train,0,coral,hf_train_000515
taufiktrf/AQUA20,train,516,train,0,coral,hf_train_000516
taufiktrf/AQUA20,train,517,train,0,coral,hf_train_000517
taufiktrf/AQUA20,train,518,train,0,coral,hf_train_000518
taufiktrf/AQUA20,train,519,train,0,coral,hf_train_000519
taufiktrf/AQUA20,train,521,train,0,coral,hf_train_000521
taufiktrf/AQUA20,train,522,train,0,coral,hf_train_000522
taufiktrf/AQUA20,train,523,train,0,coral,hf_train_000523
taufiktrf/AQUA20,train,525,train,0,coral,hf_train_000525
taufiktrf/AQUA20,train,526,train,0,coral,hf_train_000526
taufiktrf/AQUA20,train,527,train,0,coral,hf_train_000527
taufiktrf/AQUA20,train,528,train,0,coral,hf_train_000528
taufiktrf/AQUA20,train,529,train,0,coral,hf_train_000529
taufiktrf/AQUA20,train,530,train,0,coral,hf_train_000530
taufiktrf/AQUA20,train,531,train,0,coral,hf_train_000531
taufiktrf/AQUA20,train,532,train,0,coral,hf_train_000532
taufiktrf/AQUA20,train,533,train,0,coral,hf_train_000533
taufiktrf/AQUA20,train,534,train,0,coral,hf_train_000534
taufiktrf/AQUA20,train,535,train,0,coral,hf_train_000535
taufiktrf/AQUA20,train,536,train,0,coral,hf_train_000536
taufiktrf/AQUA20,train,537,train,0,coral,hf_train_000537
taufiktrf/AQUA20,train,538,train,0,coral,hf_train_000538
taufiktrf/AQUA20,train,539,train,0,coral,hf_train_000539
taufiktrf/AQUA20,train,541,train,0,coral,hf_train_000541
taufiktrf/AQUA20,train,542,train,0,coral,hf_train_000542
taufiktrf/AQUA20,train,543,train,0,coral,hf_train_000543
taufiktrf/AQUA20,train,544,train,0,coral,hf_train_000544
taufiktrf/AQUA20,train,545,train,0,coral,hf_train_000545
taufiktrf/AQUA20,train,547,train,0,coral,hf_train_000547
taufiktrf/AQUA20,train,548,train,0,coral,hf_train_000548
taufiktrf/AQUA20,train,549,train,0,coral,hf_train_000549
taufiktrf/AQUA20,train,551,train,0,coral,hf_train_000551
taufiktrf/AQUA20,train,552,train,0,coral,hf_train_000552
taufiktrf/AQUA20,train,553,train,0,coral,hf_train_000553
taufiktrf/AQUA20,train,554,train,0,coral,hf_train_000554
taufiktrf/AQUA20,train,555,train,0,coral,hf_train_000555
taufiktrf/AQUA20,train,557,train,0,coral,hf_train_000557
taufiktrf/AQUA20,train,558,train,0,coral,hf_train_000558
taufiktrf/AQUA20,train,559,train,0,coral,hf_train_000559
taufiktrf/AQUA20,train,560,train,0,coral,hf_train_000560
taufiktrf/AQUA20,train,561,train,0,coral,hf_train_000561
taufiktrf/AQUA20,train,566,train,0,coral,hf_train_000566
taufiktrf/AQUA20,train,567,train,0,coral,hf_train_000567
taufiktrf/AQUA20,train,568,train,0,coral,hf_train_000568
taufiktrf/AQUA20,train,569,train,0,coral,hf_train_000569
taufiktrf/AQUA20,train,570,train,0,coral,hf_train_000570
taufiktrf/AQUA20,train,571,train,0,coral,hf_train_000571
taufiktrf/AQUA20,train,572,train,0,coral,hf_train_000572
taufiktrf/AQUA20,train,573,train,0,coral,hf_train_000573
taufiktrf/AQUA20,train,574,train,0,coral,hf_train_000574
taufiktrf/AQUA20,train,575,train,0,coral,hf_train_000575
taufiktrf/AQUA20,train,576,train,0,coral,hf_train_000576
taufiktrf/AQUA20,train,578,train,0,coral,hf_train_000578
taufiktrf/AQUA20,train,579,train,0,coral,hf_train_000579
taufiktrf/AQUA20,train,580,train,0,coral,hf_train_000580
taufiktrf/AQUA20,train,581,train,0,coral,hf_train_000581
taufiktrf/AQUA20,train,582,train,0,coral,hf_train_000582
taufiktrf/AQUA20,train,583,train,0,coral,hf_train_000583
taufiktrf/AQUA20,train,584,train,0,coral,hf_train_000584
taufiktrf/AQUA20,train,585,train,0,coral,hf_train_000585
taufiktrf/AQUA20,train,587,train,0,coral,hf_train_000587
taufiktrf/AQUA20,train,588,train,0,coral,hf_train_000588
taufiktrf/AQUA20,train,589,train,0,coral,hf_train_000589
taufiktrf/AQUA20,train,590,train,0,coral,hf_train_000590
taufiktrf/AQUA20,train,591,train,0,coral,hf_train_000591
taufiktrf/AQUA20,train,593,train,0,coral,hf_train_000593
taufiktrf/AQUA20,train,594,train,0,coral,hf_train_000594
taufiktrf/AQUA20,train,595,train,0,coral,hf_train_000595
taufiktrf/AQUA20,train,596,train,0,coral,hf_train_000596
taufiktrf/AQUA20,train,597,train,0,coral,hf_train_000597
taufiktrf/AQUA20,train,598,train,0,coral,hf_train_000598
taufiktrf/AQUA20,train,599,train,0,coral,hf_train_000599
taufiktrf/AQUA20,train,601,train,0,coral,hf_train_000601
taufiktrf/AQUA20,train,602,train,0,coral,hf_train_000602
taufiktrf/AQUA20,train,603,train,0,coral,hf_train_000603
taufiktrf/AQUA20,train,604,train,0,coral,hf_train_000604
taufiktrf/AQUA20,train,605,train,0,coral,hf_train_000605
taufiktrf/AQUA20,train,606,train,0,coral,hf_train_000606
taufiktrf/AQUA20,train,607,train,0,coral,hf_train_000607
taufiktrf/AQUA20,train,609,train,0,coral,hf_train_000609
taufiktrf/AQUA20,train,610,train,0,coral,hf_train_000610
taufiktrf/AQUA20,train,611,train,0,coral,hf_train_000611
taufiktrf/AQUA20,train,613,train,0,coral,hf_train_000613
taufiktrf/AQUA20,train,614,train,0,coral,hf_train_000614
taufiktrf/AQUA20,train,615,train,0,coral,hf_train_000615
taufiktrf/AQUA20,train,616,train,0,coral,hf_train_000616
taufiktrf/AQUA20,train,617,train,0,coral,hf_train_000617
taufiktrf/AQUA20,train,618,train,0,coral,hf_train_000618
taufiktrf/AQUA20,train,619,train,0,coral,hf_train_000619
taufiktrf/AQUA20,train,620,train,0,coral,hf_train_000620
taufiktrf/AQUA20,train,621,train,0,coral,hf_train_000621
taufiktrf/AQUA20,train,622,train,0,coral,hf_train_000622
taufiktrf/AQUA20,train,624,train,0,coral,hf_train_000624
taufiktrf/AQUA20,train,625,train,0,coral,hf_train_000625
taufiktrf/AQUA20,train,626,train,0,coral,hf_train_000626
taufiktrf/AQUA20,train,628,train,0,coral,hf_train_000628
taufiktrf/AQUA20,train,629,train,0,coral,hf_train_000629
taufiktrf/AQUA20,train,630,train,0,coral,hf_train_000630
taufiktrf/AQUA20,train,631,train,0,coral,hf_train_000631
taufiktrf/AQUA20,train,633,train,0,coral,hf_train_000633
taufiktrf/AQUA20,train,634,train,0,coral,hf_train_000634
taufiktrf/AQUA20,train,635,train,0,coral,hf_train_000635
taufiktrf/AQUA20,train,636,train,0,coral,hf_train_000636
taufiktrf/AQUA20,train,637,train,0,coral,hf_train_000637
taufiktrf/AQUA20,train,638,train,0,coral,hf_train_000638
taufiktrf/AQUA20,train,643,train,0,coral,hf_train_000643
taufiktrf/AQUA20,train,644,train,0,coral,hf_train_000644
taufiktrf/AQUA20,train,649,train,0,coral,hf_train_000649
taufiktrf/AQUA20,train,650,train,0,coral,hf_train_000650
taufiktrf/AQUA20,train,651,train,0,coral,hf_train_000651
taufiktrf/AQUA20,train,652,train,0,coral,hf_train_000652
taufiktrf/AQUA20,train,653,train,0,coral,hf_train_000653
taufiktrf/AQUA20,train,654,train,0,coral,hf_train_000654
taufiktrf/AQUA20,train,655,train,0,coral,hf_train_000655
taufiktrf/AQUA20,train,656,train,0,coral,hf_train_000656
taufiktrf/AQUA20,train,657,train,0,coral,hf_train_000657
taufiktrf/AQUA20,train,660,train,0,coral,hf_train_000660
taufiktrf/AQUA20,train,661,train,0,coral,hf_train_000661
taufiktrf/AQUA20,train,662,train,0,coral,hf_train_000662
taufiktrf/AQUA20,train,664,train,0,coral,hf_train_000664
taufiktrf/AQUA20,train,665,train,0,coral,hf_train_000665
taufiktrf/AQUA20,train,666,train,0,coral,hf_train_000666
taufiktrf/AQUA20,train,667,train,0,coral,hf_train_000667
taufiktrf/AQUA20,train,668,train,0,coral,hf_train_000668
taufiktrf/AQUA20,train,669,train,0,coral,hf_train_000669
taufiktrf/AQUA20,train,670,train,0,coral,hf_train_000670
taufiktrf/AQUA20,train,671,train,0,coral,hf_train_000671
taufiktrf/AQUA20,train,672,train,0,coral,hf_train_000672
taufiktrf/AQUA20,train,673,train,0,coral,hf_train_000673
taufiktrf/AQUA20,train,674,train,0,coral,hf_train_000674
taufiktrf/AQUA20,train,675,train,0,coral,hf_train_000675
taufiktrf/AQUA20,train,676,train,0,coral,hf_train_000676
taufiktrf/AQUA20,train,677,train,0,coral,hf_train_000677
taufiktrf/AQUA20,train,678,train,0,coral,hf_train_000678
taufiktrf/AQUA20,train,679,train,0,coral,hf_train_000679
taufiktrf/AQUA20,train,680,train,0,coral,hf_train_000680
taufiktrf/AQUA20,train,682,train,0,coral,hf_train_000682
taufiktrf/AQUA20,train,684,train,0,coral,hf_train_000684
taufiktrf/AQUA20,train,685,train,0,coral,hf_train_000685
taufiktrf/AQUA20,train,688,train,0,coral,hf_train_000688
taufiktrf/AQUA20,train,689,train,0,coral,hf_train_000689
taufiktrf/AQUA20,train,690,train,0,coral,hf_train_000690
taufiktrf/AQUA20,train,691,train,0,coral,hf_train_000691
taufiktrf/AQUA20,train,692,train,0,coral,hf_train_000692
taufiktrf/AQUA20,train,693,train,0,coral,hf_train_000693
taufiktrf/AQUA20,train,694,train,0,coral,hf_train_000694
taufiktrf/AQUA20,train,695,train,0,coral,hf_train_000695
taufiktrf/AQUA20,train,696,train,0,coral,hf_train_000696
taufiktrf/AQUA20,train,697,train,0,coral,hf_train_000697
taufiktrf/AQUA20,train,700,train,0,coral,hf_train_000700
taufiktrf/AQUA20,train,701,train,0,coral,hf_train_000701
taufiktrf/AQUA20,train,703,train,0,coral,hf_train_000703
taufiktrf/AQUA20,train,704,train,0,coral,hf_train_000704
taufiktrf/AQUA20,train,705,train,0,coral,hf_train_000705
taufiktrf/AQUA20,train,706,train,0,coral,hf_train_000706
taufiktrf/AQUA20,train,707,train,0,coral,hf_train_000707
taufiktrf/AQUA20,train,708,train,0,coral,hf_train_000708
taufiktrf/AQUA20,train,710,train,0,coral,hf_train_000710
taufiktrf/AQUA20,train,711,train,0,coral,hf_train_000711
taufiktrf/AQUA20,train,712,train,0,coral,hf_train_000712
taufiktrf/AQUA20,train,713,train,0,coral,hf_train_000713
taufiktrf/AQUA20,train,714,train,0,coral,hf_train_000714
taufiktrf/AQUA20,train,715,train,0,coral,hf_train_000715
taufiktrf/AQUA20,train,716,train,0,coral,hf_train_000716
taufiktrf/AQUA20,train,717,train,0,coral,hf_train_000717
taufiktrf/AQUA20,train,718,train,0,coral,hf_train_000718
taufiktrf/AQUA20,train,720,train,0,coral,hf_train_000720
taufiktrf/AQUA20,train,721,train,0,coral,hf_train_000721
taufiktrf/AQUA20,train,722,train,0,coral,hf_train_000722
taufiktrf/AQUA20,train,723,train,0,coral,hf_train_000723
taufiktrf/AQUA20,train,724,train,0,coral,hf_train_000724
taufiktrf/AQUA20,train,726,train,0,coral,hf_train_000726
taufiktrf/AQUA20,train,727,train,0,coral,hf_train_000727
taufiktrf/AQUA20,train,728,train,0,coral,hf_train_000728
taufiktrf/AQUA20,train,730,train,0,coral,hf_train_000730
taufiktrf/AQUA20,train,731,train,0,coral,hf_train_000731
taufiktrf/AQUA20,train,732,train,0,coral,hf_train_000732
taufiktrf/AQUA20,train,733,train,0,coral,hf_train_000733
taufiktrf/AQUA20,train,734,train,0,coral,hf_train_000734
taufiktrf/AQUA20,train,735,train,0,coral,hf_train_000735
taufiktrf/AQUA20,train,736,train,0,coral,hf_train_000736
taufiktrf/AQUA20,train,737,train,0,coral,hf_train_000737
taufiktrf/AQUA20,train,738,train,0,coral,hf_train_000738
taufiktrf/AQUA20,train,739,train,0,coral,hf_train_000739
taufiktrf/AQUA20,train,740,train,0,coral,hf_train_000740
taufiktrf/AQUA20,train,741,train,0,coral,hf_train_000741
taufiktrf/AQUA20,train,743,train,0,coral,hf_train_000743
taufiktrf/AQUA20,train,744,train,0,coral,hf_train_000744
taufiktrf/AQUA20,train,745,train,0,coral,hf_train_000745
taufiktrf/AQUA20,train,746,train,0,coral,hf_train_000746
taufiktrf/AQUA20,train,750,train,0,coral,hf_train_000750
taufiktrf/AQUA20,train,752,train,0,coral,hf_train_000752
taufiktrf/AQUA20,train,753,train,0,coral,hf_train_000753
taufiktrf/AQUA20,train,754,train,0,coral,hf_train_000754
taufiktrf/AQUA20,train,755,train,0,coral,hf_train_000755
taufiktrf/AQUA20,train,756,train,0,coral,hf_train_000756
taufiktrf/AQUA20,train,757,train,0,coral,hf_train_000757
taufiktrf/AQUA20,train,758,train,0,coral,hf_train_000758
taufiktrf/AQUA20,train,759,train,0,coral,hf_train_000759
taufiktrf/AQUA20,train,760,train,0,coral,hf_train_000760
taufiktrf/AQUA20,train,761,train,0,coral,hf_train_000761
taufiktrf/AQUA20,train,762,train,0,coral,hf_train_000762
taufiktrf/AQUA20,train,764,train,0,coral,hf_train_000764
taufiktrf/AQUA20,train,765,train,0,coral,hf_train_000765
taufiktrf/AQUA20,train,767,train,0,coral,hf_train_000767
taufiktrf/AQUA20,train,768,train,0,coral,hf_train_000768
taufiktrf/AQUA20,train,770,train,0,coral,hf_train_000770
taufiktrf/AQUA20,train,771,train,0,coral,hf_train_000771
taufiktrf/AQUA20,train,772,train,0,coral,hf_train_000772
taufiktrf/AQUA20,train,773,train,0,coral,hf_train_000773
taufiktrf/AQUA20,train,774,train,0,coral,hf_train_000774
taufiktrf/AQUA20,train,777,train,0,coral,hf_train_000777
taufiktrf/AQUA20,train,778,train,0,coral,hf_train_000778
taufiktrf/AQUA20,train,780,train,0,coral,hf_train_000780
taufiktrf/AQUA20,train,781,train,0,coral,hf_train_000781
taufiktrf/AQUA20,train,782,train,0,coral,hf_train_000782
taufiktrf/AQUA20,train,783,train,0,coral,hf_train_000783
taufiktrf/AQUA20,train,784,train,0,coral,hf_train_000784
taufiktrf/AQUA20,train,785,train,0,coral,hf_train_000785
taufiktrf/AQUA20,train,786,train,0,coral,hf_train_000786
taufiktrf/AQUA20,train,787,train,0,coral,hf_train_000787
taufiktrf/AQUA20,train,788,train,0,coral,hf_train_000788
taufiktrf/AQUA20,train,789,train,0,coral,hf_train_000789
taufiktrf/AQUA20,train,790,train,0,coral,hf_train_000790
taufiktrf/AQUA20,train,792,train,0,coral,hf_train_000792
taufiktrf/AQUA20,train,793,train,0,coral,hf_train_000793
taufiktrf/AQUA20,train,796,train,0,coral,hf_train_000796
taufiktrf/AQUA20,train,798,train,0,coral,hf_train_000798
taufiktrf/AQUA20,train,799,train,0,coral,hf_train_000799
taufiktrf/AQUA20,train,801,train,0,coral,hf_train_000801
taufiktrf/AQUA20,train,802,train,0,coral,hf_train_000802
taufiktrf/AQUA20,train,803,train,0,coral,hf_train_000803
taufiktrf/AQUA20,train,806,train,0,coral,hf_train_000806
taufiktrf/AQUA20,train,807,train,0,coral,hf_train_000807
taufiktrf/AQUA20,train,808,train,0,coral,hf_train_000808
taufiktrf/AQUA20,train,809,train,0,coral,hf_train_000809
taufiktrf/AQUA20,train,810,train,0,coral,hf_train_000810
taufiktrf/AQUA20,train,811,train,0,coral,hf_train_000811
taufiktrf/AQUA20,train,812,train,0,coral,hf_train_000812
taufiktrf/AQUA20,train,813,train,0,coral,hf_train_000813
taufiktrf/AQUA20,train,814,train,0,coral,hf_train_000814
taufiktrf/AQUA20,train,816,train,0,coral,hf_train_000816
taufiktrf/AQUA20,train,817,train,0,coral,hf_train_000817
taufiktrf/AQUA20,train,818,train,0,coral,hf_train_000818
taufiktrf/AQUA20,train,819,train,0,coral,hf_train_000819
taufiktrf/AQUA20,train,820,train,0,coral,hf_train_000820
taufiktrf/AQUA20,train,822,train,0,coral,hf_train_000822
taufiktrf/AQUA20,train,823,train,0,coral,hf_train_000823
taufiktrf/AQUA20,train,824,train,0,coral,hf_train_000824
taufiktrf/AQUA20,train,825,train,0,coral,hf_train_000825
taufiktrf/AQUA20,train,826,train,0,coral,hf_train_000826
taufiktrf/AQUA20,train,827,train,0,coral,hf_train_000827
taufiktrf/AQUA20,train,828,train,0,coral,hf_train_000828
taufiktrf/AQUA20,train,829,train,0,coral,hf_train_000829
taufiktrf/AQUA20,train,830,train,0,coral,hf_train_000830
taufiktrf/AQUA20,train,832,train,0,coral,hf_train_000832
taufiktrf/AQUA20,train,833,train,0,coral,hf_train_000833
taufiktrf/AQUA20,train,834,train,0,coral,hf_train_000834
taufiktrf/AQUA20,train,836,train,0,coral,hf_train_000836
taufiktrf/AQUA20,train,837,train,0,coral,hf_train_000837
taufiktrf/AQUA20,train,838,train,0,coral,hf_train_000838
taufiktrf/AQUA20,train,839,train,0,coral,hf_train_000839
taufiktrf/AQUA20,train,841,train,0,coral,hf_train_000841
taufiktrf/AQUA20,train,842,train,0,coral,hf_train_000842
taufiktrf/AQUA20,train,843,train,0,coral,hf_train_000843
taufiktrf/AQUA20,train,844,train,0,coral,hf_train_000844
taufiktrf/AQUA20,train,845,train,0,coral,hf_train_000845
taufiktrf/AQUA20,train,846,train,0,coral,hf_train_000846
taufiktrf/AQUA20,train,847,train,0,coral,hf_train_000847
taufiktrf/AQUA20,train,848,train,0,coral,hf_train_000848
taufiktrf/AQUA20,train,849,train,0,coral,hf_train_000849
taufiktrf/AQUA20,train,850,train,0,coral,hf_train_000850
taufiktrf/AQUA20,train,851,train,0,coral,hf_train_000851
taufiktrf/AQUA20,train,852,train,0,coral,hf_train_000852
taufiktrf/AQUA20,train,853,train,0,coral,hf_train_000853
taufiktrf/AQUA20,train,855,train,0,coral,hf_train_000855
taufiktrf/AQUA20,train,857,train,0,coral,hf_train_000857
taufiktrf/AQUA20,train,858,train,0,coral,hf_train_000858
taufiktrf/AQUA20,train,859,train,0,coral,hf_train_000859
taufiktrf/AQUA20,train,861,train,0,coral,hf_train_000861
taufiktrf/AQUA20,train,862,train,0,coral,hf_train_000862
taufiktrf/AQUA20,train,864,train,0,coral,hf_train_000864
taufiktrf/AQUA20,train,865,train,0,coral,hf_train_000865
taufiktrf/AQUA20,train,866,train,0,coral,hf_train_000866
taufiktrf/AQUA20,train,867,train,0,coral,hf_train_000867
taufiktrf/AQUA20,train,868,train,0,coral,hf_train_000868
taufiktrf/AQUA20,train,869,train,0,coral,hf_train_000869
taufiktrf/AQUA20,train,872,train,0,coral,hf_train_000872
taufiktrf/AQUA20,train,873,train,0,coral,hf_train_000873
taufiktrf/AQUA20,train,874,train,0,coral,hf_train_000874
taufiktrf/AQUA20,train,875,train,0,coral,hf_train_000875
taufiktrf/AQUA20,train,876,train,0,coral,hf_train_000876
taufiktrf/AQUA20,train,879,train,0,coral,hf_train_000879
taufiktrf/AQUA20,train,881,train,0,coral,hf_train_000881
taufiktrf/AQUA20,train,882,train,0,coral,hf_train_000882
taufiktrf/AQUA20,train,884,train,0,coral,hf_train_000884
taufiktrf/AQUA20,train,885,train,0,coral,hf_train_000885
taufiktrf/AQUA20,train,886,train,0,coral,hf_train_000886
taufiktrf/AQUA20,train,887,train,0,coral,hf_train_000887
taufiktrf/AQUA20,train,888,train,0,coral,hf_train_000888
taufiktrf/AQUA20,train,889,train,0,coral,hf_train_000889
taufiktrf/AQUA20,train,890,train,0,coral,hf_train_000890
taufiktrf/AQUA20,train,892,train,0,coral,hf_train_000892
taufiktrf/AQUA20,train,893,train,0,coral,hf_train_000893
taufiktrf/AQUA20,train,894,train,0,coral,hf_train_000894
taufiktrf/AQUA20,train,895,train,0,coral,hf_train_000895
taufiktrf/AQUA20,train,898,train,0,coral,hf_train_000898
taufiktrf/AQUA20,train,899,train,0,coral,hf_train_000899
taufiktrf/AQUA20,train,900,train,0,coral,hf_train_000900
taufiktrf/AQUA20,train,901,train,0,coral,hf_train_000901
taufiktrf/AQUA20,train,902,train,0,coral,hf_train_000902
taufiktrf/AQUA20,train,903,train,0,coral,hf_train_000903
taufiktrf/AQUA20,train,904,train,0,coral,hf_train_000904
taufiktrf/AQUA20,train,905,train,0,coral,hf_train_000905
taufiktrf/AQUA20,train,906,train,0,coral,hf_train_000906
taufiktrf/AQUA20,train,907,train,0,coral,hf_train_000907
taufiktrf/AQUA20,train,908,train,0,coral,hf_train_000908
taufiktrf/AQUA20,train,909,train,0,coral,hf_train_000909
taufiktrf/AQUA20,train,910,train,0,coral,hf_train_000910
taufiktrf/AQUA20,train,911,train,0,coral,hf_train_000911
taufiktrf/AQUA20,train,912,train,0,coral,hf_train_000912
taufiktrf/AQUA20,train,914,train,0,coral,hf_train_000914
taufiktrf/AQUA20,train,915,train,0,coral,hf_train_000915
taufiktrf/AQUA20,train,916,train,0,coral,hf_train_000916
taufiktrf/AQUA20,train,917,train,0,coral,hf_train_000917
taufiktrf/AQUA20,train,918,train,0,coral,hf_train_000918
taufiktrf/AQUA20,train,919,train,0,coral,hf_train_000919
taufiktrf/AQUA20,train,920,train,0,coral,hf_train_000920
taufiktrf/AQUA20,train,921,train,0,coral,hf_train_000921
taufiktrf/AQUA20,train,922,train,0,coral,hf_train_000922
taufiktrf/AQUA20,train,923,train,0,coral,hf_train_000923
taufiktrf/AQUA20,train,924,train,0,coral,hf_train_000924
taufiktrf/AQUA20,train,925,train,0,coral,hf_train_000925
taufiktrf/AQUA20,train,926,train,0,coral,hf_train_000926
taufiktrf/AQUA20,train,927,train,0,coral,hf_train_000927
taufiktrf/AQUA20,train,930,train,0,coral,hf_train_000930
taufiktrf/AQUA20,train,931,train,0,coral,hf_train_000931
taufiktrf/AQUA20,train,932,train,0,coral,hf_train_000932
taufiktrf/AQUA20,train,933,train,0,coral,hf_train_000933
taufiktrf/AQUA20,train,934,train,0,coral,hf_train_000934
taufiktrf/AQUA20,train,935,train,0,coral,hf_train_000935
taufiktrf/AQUA20,train,936,train,0,coral,hf_train_000936
taufiktrf/AQUA20,train,937,train,0,coral,hf_train_000937
taufiktrf/AQUA20,train,938,train,0,coral,hf_train_000938
taufiktrf/AQUA20,train,939,train,0,coral,hf_train_000939
taufiktrf/AQUA20,train,940,train,0,coral,hf_train_000940
taufiktrf/AQUA20,train,941,train,0,coral,hf_train_000941
taufiktrf/AQUA20,train,942,train,0,coral,hf_train_000942
taufiktrf/AQUA20,train,943,train,0,coral,hf_train_000943
taufiktrf/AQUA20,train,944,train,0,coral,hf_train_000944
taufiktrf/AQUA20,train,945,train,0,coral,hf_train_000945
taufiktrf/AQUA20,train,946,train,0,coral,hf_train_000946
taufiktrf/AQUA20,train,947,train,0,coral,hf_train_000947
taufiktrf/AQUA20,train,948,train,0,coral,hf_train_000948
taufiktrf/AQUA20,train,949,train,0,coral,hf_train_000949
taufiktrf/AQUA20,train,950,train,0,coral,hf_train_000950
taufiktrf/AQUA20,train,952,train,0,coral,hf_train_000952
taufiktrf/AQUA20,train,953,train,0,coral,hf_train_000953
taufiktrf/AQUA20,train,958,train,0,coral,hf_train_000958
taufiktrf/AQUA20,train,961,train,0,coral,hf_train_000961
taufiktrf/AQUA20,train,962,train,0,coral,hf_train_000962
taufiktrf/AQUA20,train,963,train,0,coral,hf_train_000963
taufiktrf/AQUA20,train,964,train,0,coral,hf_train_000964
taufiktrf/AQUA20,train,965,train,0,coral,hf_train_000965
taufiktrf/AQUA20,train,966,train,0,coral,hf_train_000966
taufiktrf/AQUA20,train,967,train,0,coral,hf_train_000967
taufiktrf/AQUA20,train,968,train,0,coral,hf_train_000968
taufiktrf/AQUA20,train,969,train,0,coral,hf_train_000969
taufiktrf/AQUA20,train,970,train,0,coral,hf_train_000970
taufiktrf/AQUA20,train,971,train,0,coral,hf_train_000971
taufiktrf/AQUA20,train,973,train,0,coral,hf_train_000973
taufiktrf/AQUA20,train,974,train,0,coral,hf_train_000974
taufiktrf/AQUA20,train,976,train,0,coral,hf_train_000976
taufiktrf/AQUA20,train,977,train,0,coral,hf_train_000977
taufiktrf/AQUA20,train,978,train,0,coral,hf_train_000978
taufiktrf/AQUA20,train,979,train,0,coral,hf_train_000979
taufiktrf/AQUA20,train,980,train,0,coral,hf_train_000980
taufiktrf/AQUA20,train,982,train,0,coral,hf_train_000982
taufiktrf/AQUA20,train,983,train,0,coral,hf_train_000983
taufiktrf/AQUA20,train,984,train,0,coral,hf_train_000984
taufiktrf/AQUA20,train,985,train,0,coral,hf_train_000985
taufiktrf/AQUA20,train,986,train,0,coral,hf_train_000986
taufiktrf/AQUA20,train,987,train,0,coral,hf_train_000987
taufiktrf/AQUA20,train,988,train,0,coral,hf_train_000988
taufiktrf/AQUA20,train,989,train,0,coral,hf_train_000989
taufiktrf/AQUA20,train,990,train,0,coral,hf_train_000990
taufiktrf/AQUA20,train,991,train,0,coral,hf_train_000991
taufiktrf/AQUA20,train,992,train,0,coral,hf_train_000992
taufiktrf/AQUA20,train,993,train,0,coral,hf_train_000993
taufiktrf/AQUA20,train,994,train,0,coral,hf_train_000994
taufiktrf/AQUA20,train,996,train,0,coral,hf_train_000996
taufiktrf/AQUA20,train,997,train,0,coral,hf_train_000997
taufiktrf/AQUA20,train,998,train,0,coral,hf_train_000998
taufiktrf/AQUA20,train,999,train,0,coral,hf_train_000999
taufiktrf/AQUA20,train,1000,train,0,coral,hf_train_001000
taufiktrf/AQUA20,train,1001,train,0,coral,hf_train_001001
taufiktrf/AQUA20,train,1002,train,0,coral,hf_train_001002
taufiktrf/AQUA20,train,1003,train,0,coral,hf_train_001003
taufiktrf/AQUA20,train,1004,train,0,coral,hf_train_001004
taufiktrf/AQUA20,train,1005,train,0,coral,hf_train_001005
taufiktrf/AQUA20,train,1006,train,0,coral,hf_train_001006
taufiktrf/AQUA20,train,1007,train,0,coral,hf_train_001007
taufiktrf/AQUA20,train,1008,train,0,coral,hf_train_001008
taufiktrf/AQUA20,train,1009,train,0,coral,hf_train_001009
taufiktrf/AQUA20,train,1010,train,0,coral,hf_train_001010
taufiktrf/AQUA20,train,1011,train,0,coral,hf_train_001011
taufiktrf/AQUA20,train,1013,train,0,coral,hf_train_001013
taufiktrf/AQUA20,train,1015,train,0,coral,hf_train_001015
taufiktrf/AQUA20,train,1018,train,0,coral,hf_train_001018
taufiktrf/AQUA20,train,1022,train,0,coral,hf_train_001022
taufiktrf/AQUA20,train,1023,train,0,coral,hf_train_001023
taufiktrf/AQUA20,train,1024,train,0,coral,hf_train_001024
taufiktrf/AQUA20,train,1026,train,0,coral,hf_train_001026
taufiktrf/AQUA20,train,1027,train,0,coral,hf_train_001027
taufiktrf/AQUA20,train,1029,train,0,coral,hf_train_001029
taufiktrf/AQUA20,train,1030,train,0,coral,hf_train_001030
taufiktrf/AQUA20,train,1031,train,0,coral,hf_train_001031
taufiktrf/AQUA20,train,1032,train,0,coral,hf_train_001032
taufiktrf/AQUA20,train,1033,train,0,coral,hf_train_001033
taufiktrf/AQUA20,train,1034,train,0,coral,hf_train_001034
taufiktrf/AQUA20,train,1035,train,0,coral,hf_train_001035
taufiktrf/AQUA20,train,1036,train,0,coral,hf_train_001036
taufiktrf/AQUA20,train,1037,train,0,coral,hf_train_001037
taufiktrf/AQUA20,train,1039,train,0,coral,hf_train_001039
taufiktrf/AQUA20,train,1040,train,0,coral,hf_train_001040
taufiktrf/AQUA20,train,1041,train,0,coral,hf_train_001041
taufiktrf/AQUA20,train,1042,train,0,coral,hf_train_001042
taufiktrf/AQUA20,train,1043,train,0,coral,hf_train_001043
taufiktrf/AQUA20,train,1046,train,0,coral,hf_train_001046
taufiktrf/AQUA20,train,1047,train,0,coral,hf_train_001047
taufiktrf/AQUA20,train,1048,train,0,coral,hf_train_001048
taufiktrf/AQUA20,train,1049,train,0,coral,hf_train_001049
taufiktrf/AQUA20,train,1050,train,0,coral,hf_train_001050
taufiktrf/AQUA20,train,1052,train,0,coral,hf_train_001052
taufiktrf/AQUA20,train,1053,train,0,coral,hf_train_001053
taufiktrf/AQUA20,train,1054,train,0,coral,hf_train_001054
taufiktrf/AQUA20,train,1055,train,0,coral,hf_train_001055
taufiktrf/AQUA20,train,1057,train,0,coral,hf_train_001057
taufiktrf/AQUA20,train,1058,train,0,coral,hf_train_001058
taufiktrf/AQUA20,train,1061,train,0,coral,hf_train_001061
taufiktrf/AQUA20,train,1062,train,0,coral,hf_train_001062
taufiktrf/AQUA20,train,1063,train,0,coral,hf_train_001063
taufiktrf/AQUA20,train,1065,train,0,coral,hf_train_001065
taufiktrf/AQUA20,train,1066,train,0,coral,hf_train_001066
taufiktrf/AQUA20,train,1067,train,0,coral,hf_train_001067
taufiktrf/AQUA20,train,1068,train,0,coral,hf_train_001068
taufiktrf/AQUA20,train,1069,train,0,coral,hf_train_001069
taufiktrf/AQUA20,train,1070,train,0,coral,hf_train_001070
taufiktrf/AQUA20,train,1073,train,0,coral,hf_train_001073
taufiktrf/AQUA20,train,1074,train,0,coral,hf_train_001074
taufiktrf/AQUA20,train,1075,train,0,coral,hf_train_001075
taufiktrf/AQUA20,train,1077,train,0,coral,hf_train_001077
taufiktrf/AQUA20,train,1078,train,0,coral,hf_train_001078
taufiktrf/AQUA20,train,1079,train,0,coral,hf_train_001079
taufiktrf/AQUA20,train,1080,train,0,coral,hf_train_001080
taufiktrf/AQUA20,train,1081,train,0,coral,hf_train_001081
taufiktrf/AQUA20,train,1083,train,0,coral,hf_train_001083
taufiktrf/AQUA20,train,1084,train,0,coral,hf_train_001084
taufiktrf/AQUA20,train,1085,train,0,coral,hf_train_001085
taufiktrf/AQUA20,train,1087,train,0,coral,hf_train_001087
taufiktrf/AQUA20,train,1088,train,0,coral,hf_train_001088
taufiktrf/AQUA20,train,1089,train,0,coral,hf_train_001089
taufiktrf/AQUA20,train,1090,train,0,coral,hf_train_001090
taufiktrf/AQUA20,train,1091,train,0,coral,hf_train_001091
taufiktrf/AQUA20,train,1092,train,0,coral,hf_train_001092
taufiktrf/AQUA20,train,1093,train,0,coral,hf_train_001093
taufiktrf/AQUA20,train,1094,train,0,coral,hf_train_001094
taufiktrf/AQUA20,train,1096,train,0,coral,hf_train_001096
taufiktrf/AQUA20,train,1097,train,0,coral,hf_train_001097
taufiktrf/AQUA20,train,1098,train,0,coral,hf_train_001098
taufiktrf/AQUA20,train,1099,train,0,coral,hf_train_001099
taufiktrf/AQUA20,train,1100,train,0,coral,hf_train_001100
taufiktrf/AQUA20,train,1101,train,0,coral,hf_train_001101
taufiktrf/AQUA20,train,1102,train,0,coral,hf_train_001102
taufiktrf/AQUA20,train,1103,train,0,coral,hf_train_001103
taufiktrf/AQUA20,train,1105,train,0,coral,hf_train_001105
taufiktrf/AQUA20,train,1106,train,0,coral,hf_train_001106
taufiktrf/AQUA20,train,1107,train,0,coral,hf_train_001107
taufiktrf/AQUA20,train,1108,train,0,coral,hf_train_001108
taufiktrf/AQUA20,train,1110,train,0,coral,hf_train_001110
taufiktrf/AQUA20,train,1111,train,0,coral,hf_train_001111
taufiktrf/AQUA20,train,1112,train,0,coral,hf_train_001112
taufiktrf/AQUA20,train,1113,train,0,coral,hf_train_001113
taufiktrf/AQUA20,train,1114,train,0,coral,hf_train_001114
taufiktrf/AQUA20,train,1115,train,0,coral,hf_train_001115
taufiktrf/AQUA20,train,1116,train,0,coral,hf_train_001116
taufiktrf/AQUA20,train,1117,train,0,coral,hf_train_001117
taufiktrf/AQUA20,train,1118,train,0,coral,hf_train_001118
taufiktrf/AQUA20,train,1119,train,0,coral,hf_train_001119
taufiktrf/AQUA20,train,1120,train,0,coral,hf_train_001120
taufiktrf/AQUA20,train,1121,train,0,coral,hf_train_001121
taufiktrf/AQUA20,train,1124,train,0,coral,hf_train_001124
taufiktrf/AQUA20,train,1125,train,0,coral,hf_train_001125
taufiktrf/AQUA20,train,1126,train,0,coral,hf_train_001126
taufiktrf/AQUA20,train,1127,train,0,coral,hf_train_001127
taufiktrf/AQUA20,train,1128,train,0,coral,hf_train_001128
taufiktrf/AQUA20,train,1131,train,0,coral,hf_train_001131
taufiktrf/AQUA20,train,1132,train,0,coral,hf_train_001132
taufiktrf/AQUA20,train,1133,train,0,coral,hf_train_001133
taufiktrf/AQUA20,train,1134,train,0,coral,hf_train_001134
taufiktrf/AQUA20,train,1137,train,0,coral,hf_train_001137
taufiktrf/AQUA20,train,1138,train,0,coral,hf_train_001138
taufiktrf/AQUA20,train,1139,train,0,coral,hf_train_001139
taufiktrf/AQUA20,train,1140,train,0,coral,hf_train_001140
taufiktrf/AQUA20,train,1141,train,0,coral,hf_train_001141
taufiktrf/AQUA20,train,1142,train,0,coral,hf_train_001142
taufiktrf/AQUA20,train,1144,train,0,coral,hf_train_001144
taufiktrf/AQUA20,train,1145,train,0,coral,hf_train_001145
taufiktrf/AQUA20,train,1146,train,0,coral,hf_train_001146
taufiktrf/AQUA20,train,1148,train,0,coral,hf_train_001148
taufiktrf/AQUA20,train,1149,train,0,coral,hf_train_001149
taufiktrf/AQUA20,train,1150,train,0,coral,hf_train_001150
taufiktrf/AQUA20,train,1151,train,0,coral,hf_train_001151
taufiktrf/AQUA20,train,1155,train,0,coral,hf_train_001155
taufiktrf/AQUA20,train,1156,train,0,coral,hf_train_001156
taufiktrf/AQUA20,train,1157,train,0,coral,hf_train_001157
taufiktrf/AQUA20,train,1159,train,0,coral,hf_train_001159
taufiktrf/AQUA20,train,1160,train,0,coral,hf_train_001160
taufiktrf/AQUA20,train,1161,train,0,coral,hf_train_001161
taufiktrf/AQUA20,train,1163,train,0,coral,hf_train_001163
taufiktrf/AQUA20,train,1164,train,0,coral,hf_train_001164
taufiktrf/AQUA20,train,1165,train,0,coral,hf_train_001165
taufiktrf/AQUA20,train,1166,train,0,coral,hf_train_001166
taufiktrf/AQUA20,train,1167,train,0,coral,hf_train_001167
taufiktrf/AQUA20,train,1168,train,0,coral,hf_train_001168
taufiktrf/AQUA20,train,1169,train,0,coral,hf_train_001169
taufiktrf/AQUA20,train,1170,train,0,coral,hf_train_001170
taufiktrf/AQUA20,train,1172,train,0,coral,hf_train_001172
taufiktrf/AQUA20,train,1173,train,0,coral,hf_train_001173
taufiktrf/AQUA20,train,1174,train,0,coral,hf_train_001174
taufiktrf/AQUA20,train,1175,train,0,coral,hf_train_001175
taufiktrf/AQUA20,train,1176,train,0,coral,hf_train_001176
taufiktrf/AQUA20,train,1177,train,0,coral,hf_train_001177
taufiktrf/AQUA20,train,1178,train,0,coral,hf_train_001178
taufiktrf/AQUA20,train,1179,train,0,coral,hf_train_001179
taufiktrf/AQUA20,train,1181,train,0,coral,hf_train_001181
taufiktrf/AQUA20,train,1182,train,0,coral,hf_train_001182
taufiktrf/AQUA20,train,1185,train,0,coral,hf_train_001185
taufiktrf/AQUA20,train,1187,train,0,coral,hf_train_001187
taufiktrf/AQUA20,train,1188,train,0,coral,hf_train_001188
taufiktrf/AQUA20,train,1189,train,0,coral,hf_train_001189
taufiktrf/AQUA20,train,1190,train,0,coral,hf_train_001190
taufiktrf/AQUA20,train,1191,train,0,coral,hf_train_001191
taufiktrf/AQUA20,train,1192,train,0,coral,hf_train_001192
taufiktrf/AQUA20,train,1193,train,0,coral,hf_train_001193
taufiktrf/AQUA20,train,1196,train,0,coral,hf_train_001196
taufiktrf/AQUA20,train,1197,train,0,coral,hf_train_001197
taufiktrf/AQUA20,train,1198,train,0,coral,hf_train_001198
taufiktrf/AQUA20,train,1199,train,0,coral,hf_train_001199
taufiktrf/AQUA20,train,1200,train,0,coral,hf_train_001200
taufiktrf/AQUA20,train,1201,train,0,coral,hf_train_001201
taufiktrf/AQUA20,train,1202,train,0,coral,hf_train_001202
taufiktrf/AQUA20,train,1203,train,0,coral,hf_train_001203
taufiktrf/AQUA20,train,1204,train,0,coral,hf_train_001204
taufiktrf/AQUA20,train,1205,train,0,coral,hf_train_001205
taufiktrf/AQUA20,train,1206,train,0,coral,hf_train_001206
taufiktrf/AQUA20,train,1208,train,0,coral,hf_train_001208
taufiktrf/AQUA20,train,1209,train,0,coral,hf_train_001209
taufiktrf/AQUA20,train,1210,train,0,coral,hf_train_001210
taufiktrf/AQUA20,train,1211,train,0,coral,hf_train_001211
taufiktrf/AQUA20,train,1212,train,0,coral,hf_train_001212
taufiktrf/AQUA20,train,1213,train,0,coral,hf_train_001213
taufiktrf/AQUA20,train,1214,train,0,coral,hf_train_001214
taufiktrf/AQUA20,train,1216,train,0,coral,hf_train_001216
taufiktrf/AQUA20,train,1217,train,0,coral,hf_train_001217
taufiktrf/AQUA20,train,1219,train,0,coral,hf_train_001219
taufiktrf/AQUA20,train,1220,train,0,coral,hf_train_001220
taufiktrf/AQUA20,train,1221,train,0,coral,hf_train_001221
taufiktrf/AQUA20,train,1222,train,0,coral,hf_train_001222
taufiktrf/AQUA20,train,1223,train,0,coral,hf_train_001223
taufiktrf/AQUA20,train,1225,train,0,coral,hf_train_001225
taufiktrf/AQUA20,train,1226,train,0,coral,hf_train_001226
taufiktrf/AQUA20,train,1227,train,0,coral,hf_train_001227
taufiktrf/AQUA20,train,1228,train,0,coral,hf_train_001228
taufiktrf/AQUA20,train,1229,train,0,coral,hf_train_001229
taufiktrf/AQUA20,train,1230,train,0,coral,hf_train_001230
taufiktrf/AQUA20,train,1231,train,0,coral,hf_train_001231
taufiktrf/AQUA20,train,1232,train,0,coral,hf_train_001232
taufiktrf/AQUA20,train,1233,train,0,coral,hf_train_001233
taufiktrf/AQUA20,train,1234,train,0,coral,hf_train_001234
taufiktrf/AQUA20,train,1235,train,0,coral,hf_train_001235
taufiktrf/AQUA20,train,1236,train,0,coral,hf_train_001236
taufiktrf/AQUA20,train,1237,train,0,coral,hf_train_001237
taufiktrf/AQUA20,train,1239,train,0,coral,hf_train_001239
taufiktrf/AQUA20,train,1240,train,0,coral,hf_train_001240
taufiktrf/AQUA20,train,1242,train,0,coral,hf_train_001242
taufiktrf/AQUA20,train,1243,train,0,coral,hf_train_001243
taufiktrf/AQUA20,train,1244,train,0,coral,hf_train_001244
taufiktrf/AQUA20,train,1245,train,0,coral,hf_train_001245
taufiktrf/AQUA20,train,1246,train,0,coral,hf_train_001246
taufiktrf/AQUA20,train,1247,train,0,coral,hf_train_001247
taufiktrf/AQUA20,train,1249,train,0,coral,hf_train_001249
taufiktrf/AQUA20,train,1251,train,0,coral,hf_train_001251
taufiktrf/AQUA20,train,1252,train,0,coral,hf_train_001252
taufiktrf/AQUA20,train,1253,train,0,coral,hf_train_001253
taufiktrf/AQUA20,train,1255,train,0,coral,hf_train_001255
taufiktrf/AQUA20,train,1258,train,0,coral,hf_train_001258
taufiktrf/AQUA20,train,1259,train,0,coral,hf_train_001259
taufiktrf/AQUA20,train,1260,train,0,coral,hf_train_001260
taufiktrf/AQUA20,train,1261,train,0,coral,hf_train_001261
taufiktrf/AQUA20,train,1262,train,0,coral,hf_train_001262
taufiktrf/AQUA20,train,1263,train,0,coral,hf_train_001263
taufiktrf/AQUA20,train,1265,train,0,coral,hf_train_001265
taufiktrf/AQUA20,train,1268,train,0,coral,hf_train_001268
taufiktrf/AQUA20,train,1269,train,0,coral,hf_train_001269
taufiktrf/AQUA20,train,1270,train,0,coral,hf_train_001270
taufiktrf/AQUA20,train,1271,train,0,coral,hf_train_001271
taufiktrf/AQUA20,train,1272,train,0,coral,hf_train_001272
taufiktrf/AQUA20,train,1273,train,0,coral,hf_train_001273
taufiktrf/AQUA20,train,1274,train,0,coral,hf_train_001274
taufiktrf/AQUA20,train,1276,train,0,coral,hf_train_001276
taufiktrf/AQUA20,train,1277,train,0,coral,hf_train_001277
taufiktrf/AQUA20,train,1278,train,0,coral,hf_train_001278
taufiktrf/AQUA20,train,1280,train,0,coral,hf_train_001280
taufiktrf/AQUA20,train,1281,train,0,coral,hf_train_001281
taufiktrf/AQUA20,train,1283,train,0,coral,hf_train_001283
taufiktrf/AQUA20,train,1284,train,0,coral,hf_train_001284
taufiktrf/AQUA20,train,1285,train,0,coral,hf_train_001285
taufiktrf/AQUA20,train,1286,train,0,coral,hf_train_001286
taufiktrf/AQUA20,train,1287,train,0,coral,hf_train_001287
taufiktrf/AQUA20,train,1288,train,0,coral,hf_train_001288
taufiktrf/AQUA20,train,1289,train,0,coral,hf_train_001289
taufiktrf/AQUA20,train,1290,train,0,coral,hf_train_001290
taufiktrf/AQUA20,train,1292,train,0,coral,hf_train_001292
taufiktrf/AQUA20,train,1293,train,0,coral,hf_train_001293
taufiktrf/AQUA20,train,1295,train,0,coral,hf_train_001295
taufiktrf/AQUA20,train,1296,train,0,coral,hf_train_001296
taufiktrf/AQUA20,train,1298,train,0,coral,hf_train_001298
taufiktrf/AQUA20,train,1299,train,0,coral,hf_train_001299
taufiktrf/AQUA20,train,1300,train,0,coral,hf_train_001300
taufiktrf/AQUA20,train,1301,train,0,coral,hf_train_001301
taufiktrf/AQUA20,train,1302,train,0,coral,hf_train_001302
taufiktrf/AQUA20,train,1303,train,0,coral,hf_train_001303
taufiktrf/AQUA20,train,1305,train,0,coral,hf_train_001305
taufiktrf/AQUA20,train,1307,train,0,coral,hf_train_001307
taufiktrf/AQUA20,train,1308,train,0,coral,hf_train_001308
taufiktrf/AQUA20,train,1309,train,0,coral,hf_train_001309
taufiktrf/AQUA20,train,1310,train,0,coral,hf_train_001310
taufiktrf/AQUA20,train,1313,train,0,coral,hf_train_001313
taufiktrf/AQUA20,train,1314,train,0,coral,hf_train_001314
taufiktrf/AQUA20,train,1315,train,0,coral,hf_train_001315
taufiktrf/AQUA20,train,1316,train,0,coral,hf_train_001316
taufiktrf/AQUA20,train,1317,train,0,coral,hf_train_001317
taufiktrf/AQUA20,train,1318,train,0,coral,hf_train_001318
taufiktrf/AQUA20,train,1319,train,0,coral,hf_train_001319
taufiktrf/AQUA20,train,1320,train,0,coral,hf_train_001320
taufiktrf/AQUA20,train,1321,train,0,coral,hf_train_001321
taufiktrf/AQUA20,train,1322,train,0,coral,hf_train_001322
taufiktrf/AQUA20,train,1323,train,0,coral,hf_train_001323
taufiktrf/AQUA20,train,1324,train,0,coral,hf_train_001324
taufiktrf/AQUA20,train,1326,train,0,coral,hf_train_001326
taufiktrf/AQUA20,train,1327,train,0,coral,hf_train_001327
taufiktrf/AQUA20,train,1328,train,0,coral,hf_train_001328
taufiktrf/AQUA20,train,1329,train,0,coral,hf_train_001329
taufiktrf/AQUA20,train,1330,train,0,coral,hf_train_001330
taufiktrf/AQUA20,train,1331,train,0,coral,hf_train_001331
taufiktrf/AQUA20,train,1334,train,0,coral,hf_train_001334
taufiktrf/AQUA20,train,1335,train,0,coral,hf_train_001335
taufiktrf/AQUA20,train,1336,train,0,coral,hf_train_001336
taufiktrf/AQUA20,train,1338,train,0,coral,hf_train_001338
taufiktrf/AQUA20,train,1339,train,0,coral,hf_train_001339
taufiktrf/AQUA20,train,1340,train,0,coral,hf_train_001340
taufiktrf/AQUA20,train,1342,train,0,coral,hf_train_001342
taufiktrf/AQUA20,train,1343,train,0,coral,hf_train_001343
taufiktrf/AQUA20,train,1344,train,0,coral,hf_train_001344
taufiktrf/AQUA20,train,1345,train,0,coral,hf_train_001345
taufiktrf/AQUA20,train,1346,train,0,coral,hf_train_001346
taufiktrf/AQUA20,train,1347,train,0,coral,hf_train_001347
taufiktrf/AQUA20,train,1348,train,0,coral,hf_train_001348
taufiktrf/AQUA20,train,1350,train,0,coral,hf_train_001350
taufiktrf/AQUA20,train,1351,train,0,coral,hf_train_001351
taufiktrf/AQUA20,train,1352,train,0,coral,hf_train_001352
taufiktrf/AQUA20,train,1353,train,0,coral,hf_train_001353
taufiktrf/AQUA20,train,1355,train,0,coral,hf_train_001355
taufiktrf/AQUA20,train,1356,train,0,coral,hf_train_001356
taufiktrf/AQUA20,train,1357,train,0,coral,hf_train_001357
taufiktrf/AQUA20,train,1358,train,0,coral,hf_train_001358
taufiktrf/AQUA20,train,1359,train,0,coral,hf_train_001359
taufiktrf/AQUA20,train,1360,train,0,coral,hf_train_001360
taufiktrf/AQUA20,train,1361,train,0,coral,hf_train_001361
taufiktrf/AQUA20,train,1362,train,0,coral,hf_train_001362
taufiktrf/AQUA20,train,1364,train,0,coral,hf_train_001364
taufiktrf/AQUA20,train,1365,train,0,coral,hf_train_001365
taufiktrf/AQUA20,train,1366,train,0,coral,hf_train_001366
taufiktrf/AQUA20,train,1368,train,0,coral,hf_train_001368
taufiktrf/AQUA20,train,1370,train,0,coral,hf_train_001370
taufiktrf/AQUA20,train,1374,train,0,coral,hf_train_001374
taufiktrf/AQUA20,train,1375,train,0,coral,hf_train_001375
taufiktrf/AQUA20,train,1376,train,0,coral,hf_train_001376
taufiktrf/AQUA20,train,1378,train,0,coral,hf_train_001378
taufiktrf/AQUA20,train,1379,train,0,coral,hf_train_001379
taufiktrf/AQUA20,train,1380,train,0,coral,hf_train_001380
taufiktrf/AQUA20,train,1381,train,0,coral,hf_train_001381
taufiktrf/AQUA20,train,1382,train,0,coral,hf_train_001382
taufiktrf/AQUA20,train,1384,train,0,coral,hf_train_001384
taufiktrf/AQUA20,train,1385,train,0,coral,hf_train_001385
taufiktrf/AQUA20,train,1387,train,0,coral,hf_train_001387
taufiktrf/AQUA20,train,1388,train,0,coral,hf_train_001388
taufiktrf/AQUA20,train,1389,train,0,coral,hf_train_001389
taufiktrf/AQUA20,train,1392,train,0,coral,hf_train_001392
taufiktrf/AQUA20,train,1393,train,0,coral,hf_train_001393
taufiktrf/AQUA20,train,1394,train,0,coral,hf_train_001394
taufiktrf/AQUA20,train,1395,train,0,coral,hf_train_001395
taufiktrf/AQUA20,train,1397,train,0,coral,hf_train_001397
taufiktrf/AQUA20,train,1398,train,0,coral,hf_train_001398
taufiktrf/AQUA20,train,1399,train,0,coral,hf_train_001399
taufiktrf/AQUA20,train,1400,train,0,coral,hf_train_001400
taufiktrf/AQUA20,train,1402,train,0,coral,hf_train_001402
taufiktrf/AQUA20,train,1403,train,0,coral,hf_train_001403
taufiktrf/AQUA20,train,1404,train,0,coral,hf_train_001404
taufiktrf/AQUA20,train,1405,train,0,coral,hf_train_001405
taufiktrf/AQUA20,train,1406,train,0,coral,hf_train_001406
taufiktrf/AQUA20,train,1407,train,0,coral,hf_train_001407
taufiktrf/AQUA20,train,1408,train,0,coral,hf_train_001408
taufiktrf/AQUA20,train,1409,train,0,coral,hf_train_001409
taufiktrf/AQUA20,train,1410,train,0,coral,hf_train_001410
taufiktrf/AQUA20,train,1412,train,0,coral,hf_train_001412
taufiktrf/AQUA20,train,1415,train,0,coral,hf_train_001415
taufiktrf/AQUA20,train,1416,train,0,coral,hf_train_001416
taufiktrf/AQUA20,train,1417,train,0,coral,hf_train_001417
taufiktrf/AQUA20,train,1418,train,0,coral,hf_train_001418
taufiktrf/AQUA20,train,1419,train,0,coral,hf_train_001419
taufiktrf/AQUA20,train,1420,train,0,coral,hf_train_001420
taufiktrf/AQUA20,train,1423,train,0,coral,hf_train_001423
taufiktrf/AQUA20,train,1424,train,0,coral,hf_train_001424
taufiktrf/AQUA20,train,1425,train,0,coral,hf_train_001425
taufiktrf/AQUA20,train,1426,train,0,coral,hf_train_001426
taufiktrf/AQUA20,train,1427,train,0,coral,hf_train_001427
taufiktrf/AQUA20,train,1428,train,0,coral,hf_train_001428
taufiktrf/AQUA20,train,1429,train,0,coral,hf_train_001429
taufiktrf/AQUA20,train,1432,train,0,coral,hf_train_001432
taufiktrf/AQUA20,train,1433,train,0,coral,hf_train_001433
taufiktrf/AQUA20,train,1435,train,0,coral,hf_train_001435
taufiktrf/AQUA20,train,1438,train,0,coral,hf_train_001438
taufiktrf/AQUA20,train,1439,train,0,coral,hf_train_001439
taufiktrf/AQUA20,train,1440,train,0,coral,hf_train_001440
taufiktrf/AQUA20,train,1442,train,0,coral,hf_train_001442
taufiktrf/AQUA20,train,1443,train,0,coral,hf_train_001443
taufiktrf/AQUA20,train,1445,train,0,coral,hf_train_001445
taufiktrf/AQUA20,train,1446,train,0,coral,hf_train_001446
taufiktrf/AQUA20,train,1447,train,0,coral,hf_train_001447
taufiktrf/AQUA20,train,1448,train,0,coral,hf_train_001448
taufiktrf/AQUA20,train,1449,train,0,coral,hf_train_001449
taufiktrf/AQUA20,train,1450,train,0,coral,hf_train_001450
taufiktrf/AQUA20,train,1452,train,0,coral,hf_train_001452
taufiktrf/AQUA20,train,1453,train,0,coral,hf_train_001453
taufiktrf/AQUA20,train,1454,train,0,coral,hf_train_001454
taufiktrf/AQUA20,train,1455,train,0,coral,hf_train_001455
taufiktrf/AQUA20,train,1456,train,0,coral,hf_train_001456
taufiktrf/AQUA20,train,1457,train,0,coral,hf_train_001457
taufiktrf/AQUA20,train,1458,train,0,coral,hf_train_001458
taufiktrf/AQUA20,train,1460,train,0,coral,hf_train_001460
taufiktrf/AQUA20,train,1461,train,0,coral,hf_train_001461
taufiktrf/AQUA20,train,1462,train,0,coral,hf_train_001462
taufiktrf/AQUA20,train,1464,train,0,coral,hf_train_001464
taufiktrf/AQUA20,train,1465,train,0,coral,hf_train_001465
taufiktrf/AQUA20,train,1469,train,0,coral,hf_train_001469
taufiktrf/AQUA20,train,1470,train,0,coral,hf_train_001470
taufiktrf/AQUA20,train,1472,train,0,coral,hf_train_001472
taufiktrf/AQUA20,train,1473,train,0,coral,hf_train_001473
taufiktrf/AQUA20,train,1474,train,0,coral,hf_train_001474
taufiktrf/AQUA20,train,1476,train,0,coral,hf_train_001476
taufiktrf/AQUA20,train,1477,train,0,coral,hf_train_001477
taufiktrf/AQUA20,train,1479,train,0,coral,hf_train_001479
taufiktrf/AQUA20,train,1481,train,0,coral,hf_train_001481
taufiktrf/AQUA20,train,1483,train,0,coral,hf_train_001483
taufiktrf/AQUA20,train,1484,train,0,coral,hf_train_001484
taufiktrf/AQUA20,train,1485,train,0,coral,hf_train_001485
taufiktrf/AQUA20,train,1486,train,0,coral,hf_train_001486
taufiktrf/AQUA20,train,1487,train,0,coral,hf_train_001487
taufiktrf/AQUA20,train,1490,train,0,coral,hf_train_001490
taufiktrf/AQUA20,train,1491,train,0,coral,hf_train_001491
taufiktrf/AQUA20,train,1492,train,0,coral,hf_train_001492
taufiktrf/AQUA20,train,1493,train,0,coral,hf_train_001493
taufiktrf/AQUA20,train,1494,train,0,coral,hf_train_001494
taufiktrf/AQUA20,train,1495,train,0,coral,hf_train_001495
taufiktrf/AQUA20,train,1496,train,0,coral,hf_train_001496
taufiktrf/AQUA20,train,1497,train,0,coral,hf_train_001497
taufiktrf/AQUA20,train,1498,train,0,coral,hf_train_001498
taufiktrf/AQUA20,train,1500,train,0,coral,hf_train_001500
taufiktrf/AQUA20,train,1501,train,0,coral,hf_train_001501
taufiktrf/AQUA20,train,1502,train,0,coral,hf_train_001502
taufiktrf/AQUA20,train,1503,train,0,coral,hf_train_001503
taufiktrf/AQUA20,train,1504,train,0,coral,hf_train_001504
taufiktrf/AQUA20,train,1505,train,0,coral,hf_train_001505
taufiktrf/AQUA20,train,1506,train,0,coral,hf_train_001506
taufiktrf/AQUA20,train,1507,train,0,coral,hf_train_001507
taufiktrf/AQUA20,train,1509,train,0,coral,hf_train_001509
taufiktrf/AQUA20,train,1510,train,0,coral,hf_train_001510
taufiktrf/AQUA20,train,1511,train,0,coral,hf_train_001511
taufiktrf/AQUA20,train,1512,train,0,coral,hf_train_001512
taufiktrf/AQUA20,train,1513,train,0,coral,hf_train_001513
taufiktrf/AQUA20,train,1514,train,0,coral,hf_train_001514
taufiktrf/AQUA20,train,1516,train,0,coral,hf_train_001516
taufiktrf/AQUA20,train,1517,train,0,coral,hf_train_001517
taufiktrf/AQUA20,train,1519,train,0,coral,hf_train_001519
taufiktrf/AQUA20,train,1520,train,0,coral,hf_train_001520
taufiktrf/AQUA20,train,1523,train,0,coral,hf_train_001523
taufiktrf/AQUA20,train,1524,train,0,coral,hf_train_001524
taufiktrf/AQUA20,train,1526,train,0,coral,hf_train_001526
taufiktrf/AQUA20,train,1527,train,0,coral,hf_train_001527
taufiktrf/AQUA20,train,1528,train,0,coral,hf_train_001528
taufiktrf/AQUA20,train,1529,train,0,coral,hf_train_001529
taufiktrf/AQUA20,train,1530,train,0,coral,hf_train_001530
taufiktrf/AQUA20,train,1531,train,0,coral,hf_train_001531
taufiktrf/AQUA20,train,1532,train,0,coral,hf_train_001532
taufiktrf/AQUA20,train,1533,train,0,coral,hf_train_001533
taufiktrf/AQUA20,train,1535,train,0,coral,hf_train_001535
taufiktrf/AQUA20,train,1536,train,0,coral,hf_train_001536
taufiktrf/AQUA20,train,1539,train,0,coral,hf_train_001539
taufiktrf/AQUA20,train,1540,train,0,coral,hf_train_001540
taufiktrf/AQUA20,train,1541,train,0,coral,hf_train_001541
taufiktrf/AQUA20,train,1543,train,0,coral,hf_train_001543
taufiktrf/AQUA20,train,1544,train,0,coral,hf_train_001544
taufiktrf/AQUA20,train,1545,train,0,coral,hf_train_001545
taufiktrf/AQUA20,train,1546,train,0,coral,hf_train_001546
taufiktrf/AQUA20,train,1548,train,0,coral,hf_train_001548
taufiktrf/AQUA20,train,1549,train,0,coral,hf_train_001549
taufiktrf/AQUA20,train,1550,train,0,coral,hf_train_001550
taufiktrf/AQUA20,train,1551,train,0,coral,hf_train_001551
taufiktrf/AQUA20,train,1552,train,0,coral,hf_train_001552
taufiktrf/AQUA20,train,1553,train,0,coral,hf_train_001553
taufiktrf/AQUA20,train,1554,train,0,coral,hf_train_001554
taufiktrf/AQUA20,train,1555,train,0,coral,hf_train_001555
taufiktrf/AQUA20,train,1556,train,0,coral,hf_train_001556
taufiktrf/AQUA20,train,1557,train,0,coral,hf_train_001557
taufiktrf/AQUA20,train,1558,train,0,coral,hf_train_001558
taufiktrf/AQUA20,train,1560,train,0,coral,hf_train_001560
taufiktrf/AQUA20,train,1561,train,0,coral,hf_train_001561
taufiktrf/AQUA20,train,1562,train,1,crab,hf_train_001562
taufiktrf/AQUA20,train,1563,train,1,crab,hf_train_001563
taufiktrf/AQUA20,train,1564,train,1,crab,hf_train_001564
taufiktrf/AQUA20,train,1565,train,1,crab,hf_train_001565
taufiktrf/AQUA20,train,1566,train,1,crab,hf_train_001566
taufiktrf/AQUA20,train,1567,train,1,crab,hf_train_001567
taufiktrf/AQUA20,train,1568,train,1,crab,hf_train_001568
taufiktrf/AQUA20,train,1569,train,1,crab,hf_train_001569
taufiktrf/AQUA20,train,1570,train,1,crab,hf_train_001570
taufiktrf/AQUA20,train,1571,train,1,crab,hf_train_001571
taufiktrf/AQUA20,train,1572,train,1,crab,hf_train_001572
taufiktrf/AQUA20,train,1573,train,1,crab,hf_train_001573
taufiktrf/AQUA20,train,1575,train,1,crab,hf_train_001575
taufiktrf/AQUA20,train,1576,train,1,crab,hf_train_001576
taufiktrf/AQUA20,train,1578,train,1,crab,hf_train_001578
taufiktrf/AQUA20,train,1579,train,1,crab,hf_train_001579
taufiktrf/AQUA20,train,1581,train,1,crab,hf_train_001581
taufiktrf/AQUA20,train,1582,train,1,crab,hf_train_001582
taufiktrf/AQUA20,train,1583,train,1,crab,hf_train_001583
taufiktrf/AQUA20,train,1584,train,1,crab,hf_train_001584
taufiktrf/AQUA20,train,1585,train,1,crab,hf_train_001585
taufiktrf/AQUA20,train,1587,train,1,crab,hf_train_001587
taufiktrf/AQUA20,train,1590,train,1,crab,hf_train_001590
taufiktrf/AQUA20,train,1591,train,1,crab,hf_train_001591
taufiktrf/AQUA20,train,1592,train,1,crab,hf_train_001592
taufiktrf/AQUA20,train,1593,train,1,crab,hf_train_001593
taufiktrf/AQUA20,train,1595,train,1,crab,hf_train_001595
taufiktrf/AQUA20,train,1596,train,1,crab,hf_train_001596
taufiktrf/AQUA20,train,1598,train,1,crab,hf_train_001598
taufiktrf/AQUA20,train,1599,train,1,crab,hf_train_001599
taufiktrf/AQUA20,train,1600,train,1,crab,hf_train_001600
taufiktrf/AQUA20,train,1602,train,1,crab,hf_train_001602
taufiktrf/AQUA20,train,1603,train,1,crab,hf_train_001603
taufiktrf/AQUA20,train,1604,train,1,crab,hf_train_001604
taufiktrf/AQUA20,train,1605,train,2,diver,hf_train_001605
taufiktrf/AQUA20,train,1606,train,2,diver,hf_train_001606
taufiktrf/AQUA20,train,1607,train,2,diver,hf_train_001607
taufiktrf/AQUA20,train,1608,train,2,diver,hf_train_001608
taufiktrf/AQUA20,train,1609,train,2,diver,hf_train_001609
taufiktrf/AQUA20,train,1612,train,2,diver,hf_train_001612
taufiktrf/AQUA20,train,1613,train,2,diver,hf_train_001613
taufiktrf/AQUA20,train,1615,train,2,diver,hf_train_001615
taufiktrf/AQUA20,train,1616,train,2,diver,hf_train_001616
taufiktrf/AQUA20,train,1617,train,2,diver,hf_train_001617
taufiktrf/AQUA20,train,1618,train,2,diver,hf_train_001618
taufiktrf/AQUA20,train,1619,train,2,diver,hf_train_001619
taufiktrf/AQUA20,train,1620,train,2,diver,hf_train_001620
taufiktrf/AQUA20,train,1621,train,2,diver,hf_train_001621
taufiktrf/AQUA20,train,1622,train,2,diver,hf_train_001622
taufiktrf/AQUA20,train,1624,train,2,diver,hf_train_001624
taufiktrf/AQUA20,train,1625,train,2,diver,hf_train_001625
taufiktrf/AQUA20,train,1626,train,2,diver,hf_train_001626
taufiktrf/AQUA20,train,1627,train,2,diver,hf_train_001627
taufiktrf/AQUA20,train,1628,train,2,diver,hf_train_001628
taufiktrf/AQUA20,train,1629,train,2,diver,hf_train_001629
taufiktrf/AQUA20,train,1630,train,2,diver,hf_train_001630
taufiktrf/AQUA20,train,1631,train,2,diver,hf_train_001631
taufiktrf/AQUA20,train,1633,train,2,diver,hf_train_001633
taufiktrf/AQUA20,train,1635,train,2,diver,hf_train_001635
taufiktrf/AQUA20,train,1637,train,2,diver,hf_train_001637
taufiktrf/AQUA20,train,1639,train,2,diver,hf_train_001639
taufiktrf/AQUA20,train,1640,train,2,diver,hf_train_001640
taufiktrf/AQUA20,train,1641,train,2,diver,hf_train_001641
taufiktrf/AQUA20,train,1642,train,2,diver,hf_train_001642
taufiktrf/AQUA20,train,1643,train,2,diver,hf_train_001643
taufiktrf/AQUA20,train,1644,train,2,diver,hf_train_001644
taufiktrf/AQUA20,train,1646,train,2,diver,hf_train_001646
taufiktrf/AQUA20,train,1647,train,2,diver,hf_train_001647
taufiktrf/AQUA20,train,1648,train,2,diver,hf_train_001648
taufiktrf/AQUA20,train,1649,train,2,diver,hf_train_001649
taufiktrf/AQUA20,train,1650,train,2,diver,hf_train_001650
taufiktrf/AQUA20,train,1651,train,2,diver,hf_train_001651
taufiktrf/AQUA20,train,1653,train,2,diver,hf_train_001653
taufiktrf/AQUA20,train,1654,train,2,diver,hf_train_001654
taufiktrf/AQUA20,train,1655,train,2,diver,hf_train_001655
taufiktrf/AQUA20,train,1657,train,3,eel,hf_train_001657
taufiktrf/AQUA20,train,1658,train,3,eel,hf_train_001658
taufiktrf/AQUA20,train,1660,train,3,eel,hf_train_001660
taufiktrf/AQUA20,train,1662,train,3,eel,hf_train_001662
taufiktrf/AQUA20,train,1663,train,3,eel,hf_train_001663
taufiktrf/AQUA20,train,1664,train,3,eel,hf_train_001664
taufiktrf/AQUA20,train,1665,train,3,eel,hf_train_001665
taufiktrf/AQUA20,train,1666,train,3,eel,hf_train_001666
taufiktrf/AQUA20,train,1668,train,3,eel,hf_train_001668
taufiktrf/AQUA20,train,1669,train,3,eel,hf_train_001669
taufiktrf/AQUA20,train,1671,train,3,eel,hf_train_001671
taufiktrf/AQUA20,train,1672,train,3,eel,hf_train_001672
taufiktrf/AQUA20,train,1674,train,3,eel,hf_train_001674
taufiktrf/AQUA20,train,1675,train,3,eel,hf_train_001675
taufiktrf/AQUA20,train,1678,train,3,eel,hf_train_001678
taufiktrf/AQUA20,train,1681,train,3,eel,hf_train_001681
taufiktrf/AQUA20,train,1683,train,3,eel,hf_train_001683
taufiktrf/AQUA20,train,1685,train,3,eel,hf_train_001685
taufiktrf/AQUA20,train,1686,train,3,eel,hf_train_001686
taufiktrf/AQUA20,train,1688,train,3,eel,hf_train_001688
taufiktrf/AQUA20,train,1689,train,3,eel,hf_train_001689
taufiktrf/AQUA20,train,1690,train,3,eel,hf_train_001690
taufiktrf/AQUA20,train,1691,train,3,eel,hf_train_001691
taufiktrf/AQUA20,train,1692,train,3,eel,hf_train_001692
taufiktrf/AQUA20,train,1693,train,3,eel,hf_train_001693
taufiktrf/AQUA20,train,1695,train,3,eel,hf_train_001695
taufiktrf/AQUA20,train,1696,train,3,eel,hf_train_001696
taufiktrf/AQUA20,train,1697,train,3,eel,hf_train_001697
taufiktrf/AQUA20,train,1698,train,3,eel,hf_train_001698
taufiktrf/AQUA20,train,1699,train,3,eel,hf_train_001699
taufiktrf/AQUA20,train,1700,train,3,eel,hf_train_001700
taufiktrf/AQUA20,train,1701,train,3,eel,hf_train_001701
taufiktrf/AQUA20,train,1703,train,3,eel,hf_train_001703
taufiktrf/AQUA20,train,1704,train,3,eel,hf_train_001704
taufiktrf/AQUA20,train,1705,train,3,eel,hf_train_001705
taufiktrf/AQUA20,train,1706,train,3,eel,hf_train_001706
taufiktrf/AQUA20,train,1707,train,3,eel,hf_train_001707
taufiktrf/AQUA20,train,1708,train,3,eel,hf_train_001708
taufiktrf/AQUA20,train,1709,train,3,eel,hf_train_001709
taufiktrf/AQUA20,train,1710,train,3,eel,hf_train_001710
taufiktrf/AQUA20,train,1711,train,3,eel,hf_train_001711
taufiktrf/AQUA20,train,1712,train,3,eel,hf_train_001712
taufiktrf/AQUA20,train,1714,train,3,eel,hf_train_001714
taufiktrf/AQUA20,train,1715,train,3,eel,hf_train_001715
taufiktrf/AQUA20,train,1716,train,3,eel,hf_train_001716
taufiktrf/AQUA20,train,1717,train,3,eel,hf_train_001717
taufiktrf/AQUA20,train,1718,train,3,eel,hf_train_001718
taufiktrf/AQUA20,train,1720,train,3,eel,hf_train_001720
taufiktrf/AQUA20,train,1721,train,3,eel,hf_train_001721
taufiktrf/AQUA20,train,1722,train,3,eel,hf_train_001722
taufiktrf/AQUA20,train,1723,train,3,eel,hf_train_001723
taufiktrf/AQUA20,train,1724,train,3,eel,hf_train_001724
taufiktrf/AQUA20,train,1725,train,3,eel,hf_train_001725
taufiktrf/AQUA20,train,1726,train,3,eel,hf_train_001726
taufiktrf/AQUA20,train,1727,train,3,eel,hf_train_001727
taufiktrf/AQUA20,train,1728,train,3,eel,hf_train_001728
taufiktrf/AQUA20,train,1729,train,3,eel,hf_train_001729
taufiktrf/AQUA20,train,1731,train,3,eel,hf_train_001731
taufiktrf/AQUA20,train,1732,train,3,eel,hf_train_001732
taufiktrf/AQUA20,train,1733,train,3,eel,hf_train_001733
taufiktrf/AQUA20,train,1734,train,3,eel,hf_train_001734
taufiktrf/AQUA20,train,1735,train,3,eel,hf_train_001735
taufiktrf/AQUA20,train,1737,train,3,eel,hf_train_001737
taufiktrf/AQUA20,train,1738,train,3,eel,hf_train_001738
taufiktrf/AQUA20,train,1740,train,3,eel,hf_train_001740
taufiktrf/AQUA20,train,1741,train,3,eel,hf_train_001741
taufiktrf/AQUA20,train,1742,train,3,eel,hf_train_001742
taufiktrf/AQUA20,train,1743,train,3,eel,hf_train_001743
taufiktrf/AQUA20,train,1744,train,3,eel,hf_train_001744
taufiktrf/AQUA20,train,1745,train,3,eel,hf_train_001745
taufiktrf/AQUA20,train,1746,train,3,eel,hf_train_001746
taufiktrf/AQUA20,train,1748,train,3,eel,hf_train_001748
taufiktrf/AQUA20,train,1749,train,3,eel,hf_train_001749
taufiktrf/AQUA20,train,1750,train,3,eel,hf_train_001750
taufiktrf/AQUA20,train,1751,train,3,eel,hf_train_001751
taufiktrf/AQUA20,train,1752,train,3,eel,hf_train_001752
taufiktrf/AQUA20,train,1753,train,3,eel,hf_train_001753
taufiktrf/AQUA20,train,1755,train,3,eel,hf_train_001755
taufiktrf/AQUA20,train,1757,train,3,eel,hf_train_001757
taufiktrf/AQUA20,train,1758,train,3,eel,hf_train_001758
taufiktrf/AQUA20,train,1759,train,3,eel,hf_train_001759
taufiktrf/AQUA20,train,1760,train,3,eel,hf_train_001760
taufiktrf/AQUA20,train,1761,train,3,eel,hf_train_001761
taufiktrf/AQUA20,train,1762,train,3,eel,hf_train_001762
taufiktrf/AQUA20,train,1763,train,3,eel,hf_train_001763
taufiktrf/AQUA20,train,1764,train,3,eel,hf_train_001764
taufiktrf/AQUA20,train,1765,train,3,eel,hf_train_001765
taufiktrf/AQUA20,train,1766,train,3,eel,hf_train_001766
taufiktrf/AQUA20,train,1767,train,3,eel,hf_train_001767
taufiktrf/AQUA20,train,1768,train,3,eel,hf_train_001768
taufiktrf/AQUA20,train,1769,train,3,eel,hf_train_001769
taufiktrf/AQUA20,train,1770,train,3,eel,hf_train_001770
taufiktrf/AQUA20,train,1772,train,3,eel,hf_train_001772
taufiktrf/AQUA20,train,1773,train,3,eel,hf_train_001773
taufiktrf/AQUA20,train,1775,train,3,eel,hf_train_001775
taufiktrf/AQUA20,train,1776,train,3,eel,hf_train_001776
taufiktrf/AQUA20,train,1777,train,3,eel,hf_train_001777
taufiktrf/AQUA20,train,1778,train,3,eel,hf_train_001778
taufiktrf/AQUA20,train,1780,train,3,eel,hf_train_001780
taufiktrf/AQUA20,train,1782,train,3,eel,hf_train_001782
taufiktrf/AQUA20,train,1783,train,3,eel,hf_train_001783
taufiktrf/AQUA20,train,1784,train,3,eel,hf_train_001784
taufiktrf/AQUA20,train,1787,train,3,eel,hf_train_001787
taufiktrf/AQUA20,train,1788,train,3,eel,hf_train_001788
taufiktrf/AQUA20,train,1789,train,3,eel,hf_train_001789
taufiktrf/AQUA20,train,1790,train,3,eel,hf_train_001790
taufiktrf/AQUA20,train,1791,train,3,eel,hf_train_001791
taufiktrf/AQUA20,train,1792,train,3,eel,hf_train_001792
taufiktrf/AQUA20,train,1793,train,3,eel,hf_train_001793
taufiktrf/AQUA20,train,1794,train,3,eel,hf_train_001794
taufiktrf/AQUA20,train,1795,train,3,eel,hf_train_001795
taufiktrf/AQUA20,train,1797,train,3,eel,hf_train_001797
taufiktrf/AQUA20,train,1798,train,3,eel,hf_train_001798
taufiktrf/AQUA20,train,1799,train,3,eel,hf_train_001799
taufiktrf/AQUA20,train,1800,train,3,eel,hf_train_001800
taufiktrf/AQUA20,train,1801,train,3,eel,hf_train_001801
taufiktrf/AQUA20,train,1802,train,3,eel,hf_train_001802
taufiktrf/AQUA20,train,1803,train,3,eel,hf_train_001803
taufiktrf/AQUA20,train,1805,train,3,eel,hf_train_001805
taufiktrf/AQUA20,train,1806,train,3,eel,hf_train_001806
taufiktrf/AQUA20,train,1807,train,3,eel,hf_train_001807
taufiktrf/AQUA20,train,1808,train,3,eel,hf_train_001808
taufiktrf/AQUA20,train,1809,train,3,eel,hf_train_001809
taufiktrf/AQUA20,train,1810,train,3,eel,hf_train_001810
taufiktrf/AQUA20,train,1812,train,3,eel,hf_train_001812
taufiktrf/AQUA20,train,1813,train,3,eel,hf_train_001813
taufiktrf/AQUA20,train,1814,train,3,eel,hf_train_001814
taufiktrf/AQUA20,train,1815,train,3,eel,hf_train_001815
taufiktrf/AQUA20,train,1816,train,4,fish,hf_train_001816
taufiktrf/AQUA20,train,1818,train,4,fish,hf_train_001818
taufiktrf/AQUA20,train,1819,train,4,fish,hf_train_001819
taufiktrf/AQUA20,train,1820,train,4,fish,hf_train_001820
taufiktrf/AQUA20,train,1821,train,4,fish,hf_train_001821
taufiktrf/AQUA20,train,1822,train,4,fish,hf_train_001822
taufiktrf/AQUA20,train,1823,train,4,fish,hf_train_001823
taufiktrf/AQUA20,train,1824,train,4,fish,hf_train_001824
taufiktrf/AQUA20,train,1826,train,4,fish,hf_train_001826
taufiktrf/AQUA20,train,1828,train,4,fish,hf_train_001828
taufiktrf/AQUA20,train,1830,train,4,fish,hf_train_001830
taufiktrf/AQUA20,train,1831,train,4,fish,hf_train_001831
taufiktrf/AQUA20,train,1832,train,4,fish,hf_train_001832
taufiktrf/AQUA20,train,1833,train,4,fish,hf_train_001833
taufiktrf/AQUA20,train,1835,train,4,fish,hf_train_001835
taufiktrf/AQUA20,train,1837,train,4,fish,hf_train_001837
taufiktrf/AQUA20,train,1838,train,4,fish,hf_train_001838
taufiktrf/AQUA20,train,1839,train,4,fish,hf_train_001839
taufiktrf/AQUA20,train,1840,train,4,fish,hf_train_001840
taufiktrf/AQUA20,train,1841,train,4,fish,hf_train_001841
taufiktrf/AQUA20,train,1842,train,4,fish,hf_train_001842
taufiktrf/AQUA20,train,1844,train,4,fish,hf_train_001844
taufiktrf/AQUA20,train,1845,train,4,fish,hf_train_001845
taufiktrf/AQUA20,train,1846,train,4,fish,hf_train_001846
taufiktrf/AQUA20,train,1847,train,4,fish,hf_train_001847
taufiktrf/AQUA20,train,1848,train,4,fish,hf_train_001848
taufiktrf/AQUA20,train,1849,train,4,fish,hf_train_001849
taufiktrf/AQUA20,train,1852,train,4,fish,hf_train_001852
taufiktrf/AQUA20,train,1853,train,4,fish,hf_train_001853
taufiktrf/AQUA20,train,1854,train,4,fish,hf_train_001854
taufiktrf/AQUA20,train,1855,train,4,fish,hf_train_001855
taufiktrf/AQUA20,train,1856,train,4,fish,hf_train_001856
taufiktrf/AQUA20,train,1857,train,4,fish,hf_train_001857
taufiktrf/AQUA20,train,1859,train,4,fish,hf_train_001859
taufiktrf/AQUA20,train,1860,train,4,fish,hf_train_001860
taufiktrf/AQUA20,train,1861,train,4,fish,hf_train_001861
taufiktrf/AQUA20,train,1862,train,4,fish,hf_train_001862
taufiktrf/AQUA20,train,1863,train,4,fish,hf_train_001863
taufiktrf/AQUA20,train,1864,train,4,fish,hf_train_001864
taufiktrf/AQUA20,train,1867,train,4,fish,hf_train_001867
taufiktrf/AQUA20,train,1868,train,4,fish,hf_train_001868
taufiktrf/AQUA20,train,1869,train,4,fish,hf_train_001869
taufiktrf/AQUA20,train,1870,train,4,fish,hf_train_001870
taufiktrf/AQUA20,train,1871,train,4,fish,hf_train_001871
taufiktrf/AQUA20,train,1872,train,4,fish,hf_train_001872
taufiktrf/AQUA20,train,1874,train,4,fish,hf_train_001874
taufiktrf/AQUA20,train,1875,train,4,fish,hf_train_001875
taufiktrf/AQUA20,train,1876,train,4,fish,hf_train_001876
taufiktrf/AQUA20,train,1877,train,4,fish,hf_train_001877
taufiktrf/AQUA20,train,1878,train,4,fish,hf_train_001878
taufiktrf/AQUA20,train,1879,train,4,fish,hf_train_001879
taufiktrf/AQUA20,train,1880,train,4,fish,hf_train_001880
taufiktrf/AQUA20,train,1881,train,4,fish,hf_train_001881
taufiktrf/AQUA20,train,1883,train,4,fish,hf_train_001883
taufiktrf/AQUA20,train,1884,train,4,fish,hf_train_001884
taufiktrf/AQUA20,train,1885,train,4,fish,hf_train_001885
taufiktrf/AQUA20,train,1886,train,4,fish,hf_train_001886
taufiktrf/AQUA20,train,1887,train,4,fish,hf_train_001887
taufiktrf/AQUA20,train,1889,train,4,fish,hf_train_001889
taufiktrf/AQUA20,train,1890,train,4,fish,hf_train_001890
taufiktrf/AQUA20,train,1891,train,4,fish,hf_train_001891
taufiktrf/AQUA20,train,1892,train,4,fish,hf_train_001892
taufiktrf/AQUA20,train,1893,train,4,fish,hf_train_001893
taufiktrf/AQUA20,train,1894,train,4,fish,hf_train_001894
taufiktrf/AQUA20,train,1895,train,4,fish,hf_train_001895
taufiktrf/AQUA20,train,1896,train,4,fish,hf_train_001896
taufiktrf/AQUA20,train,1897,train,4,fish,hf_train_001897
taufiktrf/AQUA20,train,1898,train,4,fish,hf_train_001898
taufiktrf/AQUA20,train,1899,train,4,fish,hf_train_001899
taufiktrf/AQUA20,train,1902,train,4,fish,hf_train_001902
taufiktrf/AQUA20,train,1903,train,4,fish,hf_train_001903
taufiktrf/AQUA20,train,1904,train,4,fish,hf_train_001904
taufiktrf/AQUA20,train,1906,train,4,fish,hf_train_001906
taufiktrf/AQUA20,train,1907,train,4,fish,hf_train_001907
taufiktrf/AQUA20,train,1908,train,4,fish,hf_train_001908
taufiktrf/AQUA20,train,1909,train,4,fish,hf_train_001909
taufiktrf/AQUA20,train,1910,train,4,fish,hf_train_001910
taufiktrf/AQUA20,train,1911,train,4,fish,hf_train_001911
taufiktrf/AQUA20,train,1912,train,4,fish,hf_train_001912
taufiktrf/AQUA20,train,1913,train,4,fish,hf_train_001913
taufiktrf/AQUA20,train,1914,train,4,fish,hf_train_001914
taufiktrf/AQUA20,train,1915,train,4,fish,hf_train_001915
taufiktrf/AQUA20,train,1916,train,4,fish,hf_train_001916
taufiktrf/AQUA20,train,1918,train,4,fish,hf_train_001918
taufiktrf/AQUA20,train,1919,train,4,fish,hf_train_001919
taufiktrf/AQUA20,train,1920,train,4,fish,hf_train_001920
taufiktrf/AQUA20,train,1922,train,4,fish,hf_train_001922
taufiktrf/AQUA20,train,1923,train,4,fish,hf_train_001923
taufiktrf/AQUA20,train,1924,train,4,fish,hf_train_001924
taufiktrf/AQUA20,train,1925,train,4,fish,hf_train_001925
taufiktrf/AQUA20,train,1926,train,4,fish,hf_train_001926
taufiktrf/AQUA20,train,1927,train,4,fish,hf_train_001927
taufiktrf/AQUA20,train,1928,train,4,fish,hf_train_001928
taufiktrf/AQUA20,train,1929,train,4,fish,hf_train_001929
taufiktrf/AQUA20,train,1930,train,4,fish,hf_train_001930
taufiktrf/AQUA20,train,1932,train,4,fish,hf_train_001932
taufiktrf/AQUA20,train,1933,train,4,fish,hf_train_001933
taufiktrf/AQUA20,train,1934,train,4,fish,hf_train_001934
taufiktrf/AQUA20,train,1935,train,4,fish,hf_train_001935
taufiktrf/AQUA20,train,1936,train,4,fish,hf_train_001936
taufiktrf/AQUA20,train,1937,train,4,fish,hf_train_001937
taufiktrf/AQUA20,train,1938,train,4,fish,hf_train_001938
taufiktrf/AQUA20,train,1939,train,4,fish,hf_train_001939
taufiktrf/AQUA20,train,1940,train,4,fish,hf_train_001940
taufiktrf/AQUA20,train,1942,train,4,fish,hf_train_001942
taufiktrf/AQUA20,train,1943,train,4,fish,hf_train_001943
taufiktrf/AQUA20,train,1946,train,4,fish,hf_train_001946
taufiktrf/AQUA20,train,1947,train,4,fish,hf_train_001947
taufiktrf/AQUA20,train,1948,train,4,fish,hf_train_001948
taufiktrf/AQUA20,train,1949,train,4,fish,hf_train_001949
taufiktrf/AQUA20,train,1950,train,4,fish,hf_train_001950
taufiktrf/AQUA20,train,1951,train,4,fish,hf_train_001951
taufiktrf/AQUA20,train,1952,train,4,fish,hf_train_001952
taufiktrf/AQUA20,train,1953,train,4,fish,hf_train_001953
taufiktrf/AQUA20,train,1954,train,4,fish,hf_train_001954
taufiktrf/AQUA20,train,1955,train,4,fish,hf_train_001955
taufiktrf/AQUA20,train,1957,train,4,fish,hf_train_001957
taufiktrf/AQUA20,train,1959,train,4,fish,hf_train_001959
taufiktrf/AQUA20,train,1960,train,4,fish,hf_train_001960
taufiktrf/AQUA20,train,1962,train,4,fish,hf_train_001962
taufiktrf/AQUA20,train,1963,train,4,fish,hf_train_001963
taufiktrf/AQUA20,train,1965,train,4,fish,hf_train_001965
taufiktrf/AQUA20,train,1966,train,4,fish,hf_train_001966
taufiktrf/AQUA20,train,1968,train,4,fish,hf_train_001968
taufiktrf/AQUA20,train,1969,train,4,fish,hf_train_001969
taufiktrf/AQUA20,train,1970,train,4,fish,hf_train_001970
taufiktrf/AQUA20,train,1971,train,4,fish,hf_train_001971
taufiktrf/AQUA20,train,1972,train,4,fish,hf_train_001972
taufiktrf/AQUA20,train,1973,train,4,fish,hf_train_001973
taufiktrf/AQUA20,train,1976,train,4,fish,hf_train_001976
taufiktrf/AQUA20,train,1977,train,4,fish,hf_train_001977
taufiktrf/AQUA20,train,1978,train,4,fish,hf_train_001978
taufiktrf/AQUA20,train,1979,train,4,fish,hf_train_001979
taufiktrf/AQUA20,train,1980,train,4,fish,hf_train_001980
taufiktrf/AQUA20,train,1981,train,4,fish,hf_train_001981
taufiktrf/AQUA20,train,1982,train,4,fish,hf_train_001982
taufiktrf/AQUA20,train,1983,train,4,fish,hf_train_001983
taufiktrf/AQUA20,train,1984,train,4,fish,hf_train_001984
taufiktrf/AQUA20,train,1985,train,4,fish,hf_train_001985
taufiktrf/AQUA20,train,1986,train,4,fish,hf_train_001986
taufiktrf/AQUA20,train,1987,train,4,fish,hf_train_001987
taufiktrf/AQUA20,train,1988,train,4,fish,hf_train_001988
taufiktrf/AQUA20,train,1989,train,4,fish,hf_train_001989
taufiktrf/AQUA20,train,1990,train,4,fish,hf_train_001990
taufiktrf/AQUA20,train,1991,train,4,fish,hf_train_001991
taufiktrf/AQUA20,train,1992,train,4,fish,hf_train_001992
taufiktrf/AQUA20,train,1993,train,4,fish,hf_train_001993
taufiktrf/AQUA20,train,1994,train,4,fish,hf_train_001994
taufiktrf/AQUA20,train,1995,train,4,fish,hf_train_001995
taufiktrf/AQUA20,train,1996,train,4,fish,hf_train_001996
taufiktrf/AQUA20,train,1997,train,4,fish,hf_train_001997
taufiktrf/AQUA20,train,1998,train,4,fish,hf_train_001998
taufiktrf/AQUA20,train,1999,train,4,fish,hf_train_001999
taufiktrf/AQUA20,train,2000,train,4,fish,hf_train_002000
taufiktrf/AQUA20,train,2002,train,4,fish,hf_train_002002
taufiktrf/AQUA20,train,2003,train,4,fish,hf_train_002003
taufiktrf/AQUA20,train,2004,train,4,fish,hf_train_002004
taufiktrf/AQUA20,train,2005,train,4,fish,hf_train_002005
taufiktrf/AQUA20,train,2006,train,4,fish,hf_train_002006
taufiktrf/AQUA20,train,2007,train,4,fish,hf_train_002007
taufiktrf/AQUA20,train,2008,train,4,fish,hf_train_002008
taufiktrf/AQUA20,train,2009,train,4,fish,hf_train_002009
taufiktrf/AQUA20,train,2010,train,4,fish,hf_train_002010
taufiktrf/AQUA20,train,2011,train,4,fish,hf_train_002011
taufiktrf/AQUA20,train,2012,train,4,fish,hf_train_002012
taufiktrf/AQUA20,train,2014,train,4,fish,hf_train_002014
taufiktrf/AQUA20,train,2015,train,4,fish,hf_train_002015
taufiktrf/AQUA20,train,2016,train,4,fish,hf_train_002016
taufiktrf/AQUA20,train,2017,train,4,fish,hf_train_002017
taufiktrf/AQUA20,train,2018,train,4,fish,hf_train_002018
taufiktrf/AQUA20,train,2019,train,4,fish,hf_train_002019
taufiktrf/AQUA20,train,2020,train,4,fish,hf_train_002020
taufiktrf/AQUA20,train,2021,train,4,fish,hf_train_002021
taufiktrf/AQUA20,train,2022,train,4,fish,hf_train_002022
taufiktrf/AQUA20,train,2023,train,4,fish,hf_train_002023
taufiktrf/AQUA20,train,2024,train,4,fish,hf_train_002024
taufiktrf/AQUA20,train,2025,train,4,fish,hf_train_002025
taufiktrf/AQUA20,train,2026,train,4,fish,hf_train_002026
taufiktrf/AQUA20,train,2027,train,4,fish,hf_train_002027
taufiktrf/AQUA20,train,2028,train,4,fish,hf_train_002028
taufiktrf/AQUA20,train,2029,train,4,fish,hf_train_002029
taufiktrf/AQUA20,train,2030,train,4,fish,hf_train_002030
taufiktrf/AQUA20,train,2031,train,4,fish,hf_train_002031
taufiktrf/AQUA20,train,2033,train,4,fish,hf_train_002033
taufiktrf/AQUA20,train,2034,train,4,fish,hf_train_002034
taufiktrf/AQUA20,train,2035,train,4,fish,hf_train_002035
taufiktrf/AQUA20,train,2036,train,4,fish,hf_train_002036
taufiktrf/AQUA20,train,2037,train,4,fish,hf_train_002037
taufiktrf/AQUA20,train,2038,train,4,fish,hf_train_002038
taufiktrf/AQUA20,train,2039,train,4,fish,hf_train_002039
taufiktrf/AQUA20,train,2040,train,4,fish,hf_train_002040
taufiktrf/AQUA20,train,2041,train,4,fish,hf_train_002041
taufiktrf/AQUA20,train,2042,train,4,fish,hf_train_002042
taufiktrf/AQUA20,train,2043,train,4,fish,hf_train_002043
taufiktrf/AQUA20,train,2044,train,4,fish,hf_train_002044
taufiktrf/AQUA20,train,2045,train,4,fish,hf_train_002045
taufiktrf/AQUA20,train,2046,train,4,fish,hf_train_002046
taufiktrf/AQUA20,train,2047,train,4,fish,hf_train_002047
taufiktrf/AQUA20,train,2048,train,4,fish,hf_train_002048
taufiktrf/AQUA20,train,2049,train,4,fish,hf_train_002049
taufiktrf/AQUA20,train,2050,train,4,fish,hf_train_002050
taufiktrf/AQUA20,train,2051,train,4,fish,hf_train_002051
taufiktrf/AQUA20,train,2052,train,4,fish,hf_train_002052
taufiktrf/AQUA20,train,2053,train,4,fish,hf_train_002053
taufiktrf/AQUA20,train,2054,train,4,fish,hf_train_002054
taufiktrf/AQUA20,train,2055,train,4,fish,hf_train_002055
taufiktrf/AQUA20,train,2056,train,4,fish,hf_train_002056
taufiktrf/AQUA20,train,2058,train,4,fish,hf_train_002058
taufiktrf/AQUA20,train,2059,train,4,fish,hf_train_002059
taufiktrf/AQUA20,train,2060,train,4,fish,hf_train_002060
taufiktrf/AQUA20,train,2061,train,4,fish,hf_train_002061
taufiktrf/AQUA20,train,2062,train,4,fish,hf_train_002062
taufiktrf/AQUA20,train,2063,train,4,fish,hf_train_002063
taufiktrf/AQUA20,train,2064,train,4,fish,hf_train_002064
taufiktrf/AQUA20,train,2065,train,4,fish,hf_train_002065
taufiktrf/AQUA20,train,2066,train,4,fish,hf_train_002066
taufiktrf/AQUA20,train,2067,train,4,fish,hf_train_002067
taufiktrf/AQUA20,train,2068,train,4,fish,hf_train_002068
taufiktrf/AQUA20,train,2069,train,4,fish,hf_train_002069
taufiktrf/AQUA20,train,2070,train,4,fish,hf_train_002070
taufiktrf/AQUA20,train,2071,train,4,fish,hf_train_002071
taufiktrf/AQUA20,train,2072,train,4,fish,hf_train_002072
taufiktrf/AQUA20,train,2073,train,4,fish,hf_train_002073
taufiktrf/AQUA20,train,2074,train,4,fish,hf_train_002074
taufiktrf/AQUA20,train,2075,train,4,fish,hf_train_002075
taufiktrf/AQUA20,train,2077,train,4,fish,hf_train_002077
taufiktrf/AQUA20,train,2079,train,4,fish,hf_train_002079
taufiktrf/AQUA20,train,2080,train,4,fish,hf_train_002080
taufiktrf/AQUA20,train,2081,train,4,fish,hf_train_002081
taufiktrf/AQUA20,train,2082,train,4,fish,hf_train_002082
taufiktrf/AQUA20,train,2083,train,4,fish,hf_train_002083
taufiktrf/AQUA20,train,2084,train,4,fish,hf_train_002084
taufiktrf/AQUA20,train,2086,train,4,fish,hf_train_002086
taufiktrf/AQUA20,train,2087,train,4,fish,hf_train_002087
taufiktrf/AQUA20,train,2088,train,4,fish,hf_train_002088
taufiktrf/AQUA20,train,2089,train,4,fish,hf_train_002089
taufiktrf/AQUA20,train,2090,train,4,fish,hf_train_002090
taufiktrf/AQUA20,train,2092,train,4,fish,hf_train_002092
taufiktrf/AQUA20,train,2093,train,4,fish,hf_train_002093
taufiktrf/AQUA20,train,2094,train,4,fish,hf_train_002094
taufiktrf/AQUA20,train,2095,train,4,fish,hf_train_002095
taufiktrf/AQUA20,train,2096,train,4,fish,hf_train_002096
taufiktrf/AQUA20,train,2098,train,4,fish,hf_train_002098
taufiktrf/AQUA20,train,2099,train,4,fish,hf_train_002099
taufiktrf/AQUA20,train,2100,train,4,fish,hf_train_002100
taufiktrf/AQUA20,train,2101,train,4,fish,hf_train_002101
taufiktrf/AQUA20,train,2102,train,4,fish,hf_train_002102
taufiktrf/AQUA20,train,2104,train,4,fish,hf_train_002104
taufiktrf/AQUA20,train,2105,train,4,fish,hf_train_002105
taufiktrf/AQUA20,train,2107,train,4,fish,hf_train_002107
taufiktrf/AQUA20,train,2108,train,4,fish,hf_train_002108
taufiktrf/AQUA20,train,2109,train,4,fish,hf_train_002109
taufiktrf/AQUA20,train,2111,train,4,fish,hf_train_002111
taufiktrf/AQUA20,train,2112,train,4,fish,hf_train_002112
taufiktrf/AQUA20,train,2114,train,4,fish,hf_train_002114
taufiktrf/AQUA20,train,2115,train,4,fish,hf_train_002115
taufiktrf/AQUA20,train,2121,train,4,fish,hf_train_002121
taufiktrf/AQUA20,train,2124,train,4,fish,hf_train_002124
taufiktrf/AQUA20,train,2125,train,4,fish,hf_train_002125
taufiktrf/AQUA20,train,2126,train,4,fish,hf_train_002126
taufiktrf/AQUA20,train,2128,train,4,fish,hf_train_002128
taufiktrf/AQUA20,train,2129,train,4,fish,hf_train_002129
taufiktrf/AQUA20,train,2130,train,4,fish,hf_train_002130
taufiktrf/AQUA20,train,2131,train,4,fish,hf_train_002131
taufiktrf/AQUA20,train,2132,train,4,fish,hf_train_002132
taufiktrf/AQUA20,train,2133,train,4,fish,hf_train_002133
taufiktrf/AQUA20,train,2134,train,4,fish,hf_train_002134
taufiktrf/AQUA20,train,2135,train,4,fish,hf_train_002135
taufiktrf/AQUA20,train,2136,train,4,fish,hf_train_002136
taufiktrf/AQUA20,train,2137,train,4,fish,hf_train_002137
taufiktrf/AQUA20,train,2138,train,4,fish,hf_train_002138
taufiktrf/AQUA20,train,2140,train,4,fish,hf_train_002140
taufiktrf/AQUA20,train,2141,train,4,fish,hf_train_002141
taufiktrf/AQUA20,train,2142,train,4,fish,hf_train_002142
taufiktrf/AQUA20,train,2144,train,4,fish,hf_train_002144
taufiktrf/AQUA20,train,2145,train,4,fish,hf_train_002145
taufiktrf/AQUA20,train,2146,train,4,fish,hf_train_002146
taufiktrf/AQUA20,train,2147,train,4,fish,hf_train_002147
taufiktrf/AQUA20,train,2148,train,4,fish,hf_train_002148
taufiktrf/AQUA20,train,2149,train,4,fish,hf_train_002149
taufiktrf/AQUA20,train,2150,train,4,fish,hf_train_002150
taufiktrf/AQUA20,train,2152,train,4,fish,hf_train_002152
taufiktrf/AQUA20,train,2153,train,4,fish,hf_train_002153
taufiktrf/AQUA20,train,2154,train,4,fish,hf_train_002154
taufiktrf/AQUA20,train,2155,train,4,fish,hf_train_002155
taufiktrf/AQUA20,train,2156,train,4,fish,hf_train_002156
taufiktrf/AQUA20,train,2159,train,4,fish,hf_train_002159
taufiktrf/AQUA20,train,2161,train,4,fish,hf_train_002161
taufiktrf/AQUA20,train,2162,train,4,fish,hf_train_002162
taufiktrf/AQUA20,train,2163,train,4,fish,hf_train_002163
taufiktrf/AQUA20,train,2164,train,4,fish,hf_train_002164
taufiktrf/AQUA20,train,2166,train,4,fish,hf_train_002166
taufiktrf/AQUA20,train,2167,train,4,fish,hf_train_002167
taufiktrf/AQUA20,train,2170,train,4,fish,hf_train_002170
taufiktrf/AQUA20,train,2171,train,4,fish,hf_train_002171
taufiktrf/AQUA20,train,2172,train,4,fish,hf_train_002172
taufiktrf/AQUA20,train,2173,train,4,fish,hf_train_002173
taufiktrf/AQUA20,train,2174,train,4,fish,hf_train_002174
taufiktrf/AQUA20,train,2175,train,4,fish,hf_train_002175
taufiktrf/AQUA20,train,2176,train,4,fish,hf_train_002176
taufiktrf/AQUA20,train,2177,train,4,fish,hf_train_002177
taufiktrf/AQUA20,train,2178,train,4,fish,hf_train_002178
taufiktrf/AQUA20,train,2180,train,4,fish,hf_train_002180
taufiktrf/AQUA20,train,2181,train,4,fish,hf_train_002181
taufiktrf/AQUA20,train,2182,train,4,fish,hf_train_002182
taufiktrf/AQUA20,train,2183,train,4,fish,hf_train_002183
taufiktrf/AQUA20,train,2184,train,4,fish,hf_train_002184
taufiktrf/AQUA20,train,2185,train,4,fish,hf_train_002185
taufiktrf/AQUA20,train,2186,train,4,fish,hf_train_002186
taufiktrf/AQUA20,train,2187,train,4,fish,hf_train_002187
taufiktrf/AQUA20,train,2189,train,4,fish,hf_train_002189
taufiktrf/AQUA20,train,2191,train,4,fish,hf_train_002191
taufiktrf/AQUA20,train,2192,train,4,fish,hf_train_002192
taufiktrf/AQUA20,train,2194,train,4,fish,hf_train_002194
taufiktrf/AQUA20,train,2195,train,4,fish,hf_train_002195
taufiktrf/AQUA20,train,2197,train,4,fish,hf_train_002197
taufiktrf/AQUA20,train,2198,train,4,fish,hf_train_002198
taufiktrf/AQUA20,train,2199,train,4,fish,hf_train_002199
taufiktrf/AQUA20,train,2200,train,4,fish,hf_train_002200
taufiktrf/AQUA20,train,2201,train,4,fish,hf_train_002201
taufiktrf/AQUA20,train,2202,train,4,fish,hf_train_002202
taufiktrf/AQUA20,train,2203,train,4,fish,hf_train_002203
taufiktrf/AQUA20,train,2204,train,4,fish,hf_train_002204
taufiktrf/AQUA20,train,2205,train,4,fish,hf_train_002205
taufiktrf/AQUA20,train,2206,train,4,fish,hf_train_002206
taufiktrf/AQUA20,train,2207,train,4,fish,hf_train_002207
taufiktrf/AQUA20,train,2208,train,4,fish,hf_train_002208
taufiktrf/AQUA20,train,2209,train,4,fish,hf_train_002209
taufiktrf/AQUA20,train,2210,train,4,fish,hf_train_002210
taufiktrf/AQUA20,train,2211,train,4,fish,hf_train_002211
taufiktrf/AQUA20,train,2213,train,4,fish,hf_train_002213
taufiktrf/AQUA20,train,2215,train,4,fish,hf_train_002215
taufiktrf/AQUA20,train,2216,train,4,fish,hf_train_002216
taufiktrf/AQUA20,train,2217,train,4,fish,hf_train_002217
taufiktrf/AQUA20,train,2218,train,4,fish,hf_train_002218
taufiktrf/AQUA20,train,2220,train,4,fish,hf_train_002220
taufiktrf/AQUA20,train,2221,train,4,fish,hf_train_002221
taufiktrf/AQUA20,train,2223,train,4,fish,hf_train_002223
taufiktrf/AQUA20,train,2224,train,4,fish,hf_train_002224
taufiktrf/AQUA20,train,2225,train,4,fish,hf_train_002225
taufiktrf/AQUA20,train,2226,train,4,fish,hf_train_002226
taufiktrf/AQUA20,train,2227,train,4,fish,hf_train_002227
taufiktrf/AQUA20,train,2228,train,4,fish,hf_train_002228
taufiktrf/AQUA20,train,2229,train,4,fish,hf_train_002229
taufiktrf/AQUA20,train,2230,train,4,fish,hf_train_002230
taufiktrf/AQUA20,train,2231,train,4,fish,hf_train_002231
taufiktrf/AQUA20,train,2232,train,4,fish,hf_train_002232
taufiktrf/AQUA20,train,2233,train,4,fish,hf_train_002233
taufiktrf/AQUA20,train,2235,train,4,fish,hf_train_002235
taufiktrf/AQUA20,train,2236,train,4,fish,hf_train_002236
taufiktrf/AQUA20,train,2237,train,4,fish,hf_train_002237
taufiktrf/AQUA20,train,2238,train,4,fish,hf_train_002238
taufiktrf/AQUA20,train,2239,train,4,fish,hf_train_002239
taufiktrf/AQUA20,train,2241,train,4,fish,hf_train_002241
taufiktrf/AQUA20,train,2244,train,4,fish,hf_train_002244
taufiktrf/AQUA20,train,2245,train,4,fish,hf_train_002245
taufiktrf/AQUA20,train,2246,train,4,fish,hf_train_002246
taufiktrf/AQUA20,train,2247,train,4,fish,hf_train_002247
taufiktrf/AQUA20,train,2248,train,4,fish,hf_train_002248
taufiktrf/AQUA20,train,2249,train,4,fish,hf_train_002249
taufiktrf/AQUA20,train,2250,train,4,fish,hf_train_002250
taufiktrf/AQUA20,train,2251,train,4,fish,hf_train_002251
taufiktrf/AQUA20,train,2252,train,4,fish,hf_train_002252
taufiktrf/AQUA20,train,2253,train,4,fish,hf_train_002253
taufiktrf/AQUA20,train,2254,train,4,fish,hf_train_002254
taufiktrf/AQUA20,train,2255,train,4,fish,hf_train_002255
taufiktrf/AQUA20,train,2257,train,4,fish,hf_train_002257
taufiktrf/AQUA20,train,2258,train,4,fish,hf_train_002258
taufiktrf/AQUA20,train,2259,train,4,fish,hf_train_002259
taufiktrf/AQUA20,train,2261,train,4,fish,hf_train_002261
taufiktrf/AQUA20,train,2262,train,4,fish,hf_train_002262
taufiktrf/AQUA20,train,2263,train,4,fish,hf_train_002263
taufiktrf/AQUA20,train,2264,train,4,fish,hf_train_002264
taufiktrf/AQUA20,train,2265,train,4,fish,hf_train_002265
taufiktrf/AQUA20,train,2266,train,4,fish,hf_train_002266
taufiktrf/AQUA20,train,2267,train,4,fish,hf_train_002267
taufiktrf/AQUA20,train,2268,train,4,fish,hf_train_002268
taufiktrf/AQUA20,train,2271,train,4,fish,hf_train_002271
taufiktrf/AQUA20,train,2272,train,4,fish,hf_train_002272
taufiktrf/AQUA20,train,2273,train,4,fish,hf_train_002273
taufiktrf/AQUA20,train,2276,train,4,fish,hf_train_002276
taufiktrf/AQUA20,train,2277,train,4,fish,hf_train_002277
taufiktrf/AQUA20,train,2278,train,4,fish,hf_train_002278
taufiktrf/AQUA20,train,2279,train,4,fish,hf_train_002279
taufiktrf/AQUA20,train,2280,train,4,fish,hf_train_002280
taufiktrf/AQUA20,train,2281,train,4,fish,hf_train_002281
taufiktrf/AQUA20,train,2282,train,4,fish,hf_train_002282
taufiktrf/AQUA20,train,2283,train,4,fish,hf_train_002283
taufiktrf/AQUA20,train,2284,train,4,fish,hf_train_002284
taufiktrf/AQUA20,train,2286,train,4,fish,hf_train_002286
taufiktrf/AQUA20,train,2287,train,4,fish,hf_train_002287
taufiktrf/AQUA20,train,2288,train,4,fish,hf_train_002288
taufiktrf/AQUA20,train,2289,train,4,fish,hf_train_002289
taufiktrf/AQUA20,train,2290,train,4,fish,hf_train_002290
taufiktrf/AQUA20,train,2291,train,4,fish,hf_train_002291
taufiktrf/AQUA20,train,2292,train,4,fish,hf_train_002292
taufiktrf/AQUA20,train,2294,train,4,fish,hf_train_002294
taufiktrf/AQUA20,train,2295,train,4,fish,hf_train_002295
taufiktrf/AQUA20,train,2296,train,4,fish,hf_train_002296
taufiktrf/AQUA20,train,2297,train,4,fish,hf_train_002297
taufiktrf/AQUA20,train,2299,train,4,fish,hf_train_002299
taufiktrf/AQUA20,train,2300,train,4,fish,hf_train_002300
taufiktrf/AQUA20,train,2301,train,4,fish,hf_train_002301
taufiktrf/AQUA20,train,2302,train,4,fish,hf_train_002302
taufiktrf/AQUA20,train,2303,train,4,fish,hf_train_002303
taufiktrf/AQUA20,train,2306,train,4,fish,hf_train_002306
taufiktrf/AQUA20,train,2307,train,4,fish,hf_train_002307
taufiktrf/AQUA20,train,2308,train,4,fish,hf_train_002308
taufiktrf/AQUA20,train,2310,train,4,fish,hf_train_002310
taufiktrf/AQUA20,train,2311,train,4,fish,hf_train_002311
taufiktrf/AQUA20,train,2312,train,4,fish,hf_train_002312
taufiktrf/AQUA20,train,2314,train,4,fish,hf_train_002314
taufiktrf/AQUA20,train,2315,train,4,fish,hf_train_002315
taufiktrf/AQUA20,train,2316,train,4,fish,hf_train_002316
taufiktrf/AQUA20,train,2317,train,4,fish,hf_train_002317
taufiktrf/AQUA20,train,2318,train,4,fish,hf_train_002318
taufiktrf/AQUA20,train,2320,train,4,fish,hf_train_002320
taufiktrf/AQUA20,train,2321,train,4,fish,hf_train_002321
taufiktrf/AQUA20,train,2322,train,4,fish,hf_train_002322
taufiktrf/AQUA20,train,2323,train,4,fish,hf_train_002323
taufiktrf/AQUA20,train,2325,train,4,fish,hf_train_002325
taufiktrf/AQUA20,train,2326,train,4,fish,hf_train_002326
taufiktrf/AQUA20,train,2327,train,4,fish,hf_train_002327
taufiktrf/AQUA20,train,2328,train,4,fish,hf_train_002328
taufiktrf/AQUA20,train,2329,train,4,fish,hf_train_002329
taufiktrf/AQUA20,train,2330,train,4,fish,hf_train_002330
taufiktrf/AQUA20,train,2333,train,4,fish,hf_train_002333
taufiktrf/AQUA20,train,2334,train,4,fish,hf_train_002334
taufiktrf/AQUA20,train,2335,train,4,fish,hf_train_002335
taufiktrf/AQUA20,train,2337,train,4,fish,hf_train_002337
taufiktrf/AQUA20,train,2338,train,4,fish,hf_train_002338
taufiktrf/AQUA20,train,2339,train,4,fish,hf_train_002339
taufiktrf/AQUA20,train,2340,train,4,fish,hf_train_002340
taufiktrf/AQUA20,train,2342,train,4,fish,hf_train_002342
taufiktrf/AQUA20,train,2343,train,4,fish,hf_train_002343
taufiktrf/AQUA20,train,2344,train,4,fish,hf_train_002344
taufiktrf/AQUA20,train,2347,train,4,fish,hf_train_002347
taufiktrf/AQUA20,train,2348,train,4,fish,hf_train_002348
taufiktrf/AQUA20,train,2349,train,4,fish,hf_train_002349
taufiktrf/AQUA20,train,2350,train,4,fish,hf_train_002350
taufiktrf/AQUA20,train,2351,train,4,fish,hf_train_002351
taufiktrf/AQUA20,train,2352,train,4,fish,hf_train_002352
taufiktrf/AQUA20,train,2353,train,4,fish,hf_train_002353
taufiktrf/AQUA20,train,2354,train,4,fish,hf_train_002354
taufiktrf/AQUA20,train,2355,train,4,fish,hf_train_002355
taufiktrf/AQUA20,train,2356,train,4,fish,hf_train_002356
taufiktrf/AQUA20,train,2357,train,4,fish,hf_train_002357
taufiktrf/AQUA20,train,2358,train,4,fish,hf_train_002358
taufiktrf/AQUA20,train,2359,train,4,fish,hf_train_002359
taufiktrf/AQUA20,train,2360,train,4,fish,hf_train_002360
taufiktrf/AQUA20,train,2361,train,4,fish,hf_train_002361
taufiktrf/AQUA20,train,2362,train,4,fish,hf_train_002362
taufiktrf/AQUA20,train,2363,train,4,fish,hf_train_002363
taufiktrf/AQUA20,train,2365,train,4,fish,hf_train_002365
taufiktrf/AQUA20,train,2366,train,4,fish,hf_train_002366
taufiktrf/AQUA20,train,2367,train,4,fish,hf_train_002367
taufiktrf/AQUA20,train,2370,train,4,fish,hf_train_002370
taufiktrf/AQUA20,train,2371,train,4,fish,hf_train_002371
taufiktrf/AQUA20,train,2372,train,4,fish,hf_train_002372
taufiktrf/AQUA20,train,2373,train,4,fish,hf_train_002373
taufiktrf/AQUA20,train,2375,train,4,fish,hf_train_002375
taufiktrf/AQUA20,train,2377,train,4,fish,hf_train_002377
taufiktrf/AQUA20,train,2378,train,4,fish,hf_train_002378
taufiktrf/AQUA20,train,2379,train,4,fish,hf_train_002379
taufiktrf/AQUA20,train,2380,train,4,fish,hf_train_002380
taufiktrf/AQUA20,train,2381,train,4,fish,hf_train_002381
taufiktrf/AQUA20,train,2382,train,4,fish,hf_train_002382
taufiktrf/AQUA20,train,2383,train,4,fish,hf_train_002383
taufiktrf/AQUA20,train,2384,train,4,fish,hf_train_002384
taufiktrf/AQUA20,train,2385,train,4,fish,hf_train_002385
taufiktrf/AQUA20,train,2386,train,4,fish,hf_train_002386
taufiktrf/AQUA20,train,2387,train,4,fish,hf_train_002387
taufiktrf/AQUA20,train,2388,train,4,fish,hf_train_002388
taufiktrf/AQUA20,train,2389,train,4,fish,hf_train_002389
taufiktrf/AQUA20,train,2392,train,4,fish,hf_train_002392
taufiktrf/AQUA20,train,2393,train,4,fish,hf_train_002393
taufiktrf/AQUA20,train,2394,train,4,fish,hf_train_002394
taufiktrf/AQUA20,train,2395,train,4,fish,hf_train_002395
taufiktrf/AQUA20,train,2397,train,4,fish,hf_train_002397
taufiktrf/AQUA20,train,2398,train,4,fish,hf_train_002398
taufiktrf/AQUA20,train,2401,train,4,fish,hf_train_002401
taufiktrf/AQUA20,train,2402,train,4,fish,hf_train_002402
taufiktrf/AQUA20,train,2406,train,4,fish,hf_train_002406
taufiktrf/AQUA20,train,2407,train,4,fish,hf_train_002407
taufiktrf/AQUA20,train,2408,train,4,fish,hf_train_002408
taufiktrf/AQUA20,train,2409,train,4,fish,hf_train_002409
taufiktrf/AQUA20,train,2410,train,4,fish,hf_train_002410
taufiktrf/AQUA20,train,2411,train,4,fish,hf_train_002411
taufiktrf/AQUA20,train,2412,train,4,fish,hf_train_002412
taufiktrf/AQUA20,train,2413,train,4,fish,hf_train_002413
taufiktrf/AQUA20,train,2414,train,4,fish,hf_train_002414
taufiktrf/AQUA20,train,2415,train,4,fish,hf_train_002415
taufiktrf/AQUA20,train,2416,train,4,fish,hf_train_002416
taufiktrf/AQUA20,train,2417,train,4,fish,hf_train_002417
taufiktrf/AQUA20,train,2418,train,4,fish,hf_train_002418
taufiktrf/AQUA20,train,2419,train,4,fish,hf_train_002419
taufiktrf/AQUA20,train,2421,train,4,fish,hf_train_002421
taufiktrf/AQUA20,train,2422,train,4,fish,hf_train_002422
taufiktrf/AQUA20,train,2424,train,4,fish,hf_train_002424
taufiktrf/AQUA20,train,2425,train,4,fish,hf_train_002425
taufiktrf/AQUA20,train,2426,train,4,fish,hf_train_002426
taufiktrf/AQUA20,train,2427,train,4,fish,hf_train_002427
taufiktrf/AQUA20,train,2428,train,4,fish,hf_train_002428
taufiktrf/AQUA20,train,2430,train,4,fish,hf_train_002430
taufiktrf/AQUA20,train,2431,train,4,fish,hf_train_002431
taufiktrf/AQUA20,train,2432,train,4,fish,hf_train_002432
taufiktrf/AQUA20,train,2433,train,4,fish,hf_train_002433
taufiktrf/AQUA20,train,2437,train,4,fish,hf_train_002437
taufiktrf/AQUA20,train,2438,train,4,fish,hf_train_002438
taufiktrf/AQUA20,train,2439,train,4,fish,hf_train_002439
taufiktrf/AQUA20,train,2440,train,4,fish,hf_train_002440
taufiktrf/AQUA20,train,2441,train,4,fish,hf_train_002441
taufiktrf/AQUA20,train,2442,train,4,fish,hf_train_002442
taufiktrf/AQUA20,train,2443,train,4,fish,hf_train_002443
taufiktrf/AQUA20,train,2447,train,4,fish,hf_train_002447
taufiktrf/AQUA20,train,2448,train,4,fish,hf_train_002448
taufiktrf/AQUA20,train,2449,train,4,fish,hf_train_002449
taufiktrf/AQUA20,train,2450,train,4,fish,hf_train_002450
taufiktrf/AQUA20,train,2451,train,4,fish,hf_train_002451
taufiktrf/AQUA20,train,2453,train,4,fish,hf_train_002453
taufiktrf/AQUA20,train,2454,train,4,fish,hf_train_002454
taufiktrf/AQUA20,train,2455,train,4,fish,hf_train_002455
taufiktrf/AQUA20,train,2456,train,4,fish,hf_train_002456
taufiktrf/AQUA20,train,2457,train,4,fish,hf_train_002457
taufiktrf/AQUA20,train,2458,train,4,fish,hf_train_002458
taufiktrf/AQUA20,train,2460,train,4,fish,hf_train_002460
taufiktrf/AQUA20,train,2461,train,4,fish,hf_train_002461
taufiktrf/AQUA20,train,2462,train,4,fish,hf_train_002462
taufiktrf/AQUA20,train,2464,train,4,fish,hf_train_002464
taufiktrf/AQUA20,train,2466,train,4,fish,hf_train_002466
taufiktrf/AQUA20,train,2467,train,4,fish,hf_train_002467
taufiktrf/AQUA20,train,2468,train,4,fish,hf_train_002468
taufiktrf/AQUA20,train,2469,train,4,fish,hf_train_002469
taufiktrf/AQUA20,train,2470,train,4,fish,hf_train_002470
taufiktrf/AQUA20,train,2471,train,4,fish,hf_train_002471
taufiktrf/AQUA20,train,2472,train,4,fish,hf_train_002472
taufiktrf/AQUA20,train,2473,train,4,fish,hf_train_002473
taufiktrf/AQUA20,train,2474,train,4,fish,hf_train_002474
taufiktrf/AQUA20,train,2475,train,4,fish,hf_train_002475
taufiktrf/AQUA20,train,2478,train,4,fish,hf_train_002478
taufiktrf/AQUA20,train,2481,train,4,fish,hf_train_002481
taufiktrf/AQUA20,train,2482,train,4,fish,hf_train_002482
taufiktrf/AQUA20,train,2483,train,4,fish,hf_train_002483
taufiktrf/AQUA20,train,2484,train,4,fish,hf_train_002484
taufiktrf/AQUA20,train,2486,train,4,fish,hf_train_002486
taufiktrf/AQUA20,train,2487,train,4,fish,hf_train_002487
taufiktrf/AQUA20,train,2489,train,4,fish,hf_train_002489
taufiktrf/AQUA20,train,2490,train,4,fish,hf_train_002490
taufiktrf/AQUA20,train,2491,train,4,fish,hf_train_002491
taufiktrf/AQUA20,train,2492,train,4,fish,hf_train_002492
taufiktrf/AQUA20,train,2493,train,4,fish,hf_train_002493
taufiktrf/AQUA20,train,2494,train,4,fish,hf_train_002494
taufiktrf/AQUA20,train,2495,train,4,fish,hf_train_002495
taufiktrf/AQUA20,train,2496,train,4,fish,hf_train_002496
taufiktrf/AQUA20,train,2498,train,4,fish,hf_train_002498
taufiktrf/AQUA20,train,2499,train,4,fish,hf_train_002499
taufiktrf/AQUA20,train,2501,train,4,fish,hf_train_002501
taufiktrf/AQUA20,train,2504,train,4,fish,hf_train_002504
taufiktrf/AQUA20,train,2505,train,4,fish,hf_train_002505
taufiktrf/AQUA20,train,2506,train,4,fish,hf_train_002506
taufiktrf/AQUA20,train,2507,train,4,fish,hf_train_002507
taufiktrf/AQUA20,train,2508,train,4,fish,hf_train_002508
taufiktrf/AQUA20,train,2509,train,4,fish,hf_train_002509
taufiktrf/AQUA20,train,2511,train,4,fish,hf_train_002511
taufiktrf/AQUA20,train,2512,train,4,fish,hf_train_002512
taufiktrf/AQUA20,train,2513,train,4,fish,hf_train_002513
taufiktrf/AQUA20,train,2514,train,4,fish,hf_train_002514
taufiktrf/AQUA20,train,2516,train,4,fish,hf_train_002516
taufiktrf/AQUA20,train,2517,train,4,fish,hf_train_002517
taufiktrf/AQUA20,train,2518,train,4,fish,hf_train_002518
taufiktrf/AQUA20,train,2520,train,4,fish,hf_train_002520
taufiktrf/AQUA20,train,2521,train,4,fish,hf_train_002521
taufiktrf/AQUA20,train,2522,train,4,fish,hf_train_002522
taufiktrf/AQUA20,train,2524,train,4,fish,hf_train_002524
taufiktrf/AQUA20,train,2525,train,4,fish,hf_train_002525
taufiktrf/AQUA20,train,2527,train,4,fish,hf_train_002527
taufiktrf/AQUA20,train,2528,train,4,fish,hf_train_002528
taufiktrf/AQUA20,train,2529,train,4,fish,hf_train_002529
taufiktrf/AQUA20,train,2531,train,4,fish,hf_train_002531
taufiktrf/AQUA20,train,2532,train,4,fish,hf_train_002532
taufiktrf/AQUA20,train,2533,train,4,fish,hf_train_002533
taufiktrf/AQUA20,train,2534,train,4,fish,hf_train_002534
taufiktrf/AQUA20,train,2536,train,4,fish,hf_train_002536
taufiktrf/AQUA20,train,2537,train,4,fish,hf_train_002537
taufiktrf/AQUA20,train,2538,train,4,fish,hf_train_002538
taufiktrf/AQUA20,train,2539,train,4,fish,hf_train_002539
taufiktrf/AQUA20,train,2543,train,4,fish,hf_train_002543
taufiktrf/AQUA20,train,2544,train,4,fish,hf_train_002544
taufiktrf/AQUA20,train,2545,train,4,fish,hf_train_002545
taufiktrf/AQUA20,train,2546,train,4,fish,hf_train_002546
taufiktrf/AQUA20,train,2547,train,4,fish,hf_train_002547
taufiktrf/AQUA20,train,2548,train,4,fish,hf_train_002548
taufiktrf/AQUA20,train,2549,train,4,fish,hf_train_002549
taufiktrf/AQUA20,train,2550,train,4,fish,hf_train_002550
taufiktrf/AQUA20,train,2552,train,4,fish,hf_train_002552
taufiktrf/AQUA20,train,2553,train,4,fish,hf_train_002553
taufiktrf/AQUA20,train,2554,train,4,fish,hf_train_002554
taufiktrf/AQUA20,train,2555,train,4,fish,hf_train_002555
taufiktrf/AQUA20,train,2556,train,4,fish,hf_train_002556
taufiktrf/AQUA20,train,2557,train,4,fish,hf_train_002557
taufiktrf/AQUA20,train,2558,train,4,fish,hf_train_002558
taufiktrf/AQUA20,train,2560,train,4,fish,hf_train_002560
taufiktrf/AQUA20,train,2561,train,4,fish,hf_train_002561
taufiktrf/AQUA20,train,2562,train,4,fish,hf_train_002562
taufiktrf/AQUA20,train,2563,train,4,fish,hf_train_002563
taufiktrf/AQUA20,train,2564,train,4,fish,hf_train_002564
taufiktrf/AQUA20,train,2567,train,4,fish,hf_train_002567
taufiktrf/AQUA20,train,2568,train,4,fish,hf_train_002568
taufiktrf/AQUA20,train,2569,train,4,fish,hf_train_002569
taufiktrf/AQUA20,train,2571,train,4,fish,hf_train_002571
taufiktrf/AQUA20,train,2572,train,4,fish,hf_train_002572
taufiktrf/AQUA20,train,2573,train,4,fish,hf_train_002573
taufiktrf/AQUA20,train,2574,train,4,fish,hf_train_002574
taufiktrf/AQUA20,train,2575,train,4,fish,hf_train_002575
taufiktrf/AQUA20,train,2576,train,4,fish,hf_train_002576
taufiktrf/AQUA20,train,2577,train,4,fish,hf_train_002577
taufiktrf/AQUA20,train,2578,train,4,fish,hf_train_002578
taufiktrf/AQUA20,train,2579,train,4,fish,hf_train_002579
taufiktrf/AQUA20,train,2580,train,4,fish,hf_train_002580
taufiktrf/AQUA20,train,2581,train,4,fish,hf_train_002581
taufiktrf/AQUA20,train,2582,train,4,fish,hf_train_002582
taufiktrf/AQUA20,train,2583,train,4,fish,hf_train_002583
taufiktrf/AQUA20,train,2584,train,4,fish,hf_train_002584
taufiktrf/AQUA20,train,2586,train,4,fish,hf_train_002586
taufiktrf/AQUA20,train,2587,train,4,fish,hf_train_002587
taufiktrf/AQUA20,train,2588,train,4,fish,hf_train_002588
taufiktrf/AQUA20,train,2589,train,4,fish,hf_train_002589
taufiktrf/AQUA20,train,2590,train,4,fish,hf_train_002590
taufiktrf/AQUA20,train,2592,train,4,fish,hf_train_002592
taufiktrf/AQUA20,train,2593,train,4,fish,hf_train_002593
taufiktrf/AQUA20,train,2594,train,4,fish,hf_train_002594
taufiktrf/AQUA20,train,2595,train,4,fish,hf_train_002595
taufiktrf/AQUA20,train,2597,train,4,fish,hf_train_002597
taufiktrf/AQUA20,train,2599,train,4,fish,hf_train_002599
taufiktrf/AQUA20,train,2600,train,4,fish,hf_train_002600
taufiktrf/AQUA20,train,2601,train,4,fish,hf_train_002601
taufiktrf/AQUA20,train,2603,train,4,fish,hf_train_002603
taufiktrf/AQUA20,train,2605,train,4,fish,hf_train_002605
taufiktrf/AQUA20,train,2606,train,4,fish,hf_train_002606
taufiktrf/AQUA20,train,2607,train,4,fish,hf_train_002607
taufiktrf/AQUA20,train,2610,train,4,fish,hf_train_002610
taufiktrf/AQUA20,train,2611,train,4,fish,hf_train_002611
taufiktrf/AQUA20,train,2612,train,4,fish,hf_train_002612
taufiktrf/AQUA20,train,2613,train,4,fish,hf_train_002613
taufiktrf/AQUA20,train,2614,train,4,fish,hf_train_002614
taufiktrf/AQUA20,train,2615,train,4,fish,hf_train_002615
taufiktrf/AQUA20,train,2616,train,4,fish,hf_train_002616
taufiktrf/AQUA20,train,2617,train,4,fish,hf_train_002617
taufiktrf/AQUA20,train,2618,train,4,fish,hf_train_002618
taufiktrf/AQUA20,train,2619,train,4,fish,hf_train_002619
taufiktrf/AQUA20,train,2621,train,4,fish,hf_train_002621
taufiktrf/AQUA20,train,2622,train,4,fish,hf_train_002622
taufiktrf/AQUA20,train,2623,train,4,fish,hf_train_002623
taufiktrf/AQUA20,train,2624,train,4,fish,hf_train_002624
taufiktrf/AQUA20,train,2625,train,4,fish,hf_train_002625
taufiktrf/AQUA20,train,2626,train,4,fish,hf_train_002626
taufiktrf/AQUA20,train,2627,train,4,fish,hf_train_002627
taufiktrf/AQUA20,train,2628,train,4,fish,hf_train_002628
taufiktrf/AQUA20,train,2630,train,4,fish,hf_train_002630
taufiktrf/AQUA20,train,2632,train,4,fish,hf_train_002632
taufiktrf/AQUA20,train,2633,train,4,fish,hf_train_002633
taufiktrf/AQUA20,train,2634,train,4,fish,hf_train_002634
taufiktrf/AQUA20,train,2635,train,4,fish,hf_train_002635
taufiktrf/AQUA20,train,2636,train,4,fish,hf_train_002636
taufiktrf/AQUA20,train,2638,train,4,fish,hf_train_002638
taufiktrf/AQUA20,train,2639,train,4,fish,hf_train_002639
taufiktrf/AQUA20,train,2640,train,4,fish,hf_train_002640
taufiktrf/AQUA20,train,2641,train,4,fish,hf_train_002641
taufiktrf/AQUA20,train,2642,train,4,fish,hf_train_002642
taufiktrf/AQUA20,train,2644,train,4,fish,hf_train_002644
taufiktrf/AQUA20,train,2645,train,4,fish,hf_train_002645
taufiktrf/AQUA20,train,2646,train,4,fish,hf_train_002646
taufiktrf/AQUA20,train,2647,train,4,fish,hf_train_002647
taufiktrf/AQUA20,train,2648,train,4,fish,hf_train_002648
taufiktrf/AQUA20,train,2649,train,4,fish,hf_train_002649
taufiktrf/AQUA20,train,2650,train,4,fish,hf_train_002650
taufiktrf/AQUA20,train,2651,train,4,fish,hf_train_002651
taufiktrf/AQUA20,train,2652,train,4,fish,hf_train_002652
taufiktrf/AQUA20,train,2654,train,4,fish,hf_train_002654
taufiktrf/AQUA20,train,2655,train,4,fish,hf_train_002655
taufiktrf/AQUA20,train,2656,train,4,fish,hf_train_002656
taufiktrf/AQUA20,train,2658,train,4,fish,hf_train_002658
taufiktrf/AQUA20,train,2659,train,4,fish,hf_train_002659
taufiktrf/AQUA20,train,2660,train,4,fish,hf_train_002660
taufiktrf/AQUA20,train,2661,train,4,fish,hf_train_002661
taufiktrf/AQUA20,train,2662,train,4,fish,hf_train_002662
taufiktrf/AQUA20,train,2663,train,4,fish,hf_train_002663
taufiktrf/AQUA20,train,2664,train,4,fish,hf_train_002664
taufiktrf/AQUA20,train,2665,train,4,fish,hf_train_002665
taufiktrf/AQUA20,train,2667,train,4,fish,hf_train_002667
taufiktrf/AQUA20,train,2668,train,4,fish,hf_train_002668
taufiktrf/AQUA20,train,2669,train,4,fish,hf_train_002669
taufiktrf/AQUA20,train,2670,train,4,fish,hf_train_002670
taufiktrf/AQUA20,train,2671,train,4,fish,hf_train_002671
taufiktrf/AQUA20,train,2673,train,4,fish,hf_train_002673
taufiktrf/AQUA20,train,2675,train,4,fish,hf_train_002675
taufiktrf/AQUA20,train,2676,train,4,fish,hf_train_002676
taufiktrf/AQUA20,train,2678,train,4,fish,hf_train_002678
taufiktrf/AQUA20,train,2679,train,4,fish,hf_train_002679
taufiktrf/AQUA20,train,2680,train,4,fish,hf_train_002680
taufiktrf/AQUA20,train,2681,train,4,fish,hf_train_002681
taufiktrf/AQUA20,train,2683,train,4,fish,hf_train_002683
taufiktrf/AQUA20,train,2684,train,4,fish,hf_train_002684
taufiktrf/AQUA20,train,2685,train,4,fish,hf_train_002685
taufiktrf/AQUA20,train,2686,train,4,fish,hf_train_002686
taufiktrf/AQUA20,train,2687,train,4,fish,hf_train_002687
taufiktrf/AQUA20,train,2688,train,4,fish,hf_train_002688
taufiktrf/AQUA20,train,2689,train,4,fish,hf_train_002689
taufiktrf/AQUA20,train,2690,train,4,fish,hf_train_002690
taufiktrf/AQUA20,train,2691,train,4,fish,hf_train_002691
taufiktrf/AQUA20,train,2692,train,4,fish,hf_train_002692
taufiktrf/AQUA20,train,2693,train,4,fish,hf_train_002693
taufiktrf/AQUA20,train,2694,train,4,fish,hf_train_002694
taufiktrf/AQUA20,train,2695,train,4,fish,hf_train_002695
taufiktrf/AQUA20,train,2696,train,4,fish,hf_train_002696
taufiktrf/AQUA20,train,2697,train,4,fish,hf_train_002697
taufiktrf/AQUA20,train,2698,train,4,fish,hf_train_002698
taufiktrf/AQUA20,train,2699,train,4,fish,hf_train_002699
taufiktrf/AQUA20,train,2700,train,4,fish,hf_train_002700
taufiktrf/AQUA20,train,2701,train,4,fish,hf_train_002701
taufiktrf/AQUA20,train,2703,train,4,fish,hf_train_002703
taufiktrf/AQUA20,train,2704,train,4,fish,hf_train_002704
taufiktrf/AQUA20,train,2705,train,4,fish,hf_train_002705
taufiktrf/AQUA20,train,2708,train,4,fish,hf_train_002708
taufiktrf/AQUA20,train,2709,train,4,fish,hf_train_002709
taufiktrf/AQUA20,train,2710,train,4,fish,hf_train_002710
taufiktrf/AQUA20,train,2711,train,4,fish,hf_train_002711
taufiktrf/AQUA20,train,2712,train,4,fish,hf_train_002712
taufiktrf/AQUA20,train,2713,train,4,fish,hf_train_002713
taufiktrf/AQUA20,train,2714,train,4,fish,hf_train_002714
taufiktrf/AQUA20,train,2715,train,4,fish,hf_train_002715
taufiktrf/AQUA20,train,2716,train,4,fish,hf_train_002716
taufiktrf/AQUA20,train,2717,train,4,fish,hf_train_002717
taufiktrf/AQUA20,train,2719,train,4,fish,hf_train_002719
taufiktrf/AQUA20,train,2720,train,4,fish,hf_train_002720
taufiktrf/AQUA20,train,2721,train,4,fish,hf_train_002721
taufiktrf/AQUA20,train,2722,train,4,fish,hf_train_002722
taufiktrf/AQUA20,train,2723,train,4,fish,hf_train_002723
taufiktrf/AQUA20,train,2725,train,4,fish,hf_train_002725
taufiktrf/AQUA20,train,2726,train,4,fish,hf_train_002726
taufiktrf/AQUA20,train,2727,train,4,fish,hf_train_002727
taufiktrf/AQUA20,train,2728,train,4,fish,hf_train_002728
taufiktrf/AQUA20,train,2729,train,4,fish,hf_train_002729
taufiktrf/AQUA20,train,2731,train,4,fish,hf_train_002731
taufiktrf/AQUA20,train,2733,train,4,fish,hf_train_002733
taufiktrf/AQUA20,train,2735,train,4,fish,hf_train_002735
taufiktrf/AQUA20,train,2737,train,4,fish,hf_train_002737
taufiktrf/AQUA20,train,2738,train,4,fish,hf_train_002738
taufiktrf/AQUA20,train,2739,train,4,fish,hf_train_002739
taufiktrf/AQUA20,train,2740,train,4,fish,hf_train_002740
taufiktrf/AQUA20,train,2741,train,4,fish,hf_train_002741
taufiktrf/AQUA20,train,2742,train,4,fish,hf_train_002742
taufiktrf/AQUA20,train,2743,train,4,fish,hf_train_002743
taufiktrf/AQUA20,train,2744,train,4,fish,hf_train_002744
taufiktrf/AQUA20,train,2745,train,4,fish,hf_train_002745
taufiktrf/AQUA20,train,2746,train,4,fish,hf_train_002746
taufiktrf/AQUA20,train,2747,train,4,fish,hf_train_002747
taufiktrf/AQUA20,train,2748,train,4,fish,hf_train_002748
taufiktrf/AQUA20,train,2749,train,4,fish,hf_train_002749
taufiktrf/AQUA20,train,2750,train,4,fish,hf_train_002750
taufiktrf/AQUA20,train,2751,train,4,fish,hf_train_002751
taufiktrf/AQUA20,train,2752,train,4,fish,hf_train_002752
taufiktrf/AQUA20,train,2753,train,4,fish,hf_train_002753
taufiktrf/AQUA20,train,2754,train,4,fish,hf_train_002754
taufiktrf/AQUA20,train,2756,train,4,fish,hf_train_002756
taufiktrf/AQUA20,train,2758,train,4,fish,hf_train_002758
taufiktrf/AQUA20,train,2760,train,4,fish,hf_train_002760
taufiktrf/AQUA20,train,2761,train,4,fish,hf_train_002761
taufiktrf/AQUA20,train,2762,train,4,fish,hf_train_002762
taufiktrf/AQUA20,train,2763,train,4,fish,hf_train_002763
taufiktrf/AQUA20,train,2764,train,4,fish,hf_train_002764
taufiktrf/AQUA20,train,2765,train,4,fish,hf_train_002765
taufiktrf/AQUA20,train,2766,train,4,fish,hf_train_002766
taufiktrf/AQUA20,train,2768,train,4,fish,hf_train_002768
taufiktrf/AQUA20,train,2769,train,4,fish,hf_train_002769
taufiktrf/AQUA20,train,2770,train,4,fish,hf_train_002770
taufiktrf/AQUA20,train,2773,train,4,fish,hf_train_002773
taufiktrf/AQUA20,train,2775,train,4,fish,hf_train_002775
taufiktrf/AQUA20,train,2776,train,4,fish,hf_train_002776
taufiktrf/AQUA20,train,2778,train,4,fish,hf_train_002778
taufiktrf/AQUA20,train,2780,train,4,fish,hf_train_002780
taufiktrf/AQUA20,train,2781,train,4,fish,hf_train_002781
taufiktrf/AQUA20,train,2782,train,4,fish,hf_train_002782
taufiktrf/AQUA20,train,2785,train,4,fish,hf_train_002785
taufiktrf/AQUA20,train,2787,train,4,fish,hf_train_002787
taufiktrf/AQUA20,train,2788,train,4,fish,hf_train_002788
taufiktrf/AQUA20,train,2791,train,4,fish,hf_train_002791
taufiktrf/AQUA20,train,2792,train,4,fish,hf_train_002792
taufiktrf/AQUA20,train,2793,train,4,fish,hf_train_002793
taufiktrf/AQUA20,train,2794,train,4,fish,hf_train_002794
taufiktrf/AQUA20,train,2795,train,4,fish,hf_train_002795
taufiktrf/AQUA20,train,2796,train,4,fish,hf_train_002796
taufiktrf/AQUA20,train,2797,train,4,fish,hf_train_002797
taufiktrf/AQUA20,train,2798,train,4,fish,hf_train_002798
taufiktrf/AQUA20,train,2800,train,4,fish,hf_train_002800
taufiktrf/AQUA20,train,2801,train,4,fish,hf_train_002801
taufiktrf/AQUA20,train,2804,train,4,fish,hf_train_002804
taufiktrf/AQUA20,train,2805,train,4,fish,hf_train_002805
taufiktrf/AQUA20,train,2806,train,4,fish,hf_train_002806
taufiktrf/AQUA20,train,2807,train,4,fish,hf_train_002807
taufiktrf/AQUA20,train,2809,train,4,fish,hf_train_002809
taufiktrf/AQUA20,train,2810,train,4,fish,hf_train_002810
taufiktrf/AQUA20,train,2811,train,4,fish,hf_train_002811
taufiktrf/AQUA20,train,2812,train,4,fish,hf_train_002812
taufiktrf/AQUA20,train,2813,train,4,fish,hf_train_002813
taufiktrf/AQUA20,train,2815,train,4,fish,hf_train_002815
taufiktrf/AQUA20,train,2817,train,4,fish,hf_train_002817
taufiktrf/AQUA20,train,2818,train,4,fish,hf_train_002818
taufiktrf/AQUA20,train,2819,train,4,fish,hf_train_002819
taufiktrf/AQUA20,train,2822,train,4,fish,hf_train_002822
taufiktrf/AQUA20,train,2826,train,4,fish,hf_train_002826
taufiktrf/AQUA20,train,2827,train,4,fish,hf_train_002827
taufiktrf/AQUA20,train,2828,train,4,fish,hf_train_002828
taufiktrf/AQUA20,train,2831,train,4,fish,hf_train_002831
taufiktrf/AQUA20,train,2832,train,4,fish,hf_train_002832
taufiktrf/AQUA20,train,2833,train,4,fish,hf_train_002833
taufiktrf/AQUA20,train,2834,train,4,fish,hf_train_002834
taufiktrf/AQUA20,train,2835,train,4,fish,hf_train_002835
taufiktrf/AQUA20,train,2836,train,4,fish,hf_train_002836
taufiktrf/AQUA20,train,2837,train,4,fish,hf_train_002837
taufiktrf/AQUA20,train,2838,train,4,fish,hf_train_002838
taufiktrf/AQUA20,train,2839,train,4,fish,hf_train_002839
taufiktrf/AQUA20,train,2840,train,4,fish,hf_train_002840
taufiktrf/AQUA20,train,2841,train,4,fish,hf_train_002841
taufiktrf/AQUA20,train,2843,train,4,fish,hf_train_002843
taufiktrf/AQUA20,train,2844,train,4,fish,hf_train_002844
taufiktrf/AQUA20,train,2845,train,4,fish,hf_train_002845
taufiktrf/AQUA20,train,2846,train,4,fish,hf_train_002846
taufiktrf/AQUA20,train,2847,train,4,fish,hf_train_002847
taufiktrf/AQUA20,train,2848,train,4,fish,hf_train_002848
taufiktrf/AQUA20,train,2849,train,4,fish,hf_train_002849
taufiktrf/AQUA20,train,2850,train,4,fish,hf_train_002850
taufiktrf/AQUA20,train,2852,train,4,fish,hf_train_002852
taufiktrf/AQUA20,train,2853,train,4,fish,hf_train_002853
taufiktrf/AQUA20,train,2854,train,4,fish,hf_train_002854
taufiktrf/AQUA20,train,2855,train,4,fish,hf_train_002855
taufiktrf/AQUA20,train,2856,train,4,fish,hf_train_002856
taufiktrf/AQUA20,train,2857,train,4,fish,hf_train_002857
taufiktrf/AQUA20,train,2858,train,4,fish,hf_train_002858
taufiktrf/AQUA20,train,2860,train,4,fish,hf_train_002860
taufiktrf/AQUA20,train,2861,train,4,fish,hf_train_002861
taufiktrf/AQUA20,train,2862,train,4,fish,hf_train_002862
taufiktrf/AQUA20,train,2863,train,4,fish,hf_train_002863
taufiktrf/AQUA20,train,2864,train,4,fish,hf_train_002864
taufiktrf/AQUA20,train,2866,train,4,fish,hf_train_002866
taufiktrf/AQUA20,train,2867,train,4,fish,hf_train_002867
taufiktrf/AQUA20,train,2868,train,4,fish,hf_train_002868
taufiktrf/AQUA20,train,2869,train,4,fish,hf_train_002869
taufiktrf/AQUA20,train,2870,train,4,fish,hf_train_002870
taufiktrf/AQUA20,train,2871,train,4,fish,hf_train_002871
taufiktrf/AQUA20,train,2872,train,4,fish,hf_train_002872
taufiktrf/AQUA20,train,2873,train,4,fish,hf_train_002873
taufiktrf/AQUA20,train,2875,train,4,fish,hf_train_002875
taufiktrf/AQUA20,train,2876,train,4,fish,hf_train_002876
taufiktrf/AQUA20,train,2877,train,4,fish,hf_train_002877
taufiktrf/AQUA20,train,2879,train,4,fish,hf_train_002879
taufiktrf/AQUA20,train,2880,train,4,fish,hf_train_002880
taufiktrf/AQUA20,train,2881,train,4,fish,hf_train_002881
taufiktrf/AQUA20,train,2882,train,4,fish,hf_train_002882
taufiktrf/AQUA20,train,2883,train,4,fish,hf_train_002883
taufiktrf/AQUA20,train,2884,train,4,fish,hf_train_002884
taufiktrf/AQUA20,train,2885,train,4,fish,hf_train_002885
taufiktrf/AQUA20,train,2886,train,4,fish,hf_train_002886
taufiktrf/AQUA20,train,2887,train,4,fish,hf_train_002887
taufiktrf/AQUA20,train,2889,train,4,fish,hf_train_002889
taufiktrf/AQUA20,train,2890,train,4,fish,hf_train_002890
taufiktrf/AQUA20,train,2891,train,4,fish,hf_train_002891
taufiktrf/AQUA20,train,2892,train,4,fish,hf_train_002892
taufiktrf/AQUA20,train,2893,train,4,fish,hf_train_002893
taufiktrf/AQUA20,train,2894,train,4,fish,hf_train_002894
taufiktrf/AQUA20,train,2895,train,4,fish,hf_train_002895
taufiktrf/AQUA20,train,2896,train,4,fish,hf_train_002896
taufiktrf/AQUA20,train,2897,train,4,fish,hf_train_002897
taufiktrf/AQUA20,train,2900,train,4,fish,hf_train_002900
taufiktrf/AQUA20,train,2901,train,4,fish,hf_train_002901
taufiktrf/AQUA20,train,2902,train,4,fish,hf_train_002902
taufiktrf/AQUA20,train,2903,train,4,fish,hf_train_002903
taufiktrf/AQUA20,train,2905,train,4,fish,hf_train_002905
taufiktrf/AQUA20,train,2906,train,4,fish,hf_train_002906
taufiktrf/AQUA20,train,2907,train,4,fish,hf_train_002907
taufiktrf/AQUA20,train,2910,train,4,fish,hf_train_002910
taufiktrf/AQUA20,train,2911,train,4,fish,hf_train_002911
taufiktrf/AQUA20,train,2912,train,4,fish,hf_train_002912
taufiktrf/AQUA20,train,2913,train,4,fish,hf_train_002913
taufiktrf/AQUA20,train,2914,train,4,fish,hf_train_002914
taufiktrf/AQUA20,train,2917,train,4,fish,hf_train_002917
taufiktrf/AQUA20,train,2918,train,4,fish,hf_train_002918
taufiktrf/AQUA20,train,2919,train,4,fish,hf_train_002919
taufiktrf/AQUA20,train,2920,train,4,fish,hf_train_002920
taufiktrf/AQUA20,train,2921,train,4,fish,hf_train_002921
taufiktrf/AQUA20,train,2922,train,4,fish,hf_train_002922
taufiktrf/AQUA20,train,2924,train,4,fish,hf_train_002924
taufiktrf/AQUA20,train,2925,train,4,fish,hf_train_002925
taufiktrf/AQUA20,train,2926,train,4,fish,hf_train_002926
taufiktrf/AQUA20,train,2927,train,4,fish,hf_train_002927
taufiktrf/AQUA20,train,2929,train,4,fish,hf_train_002929
taufiktrf/AQUA20,train,2930,train,4,fish,hf_train_002930
taufiktrf/AQUA20,train,2931,train,4,fish,hf_train_002931
taufiktrf/AQUA20,train,2932,train,4,fish,hf_train_002932
taufiktrf/AQUA20,train,2933,train,4,fish,hf_train_002933
taufiktrf/AQUA20,train,2934,train,4,fish,hf_train_002934
taufiktrf/AQUA20,train,2935,train,4,fish,hf_train_002935
taufiktrf/AQUA20,train,2936,train,4,fish,hf_train_002936
taufiktrf/AQUA20,train,2937,train,4,fish,hf_train_002937
taufiktrf/AQUA20,train,2938,train,4,fish,hf_train_002938
taufiktrf/AQUA20,train,2939,train,4,fish,hf_train_002939
taufiktrf/AQUA20,train,2940,train,4,fish,hf_train_002940
taufiktrf/AQUA20,train,2942,train,4,fish,hf_train_002942
taufiktrf/AQUA20,train,2943,train,4,fish,hf_train_002943
taufiktrf/AQUA20,train,2944,train,4,fish,hf_train_002944
taufiktrf/AQUA20,train,2945,train,4,fish,hf_train_002945
taufiktrf/AQUA20,train,2946,train,4,fish,hf_train_002946
taufiktrf/AQUA20,train,2948,train,4,fish,hf_train_002948
taufiktrf/AQUA20,train,2949,train,4,fish,hf_train_002949
taufiktrf/AQUA20,train,2950,train,4,fish,hf_train_002950
taufiktrf/AQUA20,train,2951,train,4,fish,hf_train_002951
taufiktrf/AQUA20,train,2952,train,4,fish,hf_train_002952
taufiktrf/AQUA20,train,2953,train,4,fish,hf_train_002953
taufiktrf/AQUA20,train,2954,train,4,fish,hf_train_002954
taufiktrf/AQUA20,train,2955,train,4,fish,hf_train_002955
taufiktrf/AQUA20,train,2959,train,4,fish,hf_train_002959
taufiktrf/AQUA20,train,2960,train,4,fish,hf_train_002960
taufiktrf/AQUA20,train,2961,train,4,fish,hf_train_002961
taufiktrf/AQUA20,train,2962,train,4,fish,hf_train_002962
taufiktrf/AQUA20,train,2964,train,4,fish,hf_train_002964
taufiktrf/AQUA20,train,2965,train,4,fish,hf_train_002965
taufiktrf/AQUA20,train,2966,train,4,fish,hf_train_002966
taufiktrf/AQUA20,train,2967,train,4,fish,hf_train_002967
taufiktrf/AQUA20,train,2968,train,4,fish,hf_train_002968
taufiktrf/AQUA20,train,2970,train,4,fish,hf_train_002970
taufiktrf/AQUA20,train,2971,train,4,fish,hf_train_002971
taufiktrf/AQUA20,train,2973,train,4,fish,hf_train_002973
taufiktrf/AQUA20,train,2974,train,4,fish,hf_train_002974
taufiktrf/AQUA20,train,2975,train,4,fish,hf_train_002975
taufiktrf/AQUA20,train,2976,train,4,fish,hf_train_002976
taufiktrf/AQUA20,train,2977,train,4,fish,hf_train_002977
taufiktrf/AQUA20,train,2978,train,4,fish,hf_train_002978
taufiktrf/AQUA20,train,2979,train,4,fish,hf_train_002979
taufiktrf/AQUA20,train,2980,train,4,fish,hf_train_002980
taufiktrf/AQUA20,train,2981,train,4,fish,hf_train_002981
taufiktrf/AQUA20,train,2982,train,4,fish,hf_train_002982
taufiktrf/AQUA20,train,2984,train,4,fish,hf_train_002984
taufiktrf/AQUA20,train,2985,train,4,fish,hf_train_002985
taufiktrf/AQUA20,train,2986,train,4,fish,hf_train_002986
taufiktrf/AQUA20,train,2987,train,4,fish,hf_train_002987
taufiktrf/AQUA20,train,2988,train,4,fish,hf_train_002988
taufiktrf/AQUA20,train,2989,train,4,fish,hf_train_002989
taufiktrf/AQUA20,train,2990,train,4,fish,hf_train_002990
taufiktrf/AQUA20,train,2991,train,4,fish,hf_train_002991
taufiktrf/AQUA20,train,2992,train,4,fish,hf_train_002992
taufiktrf/AQUA20,train,2994,train,4,fish,hf_train_002994
taufiktrf/AQUA20,train,2996,train,4,fish,hf_train_002996
taufiktrf/AQUA20,train,2997,train,4,fish,hf_train_002997
taufiktrf/AQUA20,train,3001,train,4,fish,hf_train_003001
taufiktrf/AQUA20,train,3002,train,4,fish,hf_train_003002
taufiktrf/AQUA20,train,3003,train,4,fish,hf_train_003003
taufiktrf/AQUA20,train,3004,train,4,fish,hf_train_003004
taufiktrf/AQUA20,train,3005,train,4,fish,hf_train_003005
taufiktrf/AQUA20,train,3007,train,4,fish,hf_train_003007
taufiktrf/AQUA20,train,3008,train,4,fish,hf_train_003008
taufiktrf/AQUA20,train,3009,train,4,fish,hf_train_003009
taufiktrf/AQUA20,train,3010,train,4,fish,hf_train_003010
taufiktrf/AQUA20,train,3012,train,4,fish,hf_train_003012
taufiktrf/AQUA20,train,3013,train,4,fish,hf_train_003013
taufiktrf/AQUA20,train,3015,train,4,fish,hf_train_003015
taufiktrf/AQUA20,train,3016,train,4,fish,hf_train_003016
taufiktrf/AQUA20,train,3017,train,4,fish,hf_train_003017
taufiktrf/AQUA20,train,3018,train,4,fish,hf_train_003018
taufiktrf/AQUA20,train,3019,train,4,fish,hf_train_003019
taufiktrf/AQUA20,train,3020,train,4,fish,hf_train_003020
taufiktrf/AQUA20,train,3021,train,4,fish,hf_train_003021
taufiktrf/AQUA20,train,3022,train,4,fish,hf_train_003022
taufiktrf/AQUA20,train,3023,train,4,fish,hf_train_003023
taufiktrf/AQUA20,train,3025,train,4,fish,hf_train_003025
taufiktrf/AQUA20,train,3026,train,4,fish,hf_train_003026
taufiktrf/AQUA20,train,3027,train,4,fish,hf_train_003027
taufiktrf/AQUA20,train,3028,train,4,fish,hf_train_003028
taufiktrf/AQUA20,train,3029,train,4,fish,hf_train_003029
taufiktrf/AQUA20,train,3030,train,4,fish,hf_train_003030
taufiktrf/AQUA20,train,3031,train,4,fish,hf_train_003031
taufiktrf/AQUA20,train,3032,train,4,fish,hf_train_003032
taufiktrf/AQUA20,train,3033,train,4,fish,hf_train_003033
taufiktrf/AQUA20,train,3034,train,4,fish,hf_train_003034
taufiktrf/AQUA20,train,3035,train,4,fish,hf_train_003035
taufiktrf/AQUA20,train,3036,train,4,fish,hf_train_003036
taufiktrf/AQUA20,train,3037,train,4,fish,hf_train_003037
taufiktrf/AQUA20,train,3038,train,4,fish,hf_train_003038
taufiktrf/AQUA20,train,3039,train,4,fish,hf_train_003039
taufiktrf/AQUA20,train,3040,train,4,fish,hf_train_003040
taufiktrf/AQUA20,train,3042,train,4,fish,hf_train_003042
taufiktrf/AQUA20,train,3043,train,4,fish,hf_train_003043
taufiktrf/AQUA20,train,3044,train,4,fish,hf_train_003044
taufiktrf/AQUA20,train,3047,train,4,fish,hf_train_003047
taufiktrf/AQUA20,train,3049,train,4,fish,hf_train_003049
taufiktrf/AQUA20,train,3050,train,4,fish,hf_train_003050
taufiktrf/AQUA20,train,3051,train,4,fish,hf_train_003051
taufiktrf/AQUA20,train,3052,train,4,fish,hf_train_003052
taufiktrf/AQUA20,train,3053,train,4,fish,hf_train_003053
taufiktrf/AQUA20,train,3054,train,4,fish,hf_train_003054
taufiktrf/AQUA20,train,3056,train,4,fish,hf_train_003056
taufiktrf/AQUA20,train,3058,train,4,fish,hf_train_003058
taufiktrf/AQUA20,train,3061,train,4,fish,hf_train_003061
taufiktrf/AQUA20,train,3063,train,4,fish,hf_train_003063
taufiktrf/AQUA20,train,3064,train,4,fish,hf_train_003064
taufiktrf/AQUA20,train,3066,train,4,fish,hf_train_003066
taufiktrf/AQUA20,train,3067,train,4,fish,hf_train_003067
taufiktrf/AQUA20,train,3070,train,4,fish,hf_train_003070
taufiktrf/AQUA20,train,3071,train,4,fish,hf_train_003071
taufiktrf/AQUA20,train,3072,train,4,fish,hf_train_003072
taufiktrf/AQUA20,train,3073,train,4,fish,hf_train_003073
taufiktrf/AQUA20,train,3074,train,4,fish,hf_train_003074
taufiktrf/AQUA20,train,3075,train,4,fish,hf_train_003075
taufiktrf/AQUA20,train,3076,train,4,fish,hf_train_003076
taufiktrf/AQUA20,train,3077,train,4,fish,hf_train_003077
taufiktrf/AQUA20,train,3078,train,4,fish,hf_train_003078
taufiktrf/AQUA20,train,3079,train,4,fish,hf_train_003079
taufiktrf/AQUA20,train,3081,train,4,fish,hf_train_003081
taufiktrf/AQUA20,train,3082,train,4,fish,hf_train_003082
taufiktrf/AQUA20,train,3083,train,4,fish,hf_train_003083
taufiktrf/AQUA20,train,3084,train,4,fish,hf_train_003084
taufiktrf/AQUA20,train,3086,train,4,fish,hf_train_003086
taufiktrf/AQUA20,train,3087,train,4,fish,hf_train_003087
taufiktrf/AQUA20,train,3088,train,4,fish,hf_train_003088
taufiktrf/AQUA20,train,3091,train,4,fish,hf_train_003091
taufiktrf/AQUA20,train,3092,train,4,fish,hf_train_003092
taufiktrf/AQUA20,train,3094,train,4,fish,hf_train_003094
taufiktrf/AQUA20,train,3095,train,4,fish,hf_train_003095
taufiktrf/AQUA20,train,3097,train,4,fish,hf_train_003097
taufiktrf/AQUA20,train,3099,train,4,fish,hf_train_003099
taufiktrf/AQUA20,train,3100,train,4,fish,hf_train_003100
taufiktrf/AQUA20,train,3101,train,4,fish,hf_train_003101
taufiktrf/AQUA20,train,3103,train,4,fish,hf_train_003103
taufiktrf/AQUA20,train,3104,train,4,fish,hf_train_003104
taufiktrf/AQUA20,train,3105,train,4,fish,hf_train_003105
taufiktrf/AQUA20,train,3108,train,4,fish,hf_train_003108
taufiktrf/AQUA20,train,3109,train,4,fish,hf_train_003109
taufiktrf/AQUA20,train,3110,train,4,fish,hf_train_003110
taufiktrf/AQUA20,train,3111,train,4,fish,hf_train_003111
taufiktrf/AQUA20,train,3112,train,4,fish,hf_train_003112
taufiktrf/AQUA20,train,3113,train,4,fish,hf_train_003113
taufiktrf/AQUA20,train,3114,train,4,fish,hf_train_003114
taufiktrf/AQUA20,train,3115,train,4,fish,hf_train_003115
taufiktrf/AQUA20,train,3117,train,4,fish,hf_train_003117
taufiktrf/AQUA20,train,3120,train,4,fish,hf_train_003120
taufiktrf/AQUA20,train,3121,train,4,fish,hf_train_003121
taufiktrf/AQUA20,train,3122,train,4,fish,hf_train_003122
taufiktrf/AQUA20,train,3124,train,4,fish,hf_train_003124
taufiktrf/AQUA20,train,3125,train,4,fish,hf_train_003125
taufiktrf/AQUA20,train,3127,train,4,fish,hf_train_003127
taufiktrf/AQUA20,train,3128,train,4,fish,hf_train_003128
taufiktrf/AQUA20,train,3129,train,4,fish,hf_train_003129
taufiktrf/AQUA20,train,3130,train,4,fish,hf_train_003130
taufiktrf/AQUA20,train,3131,train,4,fish,hf_train_003131
taufiktrf/AQUA20,train,3134,train,4,fish,hf_train_003134
taufiktrf/AQUA20,train,3135,train,4,fish,hf_train_003135
taufiktrf/AQUA20,train,3136,train,4,fish,hf_train_003136
taufiktrf/AQUA20,train,3137,train,4,fish,hf_train_003137
taufiktrf/AQUA20,train,3138,train,4,fish,hf_train_003138
taufiktrf/AQUA20,train,3140,train,4,fish,hf_train_003140
taufiktrf/AQUA20,train,3141,train,4,fish,hf_train_003141
taufiktrf/AQUA20,train,3142,train,4,fish,hf_train_003142
taufiktrf/AQUA20,train,3144,train,4,fish,hf_train_003144
taufiktrf/AQUA20,train,3145,train,4,fish,hf_train_003145
taufiktrf/AQUA20,train,3146,train,4,fish,hf_train_003146
taufiktrf/AQUA20,train,3147,train,4,fish,hf_train_003147
taufiktrf/AQUA20,train,3148,train,4,fish,hf_train_003148
taufiktrf/AQUA20,train,3149,train,4,fish,hf_train_003149
taufiktrf/AQUA20,train,3150,train,4,fish,hf_train_003150
taufiktrf/AQUA20,train,3151,train,4,fish,hf_train_003151
taufiktrf/AQUA20,train,3152,train,4,fish,hf_train_003152
taufiktrf/AQUA20,train,3153,train,4,fish,hf_train_003153
taufiktrf/AQUA20,train,3154,train,4,fish,hf_train_003154
taufiktrf/AQUA20,train,3155,train,4,fish,hf_train_003155
taufiktrf/AQUA20,train,3156,train,4,fish,hf_train_003156
taufiktrf/AQUA20,train,3157,train,4,fish,hf_train_003157
taufiktrf/AQUA20,train,3158,train,4,fish,hf_train_003158
taufiktrf/AQUA20,train,3160,train,4,fish,hf_train_003160
taufiktrf/AQUA20,train,3161,train,4,fish,hf_train_003161
taufiktrf/AQUA20,train,3162,train,4,fish,hf_train_003162
taufiktrf/AQUA20,train,3164,train,4,fish,hf_train_003164
taufiktrf/AQUA20,train,3166,train,4,fish,hf_train_003166
taufiktrf/AQUA20,train,3167,train,4,fish,hf_train_003167
taufiktrf/AQUA20,train,3168,train,4,fish,hf_train_003168
taufiktrf/AQUA20,train,3169,train,4,fish,hf_train_003169
taufiktrf/AQUA20,train,3172,train,4,fish,hf_train_003172
taufiktrf/AQUA20,train,3174,train,4,fish,hf_train_003174
taufiktrf/AQUA20,train,3176,train,4,fish,hf_train_003176
taufiktrf/AQUA20,train,3177,train,4,fish,hf_train_003177
taufiktrf/AQUA20,train,3178,train,4,fish,hf_train_003178
taufiktrf/AQUA20,train,3179,train,4,fish,hf_train_003179
taufiktrf/AQUA20,train,3181,train,4,fish,hf_train_003181
taufiktrf/AQUA20,train,3182,train,4,fish,hf_train_003182
taufiktrf/AQUA20,train,3185,train,4,fish,hf_train_003185
taufiktrf/AQUA20,train,3186,train,4,fish,hf_train_003186
taufiktrf/AQUA20,train,3187,train,4,fish,hf_train_003187
taufiktrf/AQUA20,train,3188,train,4,fish,hf_train_003188
taufiktrf/AQUA20,train,3189,train,4,fish,hf_train_003189
taufiktrf/AQUA20,train,3191,train,4,fish,hf_train_003191
taufiktrf/AQUA20,train,3193,train,4,fish,hf_train_003193
taufiktrf/AQUA20,train,3194,train,4,fish,hf_train_003194
taufiktrf/AQUA20,train,3195,train,4,fish,hf_train_003195
taufiktrf/AQUA20,train,3196,train,4,fish,hf_train_003196
taufiktrf/AQUA20,train,3198,train,4,fish,hf_train_003198
taufiktrf/AQUA20,train,3199,train,4,fish,hf_train_003199
taufiktrf/AQUA20,train,3200,train,4,fish,hf_train_003200
taufiktrf/AQUA20,train,3202,train,4,fish,hf_train_003202
taufiktrf/AQUA20,train,3205,train,4,fish,hf_train_003205
taufiktrf/AQUA20,train,3207,train,4,fish,hf_train_003207
taufiktrf/AQUA20,train,3208,train,4,fish,hf_train_003208
taufiktrf/AQUA20,train,3209,train,4,fish,hf_train_003209
taufiktrf/AQUA20,train,3211,train,4,fish,hf_train_003211
taufiktrf/AQUA20,train,3212,train,4,fish,hf_train_003212
taufiktrf/AQUA20,train,3214,train,4,fish,hf_train_003214
taufiktrf/AQUA20,train,3216,train,4,fish,hf_train_003216
taufiktrf/AQUA20,train,3217,train,4,fish,hf_train_003217
taufiktrf/AQUA20,train,3218,train,4,fish,hf_train_003218
taufiktrf/AQUA20,train,3219,train,4,fish,hf_train_003219
taufiktrf/AQUA20,train,3221,train,4,fish,hf_train_003221
taufiktrf/AQUA20,train,3222,train,4,fish,hf_train_003222
taufiktrf/AQUA20,train,3223,train,4,fish,hf_train_003223
taufiktrf/AQUA20,train,3225,train,4,fish,hf_train_003225
taufiktrf/AQUA20,train,3226,train,4,fish,hf_train_003226
taufiktrf/AQUA20,train,3227,train,4,fish,hf_train_003227
taufiktrf/AQUA20,train,3228,train,4,fish,hf_train_003228
taufiktrf/AQUA20,train,3229,train,4,fish,hf_train_003229
taufiktrf/AQUA20,train,3230,train,4,fish,hf_train_003230
taufiktrf/AQUA20,train,3231,train,4,fish,hf_train_003231
taufiktrf/AQUA20,train,3232,train,4,fish,hf_train_003232
taufiktrf/AQUA20,train,3233,train,4,fish,hf_train_003233
taufiktrf/AQUA20,train,3234,train,4,fish,hf_train_003234
taufiktrf/AQUA20,train,3235,train,4,fish,hf_train_003235
taufiktrf/AQUA20,train,3236,train,4,fish,hf_train_003236
taufiktrf/AQUA20,train,3237,train,4,fish,hf_train_003237
taufiktrf/AQUA20,train,3238,train,4,fish,hf_train_003238
taufiktrf/AQUA20,train,3239,train,4,fish,hf_train_003239
taufiktrf/AQUA20,train,3240,train,4,fish,hf_train_003240
taufiktrf/AQUA20,train,3241,train,4,fish,hf_train_003241
taufiktrf/AQUA20,train,3242,train,4,fish,hf_train_003242
taufiktrf/AQUA20,train,3243,train,4,fish,hf_train_003243
taufiktrf/AQUA20,train,3244,train,4,fish,hf_train_003244
taufiktrf/AQUA20,train,3245,train,4,fish,hf_train_003245
taufiktrf/AQUA20,train,3246,train,4,fish,hf_train_003246
taufiktrf/AQUA20,train,3247,train,4,fish,hf_train_003247
taufiktrf/AQUA20,train,3248,train,4,fish,hf_train_003248
taufiktrf/AQUA20,train,3249,train,4,fish,hf_train_003249
taufiktrf/AQUA20,train,3250,train,4,fish,hf_train_003250
taufiktrf/AQUA20,train,3251,train,4,fish,hf_train_003251
taufiktrf/AQUA20,train,3252,train,4,fish,hf_train_003252
taufiktrf/AQUA20,train,3253,train,4,fish,hf_train_003253
taufiktrf/AQUA20,train,3254,train,4,fish,hf_train_003254
taufiktrf/AQUA20,train,3255,train,4,fish,hf_train_003255
taufiktrf/AQUA20,train,3258,train,4,fish,hf_train_003258
taufiktrf/AQUA20,train,3260,train,4,fish,hf_train_003260
taufiktrf/AQUA20,train,3261,train,4,fish,hf_train_003261
taufiktrf/AQUA20,train,3262,train,4,fish,hf_train_003262
taufiktrf/AQUA20,train,3264,train,4,fish,hf_train_003264
taufiktrf/AQUA20,train,3265,train,4,fish,hf_train_003265
taufiktrf/AQUA20,train,3266,train,4,fish,hf_train_003266
taufiktrf/AQUA20,train,3267,train,4,fish,hf_train_003267
taufiktrf/AQUA20,train,3268,train,4,fish,hf_train_003268
taufiktrf/AQUA20,train,3269,train,4,fish,hf_train_003269
taufiktrf/AQUA20,train,3270,train,4,fish,hf_train_003270
taufiktrf/AQUA20,train,3272,train,4,fish,hf_train_003272
taufiktrf/AQUA20,train,3273,train,4,fish,hf_train_003273
taufiktrf/AQUA20,train,3274,train,4,fish,hf_train_003274
taufiktrf/AQUA20,train,3275,train,4,fish,hf_train_003275
taufiktrf/AQUA20,train,3276,train,4,fish,hf_train_003276
taufiktrf/AQUA20,train,3277,train,4,fish,hf_train_003277
taufiktrf/AQUA20,train,3279,train,4,fish,hf_train_003279
taufiktrf/AQUA20,train,3280,train,4,fish,hf_train_003280
taufiktrf/AQUA20,train,3281,train,4,fish,hf_train_003281
taufiktrf/AQUA20,train,3282,train,4,fish,hf_train_003282
taufiktrf/AQUA20,train,3283,train,4,fish,hf_train_003283
taufiktrf/AQUA20,train,3284,train,4,fish,hf_train_003284
taufiktrf/AQUA20,train,3285,train,4,fish,hf_train_003285
taufiktrf/AQUA20,train,3286,train,4,fish,hf_train_003286
taufiktrf/AQUA20,train,3287,train,4,fish,hf_train_003287
taufiktrf/AQUA20,train,3290,train,4,fish,hf_train_003290
taufiktrf/AQUA20,train,3292,train,4,fish,hf_train_003292
taufiktrf/AQUA20,train,3295,train,4,fish,hf_train_003295
taufiktrf/AQUA20,train,3296,train,4,fish,hf_train_003296
taufiktrf/AQUA20,train,3297,train,4,fish,hf_train_003297
taufiktrf/AQUA20,train,3299,train,4,fish,hf_train_003299
taufiktrf/AQUA20,train,3300,train,4,fish,hf_train_003300
taufiktrf/AQUA20,train,3301,train,4,fish,hf_train_003301
taufiktrf/AQUA20,train,3302,train,4,fish,hf_train_003302
taufiktrf/AQUA20,train,3303,train,4,fish,hf_train_003303
taufiktrf/AQUA20,train,3304,train,4,fish,hf_train_003304
taufiktrf/AQUA20,train,3305,train,4,fish,hf_train_003305
taufiktrf/AQUA20,train,3306,train,4,fish,hf_train_003306
taufiktrf/AQUA20,train,3307,train,4,fish,hf_train_003307
taufiktrf/AQUA20,train,3308,train,4,fish,hf_train_003308
taufiktrf/AQUA20,train,3309,train,4,fish,hf_train_003309
taufiktrf/AQUA20,train,3311,train,4,fish,hf_train_003311
taufiktrf/AQUA20,train,3313,train,4,fish,hf_train_003313
taufiktrf/AQUA20,train,3314,train,4,fish,hf_train_003314
taufiktrf/AQUA20,train,3315,train,4,fish,hf_train_003315
taufiktrf/AQUA20,train,3316,train,4,fish,hf_train_003316
taufiktrf/AQUA20,train,3317,train,4,fish,hf_train_003317
taufiktrf/AQUA20,train,3318,train,4,fish,hf_train_003318
taufiktrf/AQUA20,train,3319,train,4,fish,hf_train_003319
taufiktrf/AQUA20,train,3320,train,4,fish,hf_train_003320
taufiktrf/AQUA20,train,3322,train,4,fish,hf_train_003322
taufiktrf/AQUA20,train,3323,train,4,fish,hf_train_003323
taufiktrf/AQUA20,train,3324,train,4,fish,hf_train_003324
taufiktrf/AQUA20,train,3325,train,4,fish,hf_train_003325
taufiktrf/AQUA20,train,3326,train,4,fish,hf_train_003326
taufiktrf/AQUA20,train,3327,train,4,fish,hf_train_003327
taufiktrf/AQUA20,train,3328,train,4,fish,hf_train_003328
taufiktrf/AQUA20,train,3329,train,4,fish,hf_train_003329
taufiktrf/AQUA20,train,3330,train,4,fish,hf_train_003330
taufiktrf/AQUA20,train,3331,train,4,fish,hf_train_003331
taufiktrf/AQUA20,train,3332,train,4,fish,hf_train_003332
taufiktrf/AQUA20,train,3333,train,4,fish,hf_train_003333
taufiktrf/AQUA20,train,3335,train,4,fish,hf_train_003335
taufiktrf/AQUA20,train,3337,train,4,fish,hf_train_003337
taufiktrf/AQUA20,train,3338,train,4,fish,hf_train_003338
taufiktrf/AQUA20,train,3339,train,4,fish,hf_train_003339
taufiktrf/AQUA20,train,3340,train,4,fish,hf_train_003340
taufiktrf/AQUA20,train,3342,train,4,fish,hf_train_003342
taufiktrf/AQUA20,train,3343,train,4,fish,hf_train_003343
taufiktrf/AQUA20,train,3344,train,4,fish,hf_train_003344
taufiktrf/AQUA20,train,3345,train,4,fish,hf_train_003345
taufiktrf/AQUA20,train,3346,train,4,fish,hf_train_003346
taufiktrf/AQUA20,train,3347,train,4,fish,hf_train_003347
taufiktrf/AQUA20,train,3348,train,4,fish,hf_train_003348
taufiktrf/AQUA20,train,3349,train,4,fish,hf_train_003349
taufiktrf/AQUA20,train,3350,train,4,fish,hf_train_003350
taufiktrf/AQUA20,train,3352,train,4,fish,hf_train_003352
taufiktrf/AQUA20,train,3353,train,4,fish,hf_train_003353
taufiktrf/AQUA20,train,3354,train,4,fish,hf_train_003354
taufiktrf/AQUA20,train,3355,train,4,fish,hf_train_003355
taufiktrf/AQUA20,train,3356,train,4,fish,hf_train_003356
taufiktrf/AQUA20,train,3357,train,4,fish,hf_train_003357
taufiktrf/AQUA20,train,3358,train,4,fish,hf_train_003358
taufiktrf/AQUA20,train,3359,train,4,fish,hf_train_003359
taufiktrf/AQUA20,train,3360,train,4,fish,hf_train_003360
taufiktrf/AQUA20,train,3361,train,4,fish,hf_train_003361
taufiktrf/AQUA20,train,3363,train,4,fish,hf_train_003363
taufiktrf/AQUA20,train,3364,train,4,fish,hf_train_003364
taufiktrf/AQUA20,train,3365,train,4,fish,hf_train_003365
taufiktrf/AQUA20,train,3366,train,4,fish,hf_train_003366
taufiktrf/AQUA20,train,3367,train,4,fish,hf_train_003367
taufiktrf/AQUA20,train,3368,train,4,fish,hf_train_003368
taufiktrf/AQUA20,train,3369,train,4,fish,hf_train_003369
taufiktrf/AQUA20,train,3371,train,4,fish,hf_train_003371
taufiktrf/AQUA20,train,3372,train,4,fish,hf_train_003372
taufiktrf/AQUA20,train,3373,train,4,fish,hf_train_003373
taufiktrf/AQUA20,train,3374,train,4,fish,hf_train_003374
taufiktrf/AQUA20,train,3375,train,4,fish,hf_train_003375
taufiktrf/AQUA20,train,3376,train,4,fish,hf_train_003376
taufiktrf/AQUA20,train,3377,train,4,fish,hf_train_003377
taufiktrf/AQUA20,train,3379,train,4,fish,hf_train_003379
taufiktrf/AQUA20,train,3380,train,4,fish,hf_train_003380
taufiktrf/AQUA20,train,3381,train,4,fish,hf_train_003381
taufiktrf/AQUA20,train,3382,train,4,fish,hf_train_003382
taufiktrf/AQUA20,train,3383,train,4,fish,hf_train_003383
taufiktrf/AQUA20,train,3384,train,4,fish,hf_train_003384
taufiktrf/AQUA20,train,3385,train,4,fish,hf_train_003385
taufiktrf/AQUA20,train,3386,train,4,fish,hf_train_003386
taufiktrf/AQUA20,train,3387,train,4,fish,hf_train_003387
taufiktrf/AQUA20,train,3388,train,4,fish,hf_train_003388
taufiktrf/AQUA20,train,3389,train,4,fish,hf_train_003389
taufiktrf/AQUA20,train,3390,train,4,fish,hf_train_003390
taufiktrf/AQUA20,train,3391,train,4,fish,hf_train_003391
taufiktrf/AQUA20,train,3392,train,4,fish,hf_train_003392
taufiktrf/AQUA20,train,3394,train,4,fish,hf_train_003394
taufiktrf/AQUA20,train,3396,train,4,fish,hf_train_003396
taufiktrf/AQUA20,train,3397,train,4,fish,hf_train_003397
taufiktrf/AQUA20,train,3398,train,4,fish,hf_train_003398
taufiktrf/AQUA20,train,3399,train,4,fish,hf_train_003399
taufiktrf/AQUA20,train,3402,train,4,fish,hf_train_003402
taufiktrf/AQUA20,train,3404,train,4,fish,hf_train_003404
taufiktrf/AQUA20,train,3405,train,4,fish,hf_train_003405
taufiktrf/AQUA20,train,3406,train,4,fish,hf_train_003406
taufiktrf/AQUA20,train,3407,train,4,fish,hf_train_003407
taufiktrf/AQUA20,train,3408,train,4,fish,hf_train_003408
taufiktrf/AQUA20,train,3409,train,4,fish,hf_train_003409
taufiktrf/AQUA20,train,3410,train,4,fish,hf_train_003410
taufiktrf/AQUA20,train,3411,train,4,fish,hf_train_003411
taufiktrf/AQUA20,train,3412,train,4,fish,hf_train_003412
taufiktrf/AQUA20,train,3413,train,4,fish,hf_train_003413
taufiktrf/AQUA20,train,3414,train,4,fish,hf_train_003414
taufiktrf/AQUA20,train,3415,train,4,fish,hf_train_003415
taufiktrf/AQUA20,train,3416,train,4,fish,hf_train_003416
taufiktrf/AQUA20,train,3417,train,4,fish,hf_train_003417
taufiktrf/AQUA20,train,3418,train,4,fish,hf_train_003418
taufiktrf/AQUA20,train,3420,train,4,fish,hf_train_003420
taufiktrf/AQUA20,train,3421,train,4,fish,hf_train_003421
taufiktrf/AQUA20,train,3423,train,4,fish,hf_train_003423
taufiktrf/AQUA20,train,3426,train,4,fish,hf_train_003426
taufiktrf/AQUA20,train,3427,train,4,fish,hf_train_003427
taufiktrf/AQUA20,train,3428,train,4,fish,hf_train_003428
taufiktrf/AQUA20,train,3429,train,4,fish,hf_train_003429
taufiktrf/AQUA20,train,3430,train,4,fish,hf_train_003430
taufiktrf/AQUA20,train,3431,train,4,fish,hf_train_003431
taufiktrf/AQUA20,train,3432,train,4,fish,hf_train_003432
taufiktrf/AQUA20,train,3434,train,4,fish,hf_train_003434
taufiktrf/AQUA20,train,3435,train,4,fish,hf_train_003435
taufiktrf/AQUA20,train,3437,train,4,fish,hf_train_003437
taufiktrf/AQUA20,train,3439,train,4,fish,hf_train_003439
taufiktrf/AQUA20,train,3441,train,4,fish,hf_train_003441
taufiktrf/AQUA20,train,3442,train,4,fish,hf_train_003442
taufiktrf/AQUA20,train,3443,train,4,fish,hf_train_003443
taufiktrf/AQUA20,train,3445,train,4,fish,hf_train_003445
taufiktrf/AQUA20,train,3446,train,4,fish,hf_train_003446
taufiktrf/AQUA20,train,3447,train,4,fish,hf_train_003447
taufiktrf/AQUA20,train,3448,train,4,fish,hf_train_003448
taufiktrf/AQUA20,train,3450,train,4,fish,hf_train_003450
taufiktrf/AQUA20,train,3452,train,4,fish,hf_train_003452
taufiktrf/AQUA20,train,3454,train,4,fish,hf_train_003454
taufiktrf/AQUA20,train,3455,train,4,fish,hf_train_003455
taufiktrf/AQUA20,train,3456,train,4,fish,hf_train_003456
taufiktrf/AQUA20,train,3457,train,4,fish,hf_train_003457
taufiktrf/AQUA20,train,3458,train,4,fish,hf_train_003458
taufiktrf/AQUA20,train,3459,train,4,fish,hf_train_003459
taufiktrf/AQUA20,train,3460,train,4,fish,hf_train_003460
taufiktrf/AQUA20,train,3463,train,4,fish,hf_train_003463
taufiktrf/AQUA20,train,3464,train,4,fish,hf_train_003464
taufiktrf/AQUA20,train,3465,train,4,fish,hf_train_003465
taufiktrf/AQUA20,train,3466,train,4,fish,hf_train_003466
taufiktrf/AQUA20,train,3467,train,4,fish,hf_train_003467
taufiktrf/AQUA20,train,3468,train,4,fish,hf_train_003468
taufiktrf/AQUA20,train,3469,train,4,fish,hf_train_003469
taufiktrf/AQUA20,train,3470,train,4,fish,hf_train_003470
taufiktrf/AQUA20,train,3473,train,4,fish,hf_train_003473
taufiktrf/AQUA20,train,3474,train,4,fish,hf_train_003474
taufiktrf/AQUA20,train,3475,train,4,fish,hf_train_003475
taufiktrf/AQUA20,train,3478,train,4,fish,hf_train_003478
taufiktrf/AQUA20,train,3479,train,4,fish,hf_train_003479
taufiktrf/AQUA20,train,3482,train,4,fish,hf_train_003482
taufiktrf/AQUA20,train,3484,train,4,fish,hf_train_003484
taufiktrf/AQUA20,train,3485,train,4,fish,hf_train_003485
taufiktrf/AQUA20,train,3486,train,4,fish,hf_train_003486
taufiktrf/AQUA20,train,3488,train,4,fish,hf_train_003488
taufiktrf/AQUA20,train,3489,train,4,fish,hf_train_003489
taufiktrf/AQUA20,train,3490,train,4,fish,hf_train_003490
taufiktrf/AQUA20,train,3491,train,4,fish,hf_train_003491
taufiktrf/AQUA20,train,3492,train,4,fish,hf_train_003492
taufiktrf/AQUA20,train,3495,train,4,fish,hf_train_003495
taufiktrf/AQUA20,train,3496,train,4,fish,hf_train_003496
taufiktrf/AQUA20,train,3498,train,4,fish,hf_train_003498
taufiktrf/AQUA20,train,3499,train,4,fish,hf_train_003499
taufiktrf/AQUA20,train,3500,train,4,fish,hf_train_003500
taufiktrf/AQUA20,train,3501,train,4,fish,hf_train_003501
taufiktrf/AQUA20,train,3502,train,4,fish,hf_train_003502
taufiktrf/AQUA20,train,3503,train,4,fish,hf_train_003503
taufiktrf/AQUA20,train,3504,train,4,fish,hf_train_003504
taufiktrf/AQUA20,train,3505,train,4,fish,hf_train_003505
taufiktrf/AQUA20,train,3506,train,4,fish,hf_train_003506
taufiktrf/AQUA20,train,3507,train,4,fish,hf_train_003507
taufiktrf/AQUA20,train,3509,train,4,fish,hf_train_003509
taufiktrf/AQUA20,train,3510,train,4,fish,hf_train_003510
taufiktrf/AQUA20,train,3511,train,4,fish,hf_train_003511
taufiktrf/AQUA20,train,3512,train,4,fish,hf_train_003512
taufiktrf/AQUA20,train,3513,train,4,fish,hf_train_003513
taufiktrf/AQUA20,train,3514,train,4,fish,hf_train_003514
taufiktrf/AQUA20,train,3516,train,4,fish,hf_train_003516
taufiktrf/AQUA20,train,3517,train,4,fish,hf_train_003517
taufiktrf/AQUA20,train,3518,train,4,fish,hf_train_003518
taufiktrf/AQUA20,train,3519,train,4,fish,hf_train_003519
taufiktrf/AQUA20,train,3521,train,4,fish,hf_train_003521
taufiktrf/AQUA20,train,3523,train,4,fish,hf_train_003523
taufiktrf/AQUA20,train,3525,train,4,fish,hf_train_003525
taufiktrf/AQUA20,train,3526,train,4,fish,hf_train_003526
taufiktrf/AQUA20,train,3527,train,4,fish,hf_train_003527
taufiktrf/AQUA20,train,3529,train,4,fish,hf_train_003529
taufiktrf/AQUA20,train,3530,train,4,fish,hf_train_003530
taufiktrf/AQUA20,train,3531,train,4,fish,hf_train_003531
taufiktrf/AQUA20,train,3532,train,4,fish,hf_train_003532
taufiktrf/AQUA20,train,3533,train,4,fish,hf_train_003533
taufiktrf/AQUA20,train,3534,train,4,fish,hf_train_003534
taufiktrf/AQUA20,train,3535,train,4,fish,hf_train_003535
taufiktrf/AQUA20,train,3536,train,4,fish,hf_train_003536
taufiktrf/AQUA20,train,3537,train,4,fish,hf_train_003537
taufiktrf/AQUA20,train,3538,train,4,fish,hf_train_003538
taufiktrf/AQUA20,train,3539,train,4,fish,hf_train_003539
taufiktrf/AQUA20,train,3540,train,4,fish,hf_train_003540
taufiktrf/AQUA20,train,3541,train,4,fish,hf_train_003541
taufiktrf/AQUA20,train,3542,train,4,fish,hf_train_003542
taufiktrf/AQUA20,train,3543,train,4,fish,hf_train_003543
taufiktrf/AQUA20,train,3544,train,4,fish,hf_train_003544
taufiktrf/AQUA20,train,3545,train,4,fish,hf_train_003545
taufiktrf/AQUA20,train,3546,train,4,fish,hf_train_003546
taufiktrf/AQUA20,train,3547,train,4,fish,hf_train_003547
taufiktrf/AQUA20,train,3548,train,4,fish,hf_train_003548
taufiktrf/AQUA20,train,3549,train,4,fish,hf_train_003549
taufiktrf/AQUA20,train,3550,train,4,fish,hf_train_003550
taufiktrf/AQUA20,train,3552,train,4,fish,hf_train_003552
taufiktrf/AQUA20,train,3554,train,4,fish,hf_train_003554
taufiktrf/AQUA20,train,3555,train,4,fish,hf_train_003555
taufiktrf/AQUA20,train,3556,train,4,fish,hf_train_003556
taufiktrf/AQUA20,train,3557,train,4,fish,hf_train_003557
taufiktrf/AQUA20,train,3559,train,4,fish,hf_train_003559
taufiktrf/AQUA20,train,3560,train,4,fish,hf_train_003560
taufiktrf/AQUA20,train,3561,train,4,fish,hf_train_003561
taufiktrf/AQUA20,train,3562,train,4,fish,hf_train_003562
taufiktrf/AQUA20,train,3563,train,4,fish,hf_train_003563
taufiktrf/AQUA20,train,3565,train,4,fish,hf_train_003565
taufiktrf/AQUA20,train,3566,train,4,fish,hf_train_003566
taufiktrf/AQUA20,train,3567,train,4,fish,hf_train_003567
taufiktrf/AQUA20,train,3568,train,4,fish,hf_train_003568
taufiktrf/AQUA20,train,3569,train,4,fish,hf_train_003569
taufiktrf/AQUA20,train,3570,train,4,fish,hf_train_003570
taufiktrf/AQUA20,train,3571,train,4,fish,hf_train_003571
taufiktrf/AQUA20,train,3572,train,4,fish,hf_train_003572
taufiktrf/AQUA20,train,3573,train,4,fish,hf_train_003573
taufiktrf/AQUA20,train,3574,train,4,fish,hf_train_003574
taufiktrf/AQUA20,train,3575,train,4,fish,hf_train_003575
taufiktrf/AQUA20,train,3576,train,4,fish,hf_train_003576
taufiktrf/AQUA20,train,3577,train,4,fish,hf_train_003577
taufiktrf/AQUA20,train,3578,train,4,fish,hf_train_003578
taufiktrf/AQUA20,train,3581,train,4,fish,hf_train_003581
taufiktrf/AQUA20,train,3582,train,4,fish,hf_train_003582
taufiktrf/AQUA20,train,3583,train,4,fish,hf_train_003583
taufiktrf/AQUA20,train,3584,train,4,fish,hf_train_003584
taufiktrf/AQUA20,train,3585,train,4,fish,hf_train_003585
taufiktrf/AQUA20,train,3586,train,4,fish,hf_train_003586
taufiktrf/AQUA20,train,3587,train,4,fish,hf_train_003587
taufiktrf/AQUA20,train,3588,train,4,fish,hf_train_003588
taufiktrf/AQUA20,train,3589,train,4,fish,hf_train_003589
taufiktrf/AQUA20,train,3590,train,4,fish,hf_train_003590
taufiktrf/AQUA20,train,3591,train,4,fish,hf_train_003591
taufiktrf/AQUA20,train,3593,train,4,fish,hf_train_003593
taufiktrf/AQUA20,train,3594,train,4,fish,hf_train_003594
taufiktrf/AQUA20,train,3595,train,4,fish,hf_train_003595
taufiktrf/AQUA20,train,3597,train,4,fish,hf_train_003597
taufiktrf/AQUA20,train,3598,train,4,fish,hf_train_003598
taufiktrf/AQUA20,train,3599,train,4,fish,hf_train_003599
taufiktrf/AQUA20,train,3600,train,4,fish,hf_train_003600
taufiktrf/AQUA20,train,3601,train,4,fish,hf_train_003601
taufiktrf/AQUA20,train,3602,train,4,fish,hf_train_003602
taufiktrf/AQUA20,train,3603,train,4,fish,hf_train_003603
taufiktrf/AQUA20,train,3604,train,4,fish,hf_train_003604
taufiktrf/AQUA20,train,3605,train,4,fish,hf_train_003605
taufiktrf/AQUA20,train,3606,train,4,fish,hf_train_003606
taufiktrf/AQUA20,train,3607,train,4,fish,hf_train_003607
taufiktrf/AQUA20,train,3608,train,4,fish,hf_train_003608
taufiktrf/AQUA20,train,3609,train,4,fish,hf_train_003609
taufiktrf/AQUA20,train,3610,train,4,fish,hf_train_003610
taufiktrf/AQUA20,train,3611,train,4,fish,hf_train_003611
taufiktrf/AQUA20,train,3612,train,4,fish,hf_train_003612
taufiktrf/AQUA20,train,3618,train,4,fish,hf_train_003618
taufiktrf/AQUA20,train,3619,train,4,fish,hf_train_003619
taufiktrf/AQUA20,train,3620,train,4,fish,hf_train_003620
taufiktrf/AQUA20,train,3621,train,4,fish,hf_train_003621
taufiktrf/AQUA20,train,3623,train,4,fish,hf_train_003623
taufiktrf/AQUA20,train,3624,train,4,fish,hf_train_003624
taufiktrf/AQUA20,train,3625,train,4,fish,hf_train_003625
taufiktrf/AQUA20,train,3626,train,4,fish,hf_train_003626
taufiktrf/AQUA20,train,3627,train,4,fish,hf_train_003627
taufiktrf/AQUA20,train,3629,train,4,fish,hf_train_003629
taufiktrf/AQUA20,train,3630,train,4,fish,hf_train_003630
taufiktrf/AQUA20,train,3632,train,4,fish,hf_train_003632
taufiktrf/AQUA20,train,3634,train,4,fish,hf_train_003634
taufiktrf/AQUA20,train,3635,train,4,fish,hf_train_003635
taufiktrf/AQUA20,train,3636,train,4,fish,hf_train_003636
taufiktrf/AQUA20,train,3637,train,4,fish,hf_train_003637
taufiktrf/AQUA20,train,3638,train,4,fish,hf_train_003638
taufiktrf/AQUA20,train,3640,train,4,fish,hf_train_003640
taufiktrf/AQUA20,train,3642,train,4,fish,hf_train_003642
taufiktrf/AQUA20,train,3644,train,4,fish,hf_train_003644
taufiktrf/AQUA20,train,3645,train,4,fish,hf_train_003645
taufiktrf/AQUA20,train,3646,train,4,fish,hf_train_003646
taufiktrf/AQUA20,train,3647,train,4,fish,hf_train_003647
taufiktrf/AQUA20,train,3648,train,4,fish,hf_train_003648
taufiktrf/AQUA20,train,3649,train,4,fish,hf_train_003649
taufiktrf/AQUA20,train,3650,train,4,fish,hf_train_003650
taufiktrf/AQUA20,train,3651,train,4,fish,hf_train_003651
taufiktrf/AQUA20,train,3652,train,4,fish,hf_train_003652
taufiktrf/AQUA20,train,3655,train,4,fish,hf_train_003655
taufiktrf/AQUA20,train,3656,train,4,fish,hf_train_003656
taufiktrf/AQUA20,train,3657,train,4,fish,hf_train_003657
taufiktrf/AQUA20,train,3658,train,4,fish,hf_train_003658
taufiktrf/AQUA20,train,3659,train,4,fish,hf_train_003659
taufiktrf/AQUA20,train,3660,train,4,fish,hf_train_003660
taufiktrf/AQUA20,train,3662,train,4,fish,hf_train_003662
taufiktrf/AQUA20,train,3664,train,4,fish,hf_train_003664
taufiktrf/AQUA20,train,3665,train,4,fish,hf_train_003665
taufiktrf/AQUA20,train,3666,train,4,fish,hf_train_003666
taufiktrf/AQUA20,train,3668,train,4,fish,hf_train_003668
taufiktrf/AQUA20,train,3670,train,4,fish,hf_train_003670
taufiktrf/AQUA20,train,3671,train,4,fish,hf_train_003671
taufiktrf/AQUA20,train,3672,train,4,fish,hf_train_003672
taufiktrf/AQUA20,train,3673,train,4,fish,hf_train_003673
taufiktrf/AQUA20,train,3675,train,4,fish,hf_train_003675
taufiktrf/AQUA20,train,3676,train,4,fish,hf_train_003676
taufiktrf/AQUA20,train,3677,train,4,fish,hf_train_003677
taufiktrf/AQUA20,train,3678,train,4,fish,hf_train_003678
taufiktrf/AQUA20,train,3681,train,4,fish,hf_train_003681
taufiktrf/AQUA20,train,3682,train,4,fish,hf_train_003682
taufiktrf/AQUA20,train,3683,train,4,fish,hf_train_003683
taufiktrf/AQUA20,train,3684,train,4,fish,hf_train_003684
taufiktrf/AQUA20,train,3685,train,4,fish,hf_train_003685
taufiktrf/AQUA20,train,3686,train,4,fish,hf_train_003686
taufiktrf/AQUA20,train,3687,train,4,fish,hf_train_003687
taufiktrf/AQUA20,train,3688,train,4,fish,hf_train_003688
taufiktrf/AQUA20,train,3689,train,4,fish,hf_train_003689
taufiktrf/AQUA20,train,3690,train,4,fish,hf_train_003690
taufiktrf/AQUA20,train,3691,train,4,fish,hf_train_003691
taufiktrf/AQUA20,train,3692,train,4,fish,hf_train_003692
taufiktrf/AQUA20,train,3693,train,4,fish,hf_train_003693
taufiktrf/AQUA20,train,3694,train,4,fish,hf_train_003694
taufiktrf/AQUA20,train,3695,train,4,fish,hf_train_003695
taufiktrf/AQUA20,train,3696,train,4,fish,hf_train_003696
taufiktrf/AQUA20,train,3697,train,4,fish,hf_train_003697
taufiktrf/AQUA20,train,3698,train,4,fish,hf_train_003698
taufiktrf/AQUA20,train,3699,train,4,fish,hf_train_003699
taufiktrf/AQUA20,train,3700,train,4,fish,hf_train_003700
taufiktrf/AQUA20,train,3701,train,4,fish,hf_train_003701
taufiktrf/AQUA20,train,3702,train,4,fish,hf_train_003702
taufiktrf/AQUA20,train,3703,train,4,fish,hf_train_003703
taufiktrf/AQUA20,train,3704,train,4,fish,hf_train_003704
taufiktrf/AQUA20,train,3705,train,4,fish,hf_train_003705
taufiktrf/AQUA20,train,3706,train,4,fish,hf_train_003706
taufiktrf/AQUA20,train,3707,train,4,fish,hf_train_003707
taufiktrf/AQUA20,train,3709,train,4,fish,hf_train_003709
taufiktrf/AQUA20,train,3710,train,4,fish,hf_train_003710
taufiktrf/AQUA20,train,3711,train,4,fish,hf_train_003711
taufiktrf/AQUA20,train,3712,train,4,fish,hf_train_003712
taufiktrf/AQUA20,train,3713,train,4,fish,hf_train_003713
taufiktrf/AQUA20,train,3715,train,4,fish,hf_train_003715
taufiktrf/AQUA20,train,3716,train,4,fish,hf_train_003716
taufiktrf/AQUA20,train,3717,train,4,fish,hf_train_003717
taufiktrf/AQUA20,train,3718,train,4,fish,hf_train_003718
taufiktrf/AQUA20,train,3719,train,4,fish,hf_train_003719
taufiktrf/AQUA20,train,3720,train,4,fish,hf_train_003720
taufiktrf/AQUA20,train,3721,train,4,fish,hf_train_003721
taufiktrf/AQUA20,train,3722,train,4,fish,hf_train_003722
taufiktrf/AQUA20,train,3723,train,4,fish,hf_train_003723
taufiktrf/AQUA20,train,3724,train,4,fish,hf_train_003724
taufiktrf/AQUA20,train,3725,train,4,fish,hf_train_003725
taufiktrf/AQUA20,train,3727,train,4,fish,hf_train_003727
taufiktrf/AQUA20,train,3728,train,4,fish,hf_train_003728
taufiktrf/AQUA20,train,3729,train,4,fish,hf_train_003729
taufiktrf/AQUA20,train,3730,train,4,fish,hf_train_003730
taufiktrf/AQUA20,train,3731,train,4,fish,hf_train_003731
taufiktrf/AQUA20,train,3733,train,4,fish,hf_train_003733
taufiktrf/AQUA20,train,3734,train,4,fish,hf_train_003734
taufiktrf/AQUA20,train,3735,train,4,fish,hf_train_003735
taufiktrf/AQUA20,train,3737,train,4,fish,hf_train_003737
taufiktrf/AQUA20,train,3738,train,4,fish,hf_train_003738
taufiktrf/AQUA20,train,3739,train,4,fish,hf_train_003739
taufiktrf/AQUA20,train,3740,train,4,fish,hf_train_003740
taufiktrf/AQUA20,train,3742,train,4,fish,hf_train_003742
taufiktrf/AQUA20,train,3744,train,4,fish,hf_train_003744
taufiktrf/AQUA20,train,3745,train,4,fish,hf_train_003745
taufiktrf/AQUA20,train,3747,train,4,fish,hf_train_003747
taufiktrf/AQUA20,train,3748,train,4,fish,hf_train_003748
taufiktrf/AQUA20,train,3749,train,4,fish,hf_train_003749
taufiktrf/AQUA20,train,3750,train,4,fish,hf_train_003750
taufiktrf/AQUA20,train,3751,train,4,fish,hf_train_003751
taufiktrf/AQUA20,train,3752,train,4,fish,hf_train_003752
taufiktrf/AQUA20,train,3753,train,4,fish,hf_train_003753
taufiktrf/AQUA20,train,3756,train,4,fish,hf_train_003756
taufiktrf/AQUA20,train,3758,train,4,fish,hf_train_003758
taufiktrf/AQUA20,train,3759,train,4,fish,hf_train_003759
taufiktrf/AQUA20,train,3761,train,4,fish,hf_train_003761
taufiktrf/AQUA20,train,3762,train,4,fish,hf_train_003762
taufiktrf/AQUA20,train,3764,train,4,fish,hf_train_003764
taufiktrf/AQUA20,train,3765,train,4,fish,hf_train_003765
taufiktrf/AQUA20,train,3766,train,4,fish,hf_train_003766
taufiktrf/AQUA20,train,3767,train,4,fish,hf_train_003767
taufiktrf/AQUA20,train,3768,train,4,fish,hf_train_003768
taufiktrf/AQUA20,train,3769,train,4,fish,hf_train_003769
taufiktrf/AQUA20,train,3770,train,4,fish,hf_train_003770
taufiktrf/AQUA20,train,3771,train,4,fish,hf_train_003771
taufiktrf/AQUA20,train,3773,train,4,fish,hf_train_003773
taufiktrf/AQUA20,train,3774,train,4,fish,hf_train_003774
taufiktrf/AQUA20,train,3775,train,4,fish,hf_train_003775
taufiktrf/AQUA20,train,3777,train,4,fish,hf_train_003777
taufiktrf/AQUA20,train,3778,train,4,fish,hf_train_003778
taufiktrf/AQUA20,train,3780,train,4,fish,hf_train_003780
taufiktrf/AQUA20,train,3781,train,4,fish,hf_train_003781
taufiktrf/AQUA20,train,3782,train,4,fish,hf_train_003782
taufiktrf/AQUA20,train,3783,train,4,fish,hf_train_003783
taufiktrf/AQUA20,train,3784,train,4,fish,hf_train_003784
taufiktrf/AQUA20,train,3786,train,4,fish,hf_train_003786
taufiktrf/AQUA20,train,3787,train,4,fish,hf_train_003787
taufiktrf/AQUA20,train,3789,train,4,fish,hf_train_003789
taufiktrf/AQUA20,train,3790,train,4,fish,hf_train_003790
taufiktrf/AQUA20,train,3791,train,4,fish,hf_train_003791
taufiktrf/AQUA20,train,3792,train,4,fish,hf_train_003792
taufiktrf/AQUA20,train,3794,train,4,fish,hf_train_003794
taufiktrf/AQUA20,train,3795,train,4,fish,hf_train_003795
taufiktrf/AQUA20,train,3796,train,4,fish,hf_train_003796
taufiktrf/AQUA20,train,3797,train,4,fish,hf_train_003797
taufiktrf/AQUA20,train,3799,train,4,fish,hf_train_003799
taufiktrf/AQUA20,train,3800,train,4,fish,hf_train_003800
taufiktrf/AQUA20,train,3801,train,4,fish,hf_train_003801
taufiktrf/AQUA20,train,3802,train,4,fish,hf_train_003802
taufiktrf/AQUA20,train,3804,train,4,fish,hf_train_003804
taufiktrf/AQUA20,train,3806,train,4,fish,hf_train_003806
taufiktrf/AQUA20,train,3807,train,4,fish,hf_train_003807
taufiktrf/AQUA20,train,3808,train,4,fish,hf_train_003808
taufiktrf/AQUA20,train,3810,train,4,fish,hf_train_003810
taufiktrf/AQUA20,train,3811,train,4,fish,hf_train_003811
taufiktrf/AQUA20,train,3812,train,4,fish,hf_train_003812
taufiktrf/AQUA20,train,3813,train,4,fish,hf_train_003813
taufiktrf/AQUA20,train,3814,train,4,fish,hf_train_003814
taufiktrf/AQUA20,train,3816,train,4,fish,hf_train_003816
taufiktrf/AQUA20,train,3817,train,4,fish,hf_train_003817
taufiktrf/AQUA20,train,3818,train,4,fish,hf_train_003818
taufiktrf/AQUA20,train,3820,train,4,fish,hf_train_003820
taufiktrf/AQUA20,train,3821,train,4,fish,hf_train_003821
taufiktrf/AQUA20,train,3823,train,4,fish,hf_train_003823
taufiktrf/AQUA20,train,3825,train,4,fish,hf_train_003825
taufiktrf/AQUA20,train,3826,train,4,fish,hf_train_003826
taufiktrf/AQUA20,train,3827,train,4,fish,hf_train_003827
taufiktrf/AQUA20,train,3828,train,4,fish,hf_train_003828
taufiktrf/AQUA20,train,3830,train,4,fish,hf_train_003830
taufiktrf/AQUA20,train,3831,train,4,fish,hf_train_003831
taufiktrf/AQUA20,train,3832,train,4,fish,hf_train_003832
taufiktrf/AQUA20,train,3833,train,4,fish,hf_train_003833
taufiktrf/AQUA20,train,3834,train,4,fish,hf_train_003834
taufiktrf/AQUA20,train,3835,train,4,fish,hf_train_003835
taufiktrf/AQUA20,train,3837,train,4,fish,hf_train_003837
taufiktrf/AQUA20,train,3838,train,4,fish,hf_train_003838
taufiktrf/AQUA20,train,3839,train,4,fish,hf_train_003839
taufiktrf/AQUA20,train,3840,train,4,fish,hf_train_003840
taufiktrf/AQUA20,train,3841,train,4,fish,hf_train_003841
taufiktrf/AQUA20,train,3842,train,4,fish,hf_train_003842
taufiktrf/AQUA20,train,3843,train,4,fish,hf_train_003843
taufiktrf/AQUA20,train,3844,train,4,fish,hf_train_003844
taufiktrf/AQUA20,train,3845,train,4,fish,hf_train_003845
taufiktrf/AQUA20,train,3846,train,4,fish,hf_train_003846
taufiktrf/AQUA20,train,3847,train,4,fish,hf_train_003847
taufiktrf/AQUA20,train,3850,train,4,fish,hf_train_003850
taufiktrf/AQUA20,train,3851,train,4,fish,hf_train_003851
taufiktrf/AQUA20,train,3852,train,4,fish,hf_train_003852
taufiktrf/AQUA20,train,3853,train,4,fish,hf_train_003853
taufiktrf/AQUA20,train,3854,train,4,fish,hf_train_003854
taufiktrf/AQUA20,train,3855,train,4,fish,hf_train_003855
taufiktrf/AQUA20,train,3857,train,4,fish,hf_train_003857
taufiktrf/AQUA20,train,3858,train,4,fish,hf_train_003858
taufiktrf/AQUA20,train,3859,train,4,fish,hf_train_003859
taufiktrf/AQUA20,train,3860,train,4,fish,hf_train_003860
taufiktrf/AQUA20,train,3861,train,4,fish,hf_train_003861
taufiktrf/AQUA20,train,3863,train,4,fish,hf_train_003863
taufiktrf/AQUA20,train,3864,train,4,fish,hf_train_003864
taufiktrf/AQUA20,train,3865,train,4,fish,hf_train_003865
taufiktrf/AQUA20,train,3866,train,4,fish,hf_train_003866
taufiktrf/AQUA20,train,3867,train,4,fish,hf_train_003867
taufiktrf/AQUA20,train,3868,train,4,fish,hf_train_003868
taufiktrf/AQUA20,train,3869,train,4,fish,hf_train_003869
taufiktrf/AQUA20,train,3870,train,4,fish,hf_train_003870
taufiktrf/AQUA20,train,3872,train,4,fish,hf_train_003872
taufiktrf/AQUA20,train,3873,train,4,fish,hf_train_003873
taufiktrf/AQUA20,train,3874,train,4,fish,hf_train_003874
taufiktrf/AQUA20,train,3875,train,4,fish,hf_train_003875
taufiktrf/AQUA20,train,3876,train,4,fish,hf_train_003876
taufiktrf/AQUA20,train,3877,train,4,fish,hf_train_003877
taufiktrf/AQUA20,train,3878,train,4,fish,hf_train_003878
taufiktrf/AQUA20,train,3879,train,4,fish,hf_train_003879
taufiktrf/AQUA20,train,3880,train,4,fish,hf_train_003880
taufiktrf/AQUA20,train,3881,train,4,fish,hf_train_003881
taufiktrf/AQUA20,train,3882,train,4,fish,hf_train_003882
taufiktrf/AQUA20,train,3883,train,4,fish,hf_train_003883
taufiktrf/AQUA20,train,3886,train,4,fish,hf_train_003886
taufiktrf/AQUA20,train,3889,train,4,fish,hf_train_003889
taufiktrf/AQUA20,train,3890,train,4,fish,hf_train_003890
taufiktrf/AQUA20,train,3892,train,4,fish,hf_train_003892
taufiktrf/AQUA20,train,3893,train,4,fish,hf_train_003893
taufiktrf/AQUA20,train,3894,train,4,fish,hf_train_003894
taufiktrf/AQUA20,train,3895,train,4,fish,hf_train_003895
taufiktrf/AQUA20,train,3896,train,4,fish,hf_train_003896
taufiktrf/AQUA20,train,3897,train,4,fish,hf_train_003897
taufiktrf/AQUA20,train,3898,train,4,fish,hf_train_003898
taufiktrf/AQUA20,train,3899,train,4,fish,hf_train_003899
taufiktrf/AQUA20,train,3900,train,4,fish,hf_train_003900
taufiktrf/AQUA20,train,3901,train,4,fish,hf_train_003901
taufiktrf/AQUA20,train,3902,train,4,fish,hf_train_003902
taufiktrf/AQUA20,train,3903,train,4,fish,hf_train_003903
taufiktrf/AQUA20,train,3904,train,4,fish,hf_train_003904
taufiktrf/AQUA20,train,3905,train,4,fish,hf_train_003905
taufiktrf/AQUA20,train,3906,train,4,fish,hf_train_003906
taufiktrf/AQUA20,train,3907,train,4,fish,hf_train_003907
taufiktrf/AQUA20,train,3908,train,4,fish,hf_train_003908
taufiktrf/AQUA20,train,3909,train,4,fish,hf_train_003909
taufiktrf/AQUA20,train,3910,train,4,fish,hf_train_003910
taufiktrf/AQUA20,train,3912,train,4,fish,hf_train_003912
taufiktrf/AQUA20,train,3913,train,4,fish,hf_train_003913
taufiktrf/AQUA20,train,3914,train,4,fish,hf_train_003914
taufiktrf/AQUA20,train,3915,train,4,fish,hf_train_003915
taufiktrf/AQUA20,train,3916,train,4,fish,hf_train_003916
taufiktrf/AQUA20,train,3919,train,4,fish,hf_train_003919
taufiktrf/AQUA20,train,3920,train,4,fish,hf_train_003920
taufiktrf/AQUA20,train,3922,train,4,fish,hf_train_003922
taufiktrf/AQUA20,train,3923,train,4,fish,hf_train_003923
taufiktrf/AQUA20,train,3924,train,4,fish,hf_train_003924
taufiktrf/AQUA20,train,3925,train,4,fish,hf_train_003925
taufiktrf/AQUA20,train,3926,train,4,fish,hf_train_003926
taufiktrf/AQUA20,train,3927,train,4,fish,hf_train_003927
taufiktrf/AQUA20,train,3928,train,4,fish,hf_train_003928
taufiktrf/AQUA20,train,3930,train,4,fish,hf_train_003930
taufiktrf/AQUA20,train,3931,train,4,fish,hf_train_003931
taufiktrf/AQUA20,train,3932,train,4,fish,hf_train_003932
taufiktrf/AQUA20,train,3933,train,4,fish,hf_train_003933
taufiktrf/AQUA20,train,3934,train,4,fish,hf_train_003934
taufiktrf/AQUA20,train,3936,train,4,fish,hf_train_003936
taufiktrf/AQUA20,train,3937,train,4,fish,hf_train_003937
taufiktrf/AQUA20,train,3938,train,4,fish,hf_train_003938
taufiktrf/AQUA20,train,3939,train,4,fish,hf_train_003939
taufiktrf/AQUA20,train,3941,train,4,fish,hf_train_003941
taufiktrf/AQUA20,train,3942,train,4,fish,hf_train_003942
taufiktrf/AQUA20,train,3943,train,4,fish,hf_train_003943
taufiktrf/AQUA20,train,3944,train,4,fish,hf_train_003944
taufiktrf/AQUA20,train,3945,train,4,fish,hf_train_003945
taufiktrf/AQUA20,train,3946,train,4,fish,hf_train_003946
taufiktrf/AQUA20,train,3947,train,4,fish,hf_train_003947
taufiktrf/AQUA20,train,3948,train,4,fish,hf_train_003948
taufiktrf/AQUA20,train,3949,train,4,fish,hf_train_003949
taufiktrf/AQUA20,train,3950,train,4,fish,hf_train_003950
taufiktrf/AQUA20,train,3951,train,4,fish,hf_train_003951
taufiktrf/AQUA20,train,3953,train,4,fish,hf_train_003953
taufiktrf/AQUA20,train,3954,train,4,fish,hf_train_003954
taufiktrf/AQUA20,train,3955,train,4,fish,hf_train_003955
taufiktrf/AQUA20,train,3957,train,4,fish,hf_train_003957
taufiktrf/AQUA20,train,3958,train,4,fish,hf_train_003958
taufiktrf/AQUA20,train,3960,train,4,fish,hf_train_003960
taufiktrf/AQUA20,train,3961,train,4,fish,hf_train_003961
taufiktrf/AQUA20,train,3962,train,4,fish,hf_train_003962
taufiktrf/AQUA20,train,3965,train,4,fish,hf_train_003965
taufiktrf/AQUA20,train,3966,train,4,fish,hf_train_003966
taufiktrf/AQUA20,train,3967,train,4,fish,hf_train_003967
taufiktrf/AQUA20,train,3968,train,4,fish,hf_train_003968
taufiktrf/AQUA20,train,3970,train,4,fish,hf_train_003970
taufiktrf/AQUA20,train,3971,train,4,fish,hf_train_003971
taufiktrf/AQUA20,train,3972,train,4,fish,hf_train_003972
taufiktrf/AQUA20,train,3973,train,4,fish,hf_train_003973
taufiktrf/AQUA20,train,3975,train,4,fish,hf_train_003975
taufiktrf/AQUA20,train,3976,train,4,fish,hf_train_003976
taufiktrf/AQUA20,train,3977,train,4,fish,hf_train_003977
taufiktrf/AQUA20,train,3978,train,4,fish,hf_train_003978
taufiktrf/AQUA20,train,3979,train,4,fish,hf_train_003979
taufiktrf/AQUA20,train,3980,train,4,fish,hf_train_003980
taufiktrf/AQUA20,train,3981,train,4,fish,hf_train_003981
taufiktrf/AQUA20,train,3982,train,4,fish,hf_train_003982
taufiktrf/AQUA20,train,3983,train,4,fish,hf_train_003983
taufiktrf/AQUA20,train,3984,train,4,fish,hf_train_003984
taufiktrf/AQUA20,train,3987,train,4,fish,hf_train_003987
taufiktrf/AQUA20,train,3988,train,4,fish,hf_train_003988
taufiktrf/AQUA20,train,3989,train,4,fish,hf_train_003989
taufiktrf/AQUA20,train,3990,train,4,fish,hf_train_003990
taufiktrf/AQUA20,train,3994,train,4,fish,hf_train_003994
taufiktrf/AQUA20,train,3995,train,4,fish,hf_train_003995
taufiktrf/AQUA20,train,3996,train,4,fish,hf_train_003996
taufiktrf/AQUA20,train,3998,train,4,fish,hf_train_003998
taufiktrf/AQUA20,train,3999,train,4,fish,hf_train_003999
taufiktrf/AQUA20,train,4000,train,4,fish,hf_train_004000
taufiktrf/AQUA20,train,4002,train,4,fish,hf_train_004002
taufiktrf/AQUA20,train,4004,train,4,fish,hf_train_004004
taufiktrf/AQUA20,train,4007,train,4,fish,hf_train_004007
taufiktrf/AQUA20,train,4009,train,4,fish,hf_train_004009
taufiktrf/AQUA20,train,4010,train,4,fish,hf_train_004010
taufiktrf/AQUA20,train,4011,train,4,fish,hf_train_004011
taufiktrf/AQUA20,train,4012,train,4,fish,hf_train_004012
taufiktrf/AQUA20,train,4013,train,4,fish,hf_train_004013
taufiktrf/AQUA20,train,4014,train,4,fish,hf_train_004014
taufiktrf/AQUA20,train,4015,train,4,fish,hf_train_004015
taufiktrf/AQUA20,train,4016,train,5,fishInGroups,hf_train_004016
taufiktrf/AQUA20,train,4017,train,5,fishInGroups,hf_train_004017
taufiktrf/AQUA20,train,4020,train,5,fishInGroups,hf_train_004020
taufiktrf/AQUA20,train,4021,train,5,fishInGroups,hf_train_004021
taufiktrf/AQUA20,train,4022,train,5,fishInGroups,hf_train_004022
taufiktrf/AQUA20,train,4023,train,5,fishInGroups,hf_train_004023
taufiktrf/AQUA20,train,4024,train,5,fishInGroups,hf_train_004024
taufiktrf/AQUA20,train,4025,train,5,fishInGroups,hf_train_004025
taufiktrf/AQUA20,train,4026,train,5,fishInGroups,hf_train_004026
taufiktrf/AQUA20,train,4027,train,5,fishInGroups,hf_train_004027
taufiktrf/AQUA20,train,4028,train,5,fishInGroups,hf_train_004028
taufiktrf/AQUA20,train,4029,train,5,fishInGroups,hf_train_004029
taufiktrf/AQUA20,train,4030,train,5,fishInGroups,hf_train_004030
taufiktrf/AQUA20,train,4031,train,5,fishInGroups,hf_train_004031
taufiktrf/AQUA20,train,4032,train,5,fishInGroups,hf_train_004032
taufiktrf/AQUA20,train,4033,train,5,fishInGroups,hf_train_004033
taufiktrf/AQUA20,train,4034,train,5,fishInGroups,hf_train_004034
taufiktrf/AQUA20,train,4035,train,5,fishInGroups,hf_train_004035
taufiktrf/AQUA20,train,4036,train,5,fishInGroups,hf_train_004036
taufiktrf/AQUA20,train,4037,train,5,fishInGroups,hf_train_004037
taufiktrf/AQUA20,train,4038,train,5,fishInGroups,hf_train_004038
taufiktrf/AQUA20,train,4041,train,5,fishInGroups,hf_train_004041
taufiktrf/AQUA20,train,4042,train,5,fishInGroups,hf_train_004042
taufiktrf/AQUA20,train,4043,train,5,fishInGroups,hf_train_004043
taufiktrf/AQUA20,train,4044,train,5,fishInGroups,hf_train_004044
taufiktrf/AQUA20,train,4046,train,5,fishInGroups,hf_train_004046
taufiktrf/AQUA20,train,4047,train,5,fishInGroups,hf_train_004047
taufiktrf/AQUA20,train,4048,train,5,fishInGroups,hf_train_004048
taufiktrf/AQUA20,train,4049,train,5,fishInGroups,hf_train_004049
taufiktrf/AQUA20,train,4050,train,5,fishInGroups,hf_train_004050
taufiktrf/AQUA20,train,4051,train,5,fishInGroups,hf_train_004051
taufiktrf/AQUA20,train,4052,train,5,fishInGroups,hf_train_004052
taufiktrf/AQUA20,train,4054,train,5,fishInGroups,hf_train_004054
taufiktrf/AQUA20,train,4056,train,5,fishInGroups,hf_train_004056
taufiktrf/AQUA20,train,4057,train,5,fishInGroups,hf_train_004057
taufiktrf/AQUA20,train,4058,train,5,fishInGroups,hf_train_004058
taufiktrf/AQUA20,train,4059,train,5,fishInGroups,hf_train_004059
taufiktrf/AQUA20,train,4060,train,5,fishInGroups,hf_train_004060
taufiktrf/AQUA20,train,4061,train,5,fishInGroups,hf_train_004061
taufiktrf/AQUA20,train,4063,train,5,fishInGroups,hf_train_004063
taufiktrf/AQUA20,train,4064,train,5,fishInGroups,hf_train_004064
taufiktrf/AQUA20,train,4066,train,5,fishInGroups,hf_train_004066
taufiktrf/AQUA20,train,4067,train,5,fishInGroups,hf_train_004067
taufiktrf/AQUA20,train,4068,train,5,fishInGroups,hf_train_004068
taufiktrf/AQUA20,train,4070,train,5,fishInGroups,hf_train_004070
taufiktrf/AQUA20,train,4071,train,5,fishInGroups,hf_train_004071
taufiktrf/AQUA20,train,4074,train,5,fishInGroups,hf_train_004074
taufiktrf/AQUA20,train,4075,train,5,fishInGroups,hf_train_004075
taufiktrf/AQUA20,train,4077,train,5,fishInGroups,hf_train_004077
taufiktrf/AQUA20,train,4078,train,5,fishInGroups,hf_train_004078
taufiktrf/AQUA20,train,4079,train,5,fishInGroups,hf_train_004079
taufiktrf/AQUA20,train,4080,train,5,fishInGroups,hf_train_004080
taufiktrf/AQUA20,train,4081,train,5,fishInGroups,hf_train_004081
taufiktrf/AQUA20,train,4082,train,5,fishInGroups,hf_train_004082
taufiktrf/AQUA20,train,4083,train,5,fishInGroups,hf_train_004083
taufiktrf/AQUA20,train,4086,train,5,fishInGroups,hf_train_004086
taufiktrf/AQUA20,train,4087,train,5,fishInGroups,hf_train_004087
taufiktrf/AQUA20,train,4088,train,5,fishInGroups,hf_train_004088
taufiktrf/AQUA20,train,4089,train,5,fishInGroups,hf_train_004089
taufiktrf/AQUA20,train,4090,train,5,fishInGroups,hf_train_004090
taufiktrf/AQUA20,train,4092,train,5,fishInGroups,hf_train_004092
taufiktrf/AQUA20,train,4093,train,5,fishInGroups,hf_train_004093
taufiktrf/AQUA20,train,4094,train,5,fishInGroups,hf_train_004094
taufiktrf/AQUA20,train,4095,train,5,fishInGroups,hf_train_004095
taufiktrf/AQUA20,train,4096,train,5,fishInGroups,hf_train_004096
taufiktrf/AQUA20,train,4097,train,5,fishInGroups,hf_train_004097
taufiktrf/AQUA20,train,4098,train,5,fishInGroups,hf_train_004098
taufiktrf/AQUA20,train,4099,train,5,fishInGroups,hf_train_004099
taufiktrf/AQUA20,train,4103,train,5,fishInGroups,hf_train_004103
taufiktrf/AQUA20,train,4104,train,5,fishInGroups,hf_train_004104
taufiktrf/AQUA20,train,4105,train,5,fishInGroups,hf_train_004105
taufiktrf/AQUA20,train,4106,train,5,fishInGroups,hf_train_004106
taufiktrf/AQUA20,train,4107,train,5,fishInGroups,hf_train_004107
taufiktrf/AQUA20,train,4108,train,5,fishInGroups,hf_train_004108
taufiktrf/AQUA20,train,4109,train,5,fishInGroups,hf_train_004109
taufiktrf/AQUA20,train,4110,train,5,fishInGroups,hf_train_004110
taufiktrf/AQUA20,train,4111,train,5,fishInGroups,hf_train_004111
taufiktrf/AQUA20,train,4112,train,5,fishInGroups,hf_train_004112
taufiktrf/AQUA20,train,4113,train,5,fishInGroups,hf_train_004113
taufiktrf/AQUA20,train,4114,train,5,fishInGroups,hf_train_004114
taufiktrf/AQUA20,train,4115,train,5,fishInGroups,hf_train_004115
taufiktrf/AQUA20,train,4117,train,5,fishInGroups,hf_train_004117
taufiktrf/AQUA20,train,4119,train,5,fishInGroups,hf_train_004119
taufiktrf/AQUA20,train,4120,train,5,fishInGroups,hf_train_004120
taufiktrf/AQUA20,train,4121,train,5,fishInGroups,hf_train_004121
taufiktrf/AQUA20,train,4122,train,5,fishInGroups,hf_train_004122
taufiktrf/AQUA20,train,4123,train,5,fishInGroups,hf_train_004123
taufiktrf/AQUA20,train,4124,train,5,fishInGroups,hf_train_004124
taufiktrf/AQUA20,train,4125,train,5,fishInGroups,hf_train_004125
taufiktrf/AQUA20,train,4126,train,5,fishInGroups,hf_train_004126
taufiktrf/AQUA20,train,4128,train,5,fishInGroups,hf_train_004128
taufiktrf/AQUA20,train,4129,train,5,fishInGroups,hf_train_004129
taufiktrf/AQUA20,train,4130,train,5,fishInGroups,hf_train_004130
taufiktrf/AQUA20,train,4132,train,5,fishInGroups,hf_train_004132
taufiktrf/AQUA20,train,4133,train,5,fishInGroups,hf_train_004133
taufiktrf/AQUA20,train,4134,train,5,fishInGroups,hf_train_004134
taufiktrf/AQUA20,train,4135,train,5,fishInGroups,hf_train_004135
taufiktrf/AQUA20,train,4136,train,5,fishInGroups,hf_train_004136
taufiktrf/AQUA20,train,4137,train,5,fishInGroups,hf_train_004137
taufiktrf/AQUA20,train,4138,train,5,fishInGroups,hf_train_004138
taufiktrf/AQUA20,train,4139,train,5,fishInGroups,hf_train_004139
taufiktrf/AQUA20,train,4140,train,5,fishInGroups,hf_train_004140
taufiktrf/AQUA20,train,4141,train,5,fishInGroups,hf_train_004141
taufiktrf/AQUA20,train,4142,train,5,fishInGroups,hf_train_004142
taufiktrf/AQUA20,train,4144,train,5,fishInGroups,hf_train_004144
taufiktrf/AQUA20,train,4145,train,5,fishInGroups,hf_train_004145
taufiktrf/AQUA20,train,4146,train,5,fishInGroups,hf_train_004146
taufiktrf/AQUA20,train,4147,train,5,fishInGroups,hf_train_004147
taufiktrf/AQUA20,train,4148,train,5,fishInGroups,hf_train_004148
taufiktrf/AQUA20,train,4149,train,5,fishInGroups,hf_train_004149
taufiktrf/AQUA20,train,4151,train,5,fishInGroups,hf_train_004151
taufiktrf/AQUA20,train,4152,train,5,fishInGroups,hf_train_004152
taufiktrf/AQUA20,train,4154,train,5,fishInGroups,hf_train_004154
taufiktrf/AQUA20,train,4155,train,5,fishInGroups,hf_train_004155
taufiktrf/AQUA20,train,4157,train,5,fishInGroups,hf_train_004157
taufiktrf/AQUA20,train,4158,train,5,fishInGroups,hf_train_004158
taufiktrf/AQUA20,train,4159,train,5,fishInGroups,hf_train_004159
taufiktrf/AQUA20,train,4160,train,5,fishInGroups,hf_train_004160
taufiktrf/AQUA20,train,4161,train,5,fishInGroups,hf_train_004161
taufiktrf/AQUA20,train,4162,train,5,fishInGroups,hf_train_004162
taufiktrf/AQUA20,train,4163,train,5,fishInGroups,hf_train_004163
taufiktrf/AQUA20,train,4164,train,5,fishInGroups,hf_train_004164
taufiktrf/AQUA20,train,4165,train,5,fishInGroups,hf_train_004165
taufiktrf/AQUA20,train,4166,train,5,fishInGroups,hf_train_004166
taufiktrf/AQUA20,train,4167,train,5,fishInGroups,hf_train_004167
taufiktrf/AQUA20,train,4168,train,5,fishInGroups,hf_train_004168
taufiktrf/AQUA20,train,4169,train,5,fishInGroups,hf_train_004169
taufiktrf/AQUA20,train,4171,train,5,fishInGroups,hf_train_004171
taufiktrf/AQUA20,train,4172,train,5,fishInGroups,hf_train_004172
taufiktrf/AQUA20,train,4173,train,5,fishInGroups,hf_train_004173
taufiktrf/AQUA20,train,4174,train,5,fishInGroups,hf_train_004174
taufiktrf/AQUA20,train,4175,train,5,fishInGroups,hf_train_004175
taufiktrf/AQUA20,train,4176,train,5,fishInGroups,hf_train_004176
taufiktrf/AQUA20,train,4177,train,5,fishInGroups,hf_train_004177
taufiktrf/AQUA20,train,4178,train,5,fishInGroups,hf_train_004178
taufiktrf/AQUA20,train,4180,train,5,fishInGroups,hf_train_004180
taufiktrf/AQUA20,train,4182,train,5,fishInGroups,hf_train_004182
taufiktrf/AQUA20,train,4185,train,5,fishInGroups,hf_train_004185
taufiktrf/AQUA20,train,4186,train,5,fishInGroups,hf_train_004186
taufiktrf/AQUA20,train,4187,train,5,fishInGroups,hf_train_004187
taufiktrf/AQUA20,train,4188,train,5,fishInGroups,hf_train_004188
taufiktrf/AQUA20,train,4189,train,5,fishInGroups,hf_train_004189
taufiktrf/AQUA20,train,4190,train,5,fishInGroups,hf_train_004190
taufiktrf/AQUA20,train,4191,train,5,fishInGroups,hf_train_004191
taufiktrf/AQUA20,train,4192,train,5,fishInGroups,hf_train_004192
taufiktrf/AQUA20,train,4193,train,5,fishInGroups,hf_train_004193
taufiktrf/AQUA20,train,4195,train,5,fishInGroups,hf_train_004195
taufiktrf/AQUA20,train,4197,train,5,fishInGroups,hf_train_004197
taufiktrf/AQUA20,train,4198,train,5,fishInGroups,hf_train_004198
taufiktrf/AQUA20,train,4199,train,5,fishInGroups,hf_train_004199
taufiktrf/AQUA20,train,4201,train,5,fishInGroups,hf_train_004201
taufiktrf/AQUA20,train,4202,train,5,fishInGroups,hf_train_004202
taufiktrf/AQUA20,train,4206,train,5,fishInGroups,hf_train_004206
taufiktrf/AQUA20,train,4207,train,5,fishInGroups,hf_train_004207
taufiktrf/AQUA20,train,4208,train,5,fishInGroups,hf_train_004208
taufiktrf/AQUA20,train,4209,train,5,fishInGroups,hf_train_004209
taufiktrf/AQUA20,train,4213,train,5,fishInGroups,hf_train_004213
taufiktrf/AQUA20,train,4214,train,5,fishInGroups,hf_train_004214
taufiktrf/AQUA20,train,4215,train,5,fishInGroups,hf_train_004215
taufiktrf/AQUA20,train,4216,train,5,fishInGroups,hf_train_004216
taufiktrf/AQUA20,train,4217,train,5,fishInGroups,hf_train_004217
taufiktrf/AQUA20,train,4218,train,5,fishInGroups,hf_train_004218
taufiktrf/AQUA20,train,4219,train,5,fishInGroups,hf_train_004219
taufiktrf/AQUA20,train,4220,train,5,fishInGroups,hf_train_004220
taufiktrf/AQUA20,train,4222,train,5,fishInGroups,hf_train_004222
taufiktrf/AQUA20,train,4223,train,5,fishInGroups,hf_train_004223
taufiktrf/AQUA20,train,4224,train,5,fishInGroups,hf_train_004224
taufiktrf/AQUA20,train,4225,train,5,fishInGroups,hf_train_004225
taufiktrf/AQUA20,train,4226,train,5,fishInGroups,hf_train_004226
taufiktrf/AQUA20,train,4228,train,5,fishInGroups,hf_train_004228
taufiktrf/AQUA20,train,4229,train,5,fishInGroups,hf_train_004229
taufiktrf/AQUA20,train,4230,train,5,fishInGroups,hf_train_004230
taufiktrf/AQUA20,train,4231,train,5,fishInGroups,hf_train_004231
taufiktrf/AQUA20,train,4232,train,5,fishInGroups,hf_train_004232
taufiktrf/AQUA20,train,4233,train,5,fishInGroups,hf_train_004233
taufiktrf/AQUA20,train,4234,train,5,fishInGroups,hf_train_004234
taufiktrf/AQUA20,train,4236,train,5,fishInGroups,hf_train_004236
taufiktrf/AQUA20,train,4237,train,5,fishInGroups,hf_train_004237
taufiktrf/AQUA20,train,4238,train,5,fishInGroups,hf_train_004238
taufiktrf/AQUA20,train,4239,train,5,fishInGroups,hf_train_004239
taufiktrf/AQUA20,train,4240,train,5,fishInGroups,hf_train_004240
taufiktrf/AQUA20,train,4241,train,5,fishInGroups,hf_train_004241
taufiktrf/AQUA20,train,4242,train,5,fishInGroups,hf_train_004242
taufiktrf/AQUA20,train,4243,train,5,fishInGroups,hf_train_004243
taufiktrf/AQUA20,train,4244,train,5,fishInGroups,hf_train_004244
taufiktrf/AQUA20,train,4245,train,5,fishInGroups,hf_train_004245
taufiktrf/AQUA20,train,4246,train,5,fishInGroups,hf_train_004246
taufiktrf/AQUA20,train,4247,train,5,fishInGroups,hf_train_004247
taufiktrf/AQUA20,train,4248,train,5,fishInGroups,hf_train_004248
taufiktrf/AQUA20,train,4249,train,5,fishInGroups,hf_train_004249
taufiktrf/AQUA20,train,4250,train,5,fishInGroups,hf_train_004250
taufiktrf/AQUA20,train,4251,train,5,fishInGroups,hf_train_004251
taufiktrf/AQUA20,train,4252,train,5,fishInGroups,hf_train_004252
taufiktrf/AQUA20,train,4253,train,5,fishInGroups,hf_train_004253
taufiktrf/AQUA20,train,4254,train,5,fishInGroups,hf_train_004254
taufiktrf/AQUA20,train,4255,train,5,fishInGroups,hf_train_004255
taufiktrf/AQUA20,train,4257,train,5,fishInGroups,hf_train_004257
taufiktrf/AQUA20,train,4258,train,5,fishInGroups,hf_train_004258
taufiktrf/AQUA20,train,4259,train,5,fishInGroups,hf_train_004259
taufiktrf/AQUA20,train,4260,train,5,fishInGroups,hf_train_004260
taufiktrf/AQUA20,train,4261,train,5,fishInGroups,hf_train_004261
taufiktrf/AQUA20,train,4262,train,5,fishInGroups,hf_train_004262
taufiktrf/AQUA20,train,4265,train,5,fishInGroups,hf_train_004265
taufiktrf/AQUA20,train,4266,train,5,fishInGroups,hf_train_004266
taufiktrf/AQUA20,train,4267,train,5,fishInGroups,hf_train_004267
taufiktrf/AQUA20,train,4270,train,5,fishInGroups,hf_train_004270
taufiktrf/AQUA20,train,4271,train,5,fishInGroups,hf_train_004271
taufiktrf/AQUA20,train,4272,train,5,fishInGroups,hf_train_004272
taufiktrf/AQUA20,train,4274,train,5,fishInGroups,hf_train_004274
taufiktrf/AQUA20,train,4275,train,5,fishInGroups,hf_train_004275
taufiktrf/AQUA20,train,4276,train,5,fishInGroups,hf_train_004276
taufiktrf/AQUA20,train,4277,train,5,fishInGroups,hf_train_004277
taufiktrf/AQUA20,train,4278,train,5,fishInGroups,hf_train_004278
taufiktrf/AQUA20,train,4280,train,5,fishInGroups,hf_train_004280
taufiktrf/AQUA20,train,4281,train,5,fishInGroups,hf_train_004281
taufiktrf/AQUA20,train,4284,train,5,fishInGroups,hf_train_004284
taufiktrf/AQUA20,train,4285,train,5,fishInGroups,hf_train_004285
taufiktrf/AQUA20,train,4287,train,5,fishInGroups,hf_train_004287
taufiktrf/AQUA20,train,4289,train,6,flatworm,hf_train_004289
taufiktrf/AQUA20,train,4290,train,6,flatworm,hf_train_004290
taufiktrf/AQUA20,train,4291,train,6,flatworm,hf_train_004291
taufiktrf/AQUA20,train,4292,train,6,flatworm,hf_train_004292
taufiktrf/AQUA20,train,4293,train,6,flatworm,hf_train_004293
taufiktrf/AQUA20,train,4294,train,6,flatworm,hf_train_004294
taufiktrf/AQUA20,train,4295,train,6,flatworm,hf_train_004295
taufiktrf/AQUA20,train,4296,train,6,flatworm,hf_train_004296
taufiktrf/AQUA20,train,4297,train,6,flatworm,hf_train_004297
taufiktrf/AQUA20,train,4298,train,6,flatworm,hf_train_004298
taufiktrf/AQUA20,train,4299,train,6,flatworm,hf_train_004299
taufiktrf/AQUA20,train,4300,train,6,flatworm,hf_train_004300
taufiktrf/AQUA20,train,4301,train,6,flatworm,hf_train_004301
taufiktrf/AQUA20,train,4302,train,6,flatworm,hf_train_004302
taufiktrf/AQUA20,train,4303,train,6,flatworm,hf_train_004303
taufiktrf/AQUA20,train,4304,train,6,flatworm,hf_train_004304
taufiktrf/AQUA20,train,4305,train,6,flatworm,hf_train_004305
taufiktrf/AQUA20,train,4306,train,6,flatworm,hf_train_004306
taufiktrf/AQUA20,train,4307,train,6,flatworm,hf_train_004307
taufiktrf/AQUA20,train,4310,train,6,flatworm,hf_train_004310
taufiktrf/AQUA20,train,4311,train,6,flatworm,hf_train_004311
taufiktrf/AQUA20,train,4313,train,6,flatworm,hf_train_004313
taufiktrf/AQUA20,train,4314,train,6,flatworm,hf_train_004314
taufiktrf/AQUA20,train,4316,train,6,flatworm,hf_train_004316
taufiktrf/AQUA20,train,4318,train,6,flatworm,hf_train_004318
taufiktrf/AQUA20,train,4319,train,6,flatworm,hf_train_004319
taufiktrf/AQUA20,train,4320,train,6,flatworm,hf_train_004320
taufiktrf/AQUA20,train,4322,train,6,flatworm,hf_train_004322
taufiktrf/AQUA20,train,4324,train,6,flatworm,hf_train_004324
taufiktrf/AQUA20,train,4325,train,6,flatworm,hf_train_004325
taufiktrf/AQUA20,train,4326,train,6,flatworm,hf_train_004326
taufiktrf/AQUA20,train,4327,train,6,flatworm,hf_train_004327
taufiktrf/AQUA20,train,4328,train,6,flatworm,hf_train_004328
taufiktrf/AQUA20,train,4329,train,6,flatworm,hf_train_004329
taufiktrf/AQUA20,train,4330,train,6,flatworm,hf_train_004330
taufiktrf/AQUA20,train,4331,train,6,flatworm,hf_train_004331
taufiktrf/AQUA20,train,4332,train,6,flatworm,hf_train_004332
taufiktrf/AQUA20,train,4333,train,6,flatworm,hf_train_004333
taufiktrf/AQUA20,train,4334,train,6,flatworm,hf_train_004334
taufiktrf/AQUA20,train,4336,train,6,flatworm,hf_train_004336
taufiktrf/AQUA20,train,4338,train,7,jellyfish,hf_train_004338
taufiktrf/AQUA20,train,4339,train,7,jellyfish,hf_train_004339
taufiktrf/AQUA20,train,4340,train,7,jellyfish,hf_train_004340
taufiktrf/AQUA20,train,4341,train,7,jellyfish,hf_train_004341
taufiktrf/AQUA20,train,4342,train,7,jellyfish,hf_train_004342
taufiktrf/AQUA20,train,4343,train,7,jellyfish,hf_train_004343
taufiktrf/AQUA20,train,4344,train,7,jellyfish,hf_train_004344
taufiktrf/AQUA20,train,4345,train,7,jellyfish,hf_train_004345
taufiktrf/AQUA20,train,4346,train,7,jellyfish,hf_train_004346
taufiktrf/AQUA20,train,4347,train,7,jellyfish,hf_train_004347
taufiktrf/AQUA20,train,4348,train,7,jellyfish,hf_train_004348
taufiktrf/AQUA20,train,4349,train,7,jellyfish,hf_train_004349
taufiktrf/AQUA20,train,4350,train,7,jellyfish,hf_train_004350
taufiktrf/AQUA20,train,4351,train,7,jellyfish,hf_train_004351
taufiktrf/AQUA20,train,4352,train,7,jellyfish,hf_train_004352
taufiktrf/AQUA20,train,4354,train,7,jellyfish,hf_train_004354
taufiktrf/AQUA20,train,4355,train,7,jellyfish,hf_train_004355
taufiktrf/AQUA20,train,4356,train,7,jellyfish,hf_train_004356
taufiktrf/AQUA20,train,4357,train,7,jellyfish,hf_train_004357
taufiktrf/AQUA20,train,4358,train,7,jellyfish,hf_train_004358
taufiktrf/AQUA20,train,4359,train,7,jellyfish,hf_train_004359
taufiktrf/AQUA20,train,4361,train,7,jellyfish,hf_train_004361
taufiktrf/AQUA20,train,4362,train,7,jellyfish,hf_train_004362
taufiktrf/AQUA20,train,4363,train,7,jellyfish,hf_train_004363
taufiktrf/AQUA20,train,4364,train,7,jellyfish,hf_train_004364
taufiktrf/AQUA20,train,4365,train,7,jellyfish,hf_train_004365
taufiktrf/AQUA20,train,4366,train,7,jellyfish,hf_train_004366
taufiktrf/AQUA20,train,4367,train,7,jellyfish,hf_train_004367
taufiktrf/AQUA20,train,4368,train,7,jellyfish,hf_train_004368
taufiktrf/AQUA20,train,4369,train,7,jellyfish,hf_train_004369
taufiktrf/AQUA20,train,4372,train,7,jellyfish,hf_train_004372
taufiktrf/AQUA20,train,4373,train,7,jellyfish,hf_train_004373
taufiktrf/AQUA20,train,4374,train,7,jellyfish,hf_train_004374
taufiktrf/AQUA20,train,4375,train,7,jellyfish,hf_train_004375
taufiktrf/AQUA20,train,4378,train,7,jellyfish,hf_train_004378
taufiktrf/AQUA20,train,4379,train,7,jellyfish,hf_train_004379
taufiktrf/AQUA20,train,4381,train,7,jellyfish,hf_train_004381
taufiktrf/AQUA20,train,4382,train,7,jellyfish,hf_train_004382
taufiktrf/AQUA20,train,4383,train,7,jellyfish,hf_train_004383
taufiktrf/AQUA20,train,4386,train,7,jellyfish,hf_train_004386
taufiktrf/AQUA20,train,4388,train,7,jellyfish,hf_train_004388
taufiktrf/AQUA20,train,4390,train,7,jellyfish,hf_train_004390
taufiktrf/AQUA20,train,4391,train,7,jellyfish,hf_train_004391
taufiktrf/AQUA20,train,4392,train,7,jellyfish,hf_train_004392
taufiktrf/AQUA20,train,4393,train,7,jellyfish,hf_train_004393
taufiktrf/AQUA20,train,4394,train,7,jellyfish,hf_train_004394
taufiktrf/AQUA20,train,4396,train,7,jellyfish,hf_train_004396
taufiktrf/AQUA20,train,4397,train,7,jellyfish,hf_train_004397
taufiktrf/AQUA20,train,4401,train,7,jellyfish,hf_train_004401
taufiktrf/AQUA20,train,4402,train,7,jellyfish,hf_train_004402
taufiktrf/AQUA20,train,4403,train,7,jellyfish,hf_train_004403
taufiktrf/AQUA20,train,4405,train,7,jellyfish,hf_train_004405
taufiktrf/AQUA20,train,4407,train,7,jellyfish,hf_train_004407
taufiktrf/AQUA20,train,4408,train,7,jellyfish,hf_train_004408
taufiktrf/AQUA20,train,4409,train,7,jellyfish,hf_train_004409
taufiktrf/AQUA20,train,4410,train,7,jellyfish,hf_train_004410
taufiktrf/AQUA20,train,4411,train,7,jellyfish,hf_train_004411
taufiktrf/AQUA20,train,4413,train,7,jellyfish,hf_train_004413
taufiktrf/AQUA20,train,4414,train,7,jellyfish,hf_train_004414
taufiktrf/AQUA20,train,4415,train,7,jellyfish,hf_train_004415
taufiktrf/AQUA20,train,4416,train,7,jellyfish,hf_train_004416
taufiktrf/AQUA20,train,4417,train,7,jellyfish,hf_train_004417
taufiktrf/AQUA20,train,4418,train,7,jellyfish,hf_train_004418
taufiktrf/AQUA20,train,4419,train,7,jellyfish,hf_train_004419
taufiktrf/AQUA20,train,4420,train,7,jellyfish,hf_train_004420
taufiktrf/AQUA20,train,4421,train,7,jellyfish,hf_train_004421
taufiktrf/AQUA20,train,4422,train,7,jellyfish,hf_train_004422
taufiktrf/AQUA20,train,4423,train,7,jellyfish,hf_train_004423
taufiktrf/AQUA20,train,4425,train,7,jellyfish,hf_train_004425
taufiktrf/AQUA20,train,4426,train,7,jellyfish,hf_train_004426
taufiktrf/AQUA20,train,4427,train,7,jellyfish,hf_train_004427
taufiktrf/AQUA20,train,4428,train,7,jellyfish,hf_train_004428
taufiktrf/AQUA20,train,4429,train,7,jellyfish,hf_train_004429
taufiktrf/AQUA20,train,4430,train,7,jellyfish,hf_train_004430
taufiktrf/AQUA20,train,4431,train,7,jellyfish,hf_train_004431
taufiktrf/AQUA20,train,4432,train,7,jellyfish,hf_train_004432
taufiktrf/AQUA20,train,4433,train,7,jellyfish,hf_train_004433
taufiktrf/AQUA20,train,4434,train,7,jellyfish,hf_train_004434
taufiktrf/AQUA20,train,4435,train,8,marine_dolphin,hf_train_004435
taufiktrf/AQUA20,train,4436,train,8,marine_dolphin,hf_train_004436
taufiktrf/AQUA20,train,4437,train,8,marine_dolphin,hf_train_004437
taufiktrf/AQUA20,train,4438,train,8,marine_dolphin,hf_train_004438
taufiktrf/AQUA20,train,4440,train,8,marine_dolphin,hf_train_004440
taufiktrf/AQUA20,train,4441,train,8,marine_dolphin,hf_train_004441
taufiktrf/AQUA20,train,4442,train,8,marine_dolphin,hf_train_004442
taufiktrf/AQUA20,train,4443,train,8,marine_dolphin,hf_train_004443
taufiktrf/AQUA20,train,4444,train,8,marine_dolphin,hf_train_004444
taufiktrf/AQUA20,train,4445,train,8,marine_dolphin,hf_train_004445
taufiktrf/AQUA20,train,4446,train,8,marine_dolphin,hf_train_004446
taufiktrf/AQUA20,train,4449,train,8,marine_dolphin,hf_train_004449
taufiktrf/AQUA20,train,4450,train,8,marine_dolphin,hf_train_004450
taufiktrf/AQUA20,train,4451,train,8,marine_dolphin,hf_train_004451
taufiktrf/AQUA20,train,4452,train,8,marine_dolphin,hf_train_004452
taufiktrf/AQUA20,train,4453,train,8,marine_dolphin,hf_train_004453
taufiktrf/AQUA20,train,4455,train,9,octopus,hf_train_004455
taufiktrf/AQUA20,train,4456,train,9,octopus,hf_train_004456
taufiktrf/AQUA20,train,4458,train,9,octopus,hf_train_004458
taufiktrf/AQUA20,train,4460,train,9,octopus,hf_train_004460
taufiktrf/AQUA20,train,4462,train,9,octopus,hf_train_004462
taufiktrf/AQUA20,train,4464,train,9,octopus,hf_train_004464
taufiktrf/AQUA20,train,4465,train,9,octopus,hf_train_004465
taufiktrf/AQUA20,train,4466,train,9,octopus,hf_train_004466
taufiktrf/AQUA20,train,4467,train,9,octopus,hf_train_004467
taufiktrf/AQUA20,train,4468,train,9,octopus,hf_train_004468
taufiktrf/AQUA20,train,4469,train,9,octopus,hf_train_004469
taufiktrf/AQUA20,train,4470,train,9,octopus,hf_train_004470
taufiktrf/AQUA20,train,4471,train,9,octopus,hf_train_004471
taufiktrf/AQUA20,train,4472,train,9,octopus,hf_train_004472
taufiktrf/AQUA20,train,4473,train,9,octopus,hf_train_004473
taufiktrf/AQUA20,train,4474,train,9,octopus,hf_train_004474
taufiktrf/AQUA20,train,4475,train,10,rayfish,hf_train_004475
taufiktrf/AQUA20,train,4476,train,10,rayfish,hf_train_004476
taufiktrf/AQUA20,train,4477,train,10,rayfish,hf_train_004477
taufiktrf/AQUA20,train,4478,train,10,rayfish,hf_train_004478
taufiktrf/AQUA20,train,4479,train,10,rayfish,hf_train_004479
taufiktrf/AQUA20,train,4480,train,10,rayfish,hf_train_004480
taufiktrf/AQUA20,train,4482,train,10,rayfish,hf_train_004482
taufiktrf/AQUA20,train,4483,train,10,rayfish,hf_train_004483
taufiktrf/AQUA20,train,4484,train,10,rayfish,hf_train_004484
taufiktrf/AQUA20,train,4486,train,10,rayfish,hf_train_004486
taufiktrf/AQUA20,train,4487,train,10,rayfish,hf_train_004487
taufiktrf/AQUA20,train,4488,train,10,rayfish,hf_train_004488
taufiktrf/AQUA20,train,4489,train,10,rayfish,hf_train_004489
taufiktrf/AQUA20,train,4490,train,10,rayfish,hf_train_004490
taufiktrf/AQUA20,train,4494,train,10,rayfish,hf_train_004494
taufiktrf/AQUA20,train,4495,train,10,rayfish,hf_train_004495
taufiktrf/AQUA20,train,4496,train,10,rayfish,hf_train_004496
taufiktrf/AQUA20,train,4497,train,10,rayfish,hf_train_004497
taufiktrf/AQUA20,train,4498,train,10,rayfish,hf_train_004498
taufiktrf/AQUA20,train,4500,train,10,rayfish,hf_train_004500
taufiktrf/AQUA20,train,4501,train,10,rayfish,hf_train_004501
taufiktrf/AQUA20,train,4504,train,10,rayfish,hf_train_004504
taufiktrf/AQUA20,train,4505,train,10,rayfish,hf_train_004505
taufiktrf/AQUA20,train,4506,train,10,rayfish,hf_train_004506
taufiktrf/AQUA20,train,4507,train,10,rayfish,hf_train_004507
taufiktrf/AQUA20,train,4508,train,10,rayfish,hf_train_004508
taufiktrf/AQUA20,train,4509,train,10,rayfish,hf_train_004509
taufiktrf/AQUA20,train,4510,train,10,rayfish,hf_train_004510
taufiktrf/AQUA20,train,4511,train,10,rayfish,hf_train_004511
taufiktrf/AQUA20,train,4512,train,10,rayfish,hf_train_004512
taufiktrf/AQUA20,train,4513,train,10,rayfish,hf_train_004513
taufiktrf/AQUA20,train,4514,train,10,rayfish,hf_train_004514
taufiktrf/AQUA20,train,4515,train,10,rayfish,hf_train_004515
taufiktrf/AQUA20,train,4516,train,10,rayfish,hf_train_004516
taufiktrf/AQUA20,train,4517,train,10,rayfish,hf_train_004517
taufiktrf/AQUA20,train,4518,train,10,rayfish,hf_train_004518
taufiktrf/AQUA20,train,4520,train,10,rayfish,hf_train_004520
taufiktrf/AQUA20,train,4523,train,10,rayfish,hf_train_004523
taufiktrf/AQUA20,train,4524,train,10,rayfish,hf_train_004524
taufiktrf/AQUA20,train,4525,train,10,rayfish,hf_train_004525
taufiktrf/AQUA20,train,4526,train,10,rayfish,hf_train_004526
taufiktrf/AQUA20,train,4527,train,10,rayfish,hf_train_004527
taufiktrf/AQUA20,train,4528,train,10,rayfish,hf_train_004528
taufiktrf/AQUA20,train,4529,train,10,rayfish,hf_train_004529
taufiktrf/AQUA20,train,4530,train,10,rayfish,hf_train_004530
taufiktrf/AQUA20,train,4531,train,10,rayfish,hf_train_004531
taufiktrf/AQUA20,train,4532,train,10,rayfish,hf_train_004532
taufiktrf/AQUA20,train,4533,train,10,rayfish,hf_train_004533
taufiktrf/AQUA20,train,4534,train,10,rayfish,hf_train_004534
taufiktrf/AQUA20,train,4535,train,10,rayfish,hf_train_004535
taufiktrf/AQUA20,train,4537,train,10,rayfish,hf_train_004537
taufiktrf/AQUA20,train,4538,train,10,rayfish,hf_train_004538
taufiktrf/AQUA20,train,4539,train,10,rayfish,hf_train_004539
taufiktrf/AQUA20,train,4540,train,10,rayfish,hf_train_004540
taufiktrf/AQUA20,train,4541,train,10,rayfish,hf_train_004541
taufiktrf/AQUA20,train,4542,train,10,rayfish,hf_train_004542
taufiktrf/AQUA20,train,4543,train,10,rayfish,hf_train_004543
taufiktrf/AQUA20,train,4544,train,10,rayfish,hf_train_004544
taufiktrf/AQUA20,train,4547,train,10,rayfish,hf_train_004547
taufiktrf/AQUA20,train,4548,train,10,rayfish,hf_train_004548
taufiktrf/AQUA20,train,4549,train,10,rayfish,hf_train_004549
taufiktrf/AQUA20,train,4550,train,10,rayfish,hf_train_004550
taufiktrf/AQUA20,train,4551,train,10,rayfish,hf_train_004551
taufiktrf/AQUA20,train,4552,train,10,rayfish,hf_train_004552
taufiktrf/AQUA20,train,4553,train,10,rayfish,hf_train_004553
taufiktrf/AQUA20,train,4554,train,10,rayfish,hf_train_004554
taufiktrf/AQUA20,train,4555,train,10,rayfish,hf_train_004555
taufiktrf/AQUA20,train,4556,train,10,rayfish,hf_train_004556
taufiktrf/AQUA20,train,4557,train,10,rayfish,hf_train_004557
taufiktrf/AQUA20,train,4558,train,10,rayfish,hf_train_004558
taufiktrf/AQUA20,train,4560,train,10,rayfish,hf_train_004560
taufiktrf/AQUA20,train,4561,train,10,rayfish,hf_train_004561
taufiktrf/AQUA20,train,4562,train,10,rayfish,hf_train_004562
taufiktrf/AQUA20,train,4563,train,10,rayfish,hf_train_004563
taufiktrf/AQUA20,train,4564,train,10,rayfish,hf_train_004564
taufiktrf/AQUA20,train,4565,train,10,rayfish,hf_train_004565
taufiktrf/AQUA20,train,4566,train,10,rayfish,hf_train_004566
taufiktrf/AQUA20,train,4569,train,10,rayfish,hf_train_004569
taufiktrf/AQUA20,train,4570,train,10,rayfish,hf_train_004570
taufiktrf/AQUA20,train,4571,train,10,rayfish,hf_train_004571
taufiktrf/AQUA20,train,4572,train,10,rayfish,hf_train_004572
taufiktrf/AQUA20,train,4573,train,10,rayfish,hf_train_004573
taufiktrf/AQUA20,train,4574,train,10,rayfish,hf_train_004574
taufiktrf/AQUA20,train,4575,train,10,rayfish,hf_train_004575
taufiktrf/AQUA20,train,4576,train,10,rayfish,hf_train_004576
taufiktrf/AQUA20,train,4579,train,10,rayfish,hf_train_004579
taufiktrf/AQUA20,train,4580,train,10,rayfish,hf_train_004580
taufiktrf/AQUA20,train,4581,train,10,rayfish,hf_train_004581
taufiktrf/AQUA20,train,4583,train,10,rayfish,hf_train_004583
taufiktrf/AQUA20,train,4584,train,10,rayfish,hf_train_004584
taufiktrf/AQUA20,train,4585,train,10,rayfish,hf_train_004585
taufiktrf/AQUA20,train,4587,train,10,rayfish,hf_train_004587
taufiktrf/AQUA20,train,4588,train,10,rayfish,hf_train_004588
taufiktrf/AQUA20,train,4590,train,10,rayfish,hf_train_004590
taufiktrf/AQUA20,train,4593,train,10,rayfish,hf_train_004593
taufiktrf/AQUA20,train,4594,train,10,rayfish,hf_train_004594
taufiktrf/AQUA20,train,4595,train,10,rayfish,hf_train_004595
taufiktrf/AQUA20,train,4597,train,10,rayfish,hf_train_004597
taufiktrf/AQUA20,train,4598,train,10,rayfish,hf_train_004598
taufiktrf/AQUA20,train,4599,train,10,rayfish,hf_train_004599
taufiktrf/AQUA20,train,4603,train,10,rayfish,hf_train_004603
taufiktrf/AQUA20,train,4604,train,10,rayfish,hf_train_004604
taufiktrf/AQUA20,train,4605,train,10,rayfish,hf_train_004605
taufiktrf/AQUA20,train,4606,train,10,rayfish,hf_train_004606
taufiktrf/AQUA20,train,4607,train,10,rayfish,hf_train_004607
taufiktrf/AQUA20,train,4609,train,10,rayfish,hf_train_004609
taufiktrf/AQUA20,train,4610,train,10,rayfish,hf_train_004610
taufiktrf/AQUA20,train,4613,train,10,rayfish,hf_train_004613
taufiktrf/AQUA20,train,4614,train,10,rayfish,hf_train_004614
taufiktrf/AQUA20,train,4616,train,10,rayfish,hf_train_004616
taufiktrf/AQUA20,train,4617,train,10,rayfish,hf_train_004617
taufiktrf/AQUA20,train,4619,train,10,rayfish,hf_train_004619
taufiktrf/AQUA20,train,4620,train,10,rayfish,hf_train_004620
taufiktrf/AQUA20,train,4622,train,10,rayfish,hf_train_004622
taufiktrf/AQUA20,train,4623,train,10,rayfish,hf_train_004623
taufiktrf/AQUA20,train,4625,train,10,rayfish,hf_train_004625
taufiktrf/AQUA20,train,4627,train,10,rayfish,hf_train_004627
taufiktrf/AQUA20,train,4628,train,10,rayfish,hf_train_004628
taufiktrf/AQUA20,train,4629,train,10,rayfish,hf_train_004629
taufiktrf/AQUA20,train,4630,train,10,rayfish,hf_train_004630
taufiktrf/AQUA20,train,4631,train,10,rayfish,hf_train_004631
taufiktrf/AQUA20,train,4632,train,10,rayfish,hf_train_004632
taufiktrf/AQUA20,train,4633,train,10,rayfish,hf_train_004633
taufiktrf/AQUA20,train,4634,train,10,rayfish,hf_train_004634
taufiktrf/AQUA20,train,4635,train,10,rayfish,hf_train_004635
taufiktrf/AQUA20,train,4637,train,10,rayfish,hf_train_004637
taufiktrf/AQUA20,train,4638,train,10,rayfish,hf_train_004638
taufiktrf/AQUA20,train,4639,train,10,rayfish,hf_train_004639
taufiktrf/AQUA20,train,4640,train,10,rayfish,hf_train_004640
taufiktrf/AQUA20,train,4642,train,10,rayfish,hf_train_004642
taufiktrf/AQUA20,train,4643,train,10,rayfish,hf_train_004643
taufiktrf/AQUA20,train,4644,train,10,rayfish,hf_train_004644
taufiktrf/AQUA20,train,4646,train,10,rayfish,hf_train_004646
taufiktrf/AQUA20,train,4647,train,10,rayfish,hf_train_004647
taufiktrf/AQUA20,train,4648,train,10,rayfish,hf_train_004648
taufiktrf/AQUA20,train,4650,train,10,rayfish,hf_train_004650
taufiktrf/AQUA20,train,4651,train,10,rayfish,hf_train_004651
taufiktrf/AQUA20,train,4652,train,10,rayfish,hf_train_004652
taufiktrf/AQUA20,train,4653,train,10,rayfish,hf_train_004653
taufiktrf/AQUA20,train,4654,train,10,rayfish,hf_train_004654
taufiktrf/AQUA20,train,4655,train,10,rayfish,hf_train_004655
taufiktrf/AQUA20,train,4656,train,10,rayfish,hf_train_004656
taufiktrf/AQUA20,train,4657,train,10,rayfish,hf_train_004657
taufiktrf/AQUA20,train,4658,train,10,rayfish,hf_train_004658
taufiktrf/AQUA20,train,4659,train,10,rayfish,hf_train_004659
taufiktrf/AQUA20,train,4660,train,10,rayfish,hf_train_004660
taufiktrf/AQUA20,train,4661,train,10,rayfish,hf_train_004661
taufiktrf/AQUA20,train,4662,train,10,rayfish,hf_train_004662
taufiktrf/AQUA20,train,4663,train,10,rayfish,hf_train_004663
taufiktrf/AQUA20,train,4664,train,10,rayfish,hf_train_004664
taufiktrf/AQUA20,train,4665,train,10,rayfish,hf_train_004665
taufiktrf/AQUA20,train,4666,train,10,rayfish,hf_train_004666
taufiktrf/AQUA20,train,4668,train,10,rayfish,hf_train_004668
taufiktrf/AQUA20,train,4670,train,10,rayfish,hf_train_004670
taufiktrf/AQUA20,train,4671,train,10,rayfish,hf_train_004671
taufiktrf/AQUA20,train,4672,train,10,rayfish,hf_train_004672
taufiktrf/AQUA20,train,4673,train,10,rayfish,hf_train_004673
taufiktrf/AQUA20,train,4674,train,10,rayfish,hf_train_004674
taufiktrf/AQUA20,train,4676,train,10,rayfish,hf_train_004676
taufiktrf/AQUA20,train,4677,train,10,rayfish,hf_train_004677
taufiktrf/AQUA20,train,4678,train,10,rayfish,hf_train_004678
taufiktrf/AQUA20,train,4682,train,10,rayfish,hf_train_004682
taufiktrf/AQUA20,train,4684,train,10,rayfish,hf_train_004684
taufiktrf/AQUA20,train,4685,train,10,rayfish,hf_train_004685
taufiktrf/AQUA20,train,4686,train,10,rayfish,hf_train_004686
taufiktrf/AQUA20,train,4687,train,10,rayfish,hf_train_004687
taufiktrf/AQUA20,train,4688,train,10,rayfish,hf_train_004688
taufiktrf/AQUA20,train,4689,train,10,rayfish,hf_train_004689
taufiktrf/AQUA20,train,4690,train,10,rayfish,hf_train_004690
taufiktrf/AQUA20,train,4691,train,10,rayfish,hf_train_004691
taufiktrf/AQUA20,train,4692,train,10,rayfish,hf_train_004692
taufiktrf/AQUA20,train,4693,train,10,rayfish,hf_train_004693
taufiktrf/AQUA20,train,4694,train,10,rayfish,hf_train_004694
taufiktrf/AQUA20,train,4695,train,10,rayfish,hf_train_004695
taufiktrf/AQUA20,train,4696,train,10,rayfish,hf_train_004696
taufiktrf/AQUA20,train,4697,train,10,rayfish,hf_train_004697
taufiktrf/AQUA20,train,4698,train,10,rayfish,hf_train_004698
taufiktrf/AQUA20,train,4699,train,10,rayfish,hf_train_004699
taufiktrf/AQUA20,train,4700,train,10,rayfish,hf_train_004700
taufiktrf/AQUA20,train,4701,train,10,rayfish,hf_train_004701
taufiktrf/AQUA20,train,4702,train,10,rayfish,hf_train_004702
taufiktrf/AQUA20,train,4703,train,10,rayfish,hf_train_004703
taufiktrf/AQUA20,train,4704,train,10,rayfish,hf_train_004704
taufiktrf/AQUA20,train,4705,train,10,rayfish,hf_train_004705
taufiktrf/AQUA20,train,4706,train,10,rayfish,hf_train_004706
taufiktrf/AQUA20,train,4707,train,10,rayfish,hf_train_004707
taufiktrf/AQUA20,train,4710,train,10,rayfish,hf_train_004710
taufiktrf/AQUA20,train,4711,train,10,rayfish,hf_train_004711
taufiktrf/AQUA20,train,4712,train,10,rayfish,hf_train_004712
taufiktrf/AQUA20,train,4714,train,10,rayfish,hf_train_004714
taufiktrf/AQUA20,train,4716,train,10,rayfish,hf_train_004716
taufiktrf/AQUA20,train,4717,train,10,rayfish,hf_train_004717
taufiktrf/AQUA20,train,4718,train,10,rayfish,hf_train_004718
taufiktrf/AQUA20,train,4722,train,10,rayfish,hf_train_004722
taufiktrf/AQUA20,train,4723,train,10,rayfish,hf_train_004723
taufiktrf/AQUA20,train,4724,train,10,rayfish,hf_train_004724
taufiktrf/AQUA20,train,4726,train,10,rayfish,hf_train_004726
taufiktrf/AQUA20,train,4728,train,10,rayfish,hf_train_004728
taufiktrf/AQUA20,train,4729,train,10,rayfish,hf_train_004729
taufiktrf/AQUA20,train,4730,train,10,rayfish,hf_train_004730
taufiktrf/AQUA20,train,4731,train,10,rayfish,hf_train_004731
taufiktrf/AQUA20,train,4732,train,10,rayfish,hf_train_004732
taufiktrf/AQUA20,train,4733,train,10,rayfish,hf_train_004733
taufiktrf/AQUA20,train,4734,train,10,rayfish,hf_train_004734
taufiktrf/AQUA20,train,4735,train,10,rayfish,hf_train_004735
taufiktrf/AQUA20,train,4736,train,10,rayfish,hf_train_004736
taufiktrf/AQUA20,train,4737,train,10,rayfish,hf_train_004737
taufiktrf/AQUA20,train,4738,train,10,rayfish,hf_train_004738
taufiktrf/AQUA20,train,4739,train,10,rayfish,hf_train_004739
taufiktrf/AQUA20,train,4740,train,10,rayfish,hf_train_004740
taufiktrf/AQUA20,train,4741,train,10,rayfish,hf_train_004741
taufiktrf/AQUA20,train,4742,train,10,rayfish,hf_train_004742
taufiktrf/AQUA20,train,4744,train,10,rayfish,hf_train_004744
taufiktrf/AQUA20,train,4745,train,10,rayfish,hf_train_004745
taufiktrf/AQUA20,train,4746,train,10,rayfish,hf_train_004746
taufiktrf/AQUA20,train,4747,train,10,rayfish,hf_train_004747
taufiktrf/AQUA20,train,4748,train,10,rayfish,hf_train_004748
taufiktrf/AQUA20,train,4749,train,10,rayfish,hf_train_004749
taufiktrf/AQUA20,train,4750,train,10,rayfish,hf_train_004750
taufiktrf/AQUA20,train,4751,train,10,rayfish,hf_train_004751
taufiktrf/AQUA20,train,4752,train,10,rayfish,hf_train_004752
taufiktrf/AQUA20,train,4753,train,10,rayfish,hf_train_004753
taufiktrf/AQUA20,train,4754,train,10,rayfish,hf_train_004754
taufiktrf/AQUA20,train,4755,train,10,rayfish,hf_train_004755
taufiktrf/AQUA20,train,4757,train,10,rayfish,hf_train_004757
taufiktrf/AQUA20,train,4758,train,10,rayfish,hf_train_004758
taufiktrf/AQUA20,train,4759,train,10,rayfish,hf_train_004759
taufiktrf/AQUA20,train,4760,train,10,rayfish,hf_train_004760
taufiktrf/AQUA20,train,4761,train,10,rayfish,hf_train_004761
taufiktrf/AQUA20,train,4762,train,10,rayfish,hf_train_004762
taufiktrf/AQUA20,train,4764,train,10,rayfish,hf_train_004764
taufiktrf/AQUA20,train,4765,train,10,rayfish,hf_train_004765
taufiktrf/AQUA20,train,4766,train,10,rayfish,hf_train_004766
taufiktrf/AQUA20,train,4767,train,10,rayfish,hf_train_004767
taufiktrf/AQUA20,train,4768,train,10,rayfish,hf_train_004768
taufiktrf/AQUA20,train,4770,train,10,rayfish,hf_train_004770
taufiktrf/AQUA20,train,4771,train,10,rayfish,hf_train_004771
taufiktrf/AQUA20,train,4772,train,10,rayfish,hf_train_004772
taufiktrf/AQUA20,train,4773,train,10,rayfish,hf_train_004773
taufiktrf/AQUA20,train,4774,train,10,rayfish,hf_train_004774
taufiktrf/AQUA20,train,4775,train,10,rayfish,hf_train_004775
taufiktrf/AQUA20,train,4776,train,10,rayfish,hf_train_004776
taufiktrf/AQUA20,train,4777,train,10,rayfish,hf_train_004777
taufiktrf/AQUA20,train,4778,train,10,rayfish,hf_train_004778
taufiktrf/AQUA20,train,4780,train,10,rayfish,hf_train_004780
taufiktrf/AQUA20,train,4781,train,10,rayfish,hf_train_004781
taufiktrf/AQUA20,train,4782,train,10,rayfish,hf_train_004782
taufiktrf/AQUA20,train,4784,train,10,rayfish,hf_train_004784
taufiktrf/AQUA20,train,4785,train,10,rayfish,hf_train_004785
taufiktrf/AQUA20,train,4786,train,10,rayfish,hf_train_004786
taufiktrf/AQUA20,train,4787,train,10,rayfish,hf_train_004787
taufiktrf/AQUA20,train,4789,train,10,rayfish,hf_train_004789
taufiktrf/AQUA20,train,4790,train,10,rayfish,hf_train_004790
taufiktrf/AQUA20,train,4792,train,10,rayfish,hf_train_004792
taufiktrf/AQUA20,train,4793,train,10,rayfish,hf_train_004793
taufiktrf/AQUA20,train,4795,train,10,rayfish,hf_train_004795
taufiktrf/AQUA20,train,4796,train,10,rayfish,hf_train_004796
taufiktrf/AQUA20,train,4798,train,10,rayfish,hf_train_004798
taufiktrf/AQUA20,train,4802,train,10,rayfish,hf_train_004802
taufiktrf/AQUA20,train,4803,train,10,rayfish,hf_train_004803
taufiktrf/AQUA20,train,4806,train,10,rayfish,hf_train_004806
taufiktrf/AQUA20,train,4807,train,10,rayfish,hf_train_004807
taufiktrf/AQUA20,train,4808,train,10,rayfish,hf_train_004808
taufiktrf/AQUA20,train,4809,train,10,rayfish,hf_train_004809
taufiktrf/AQUA20,train,4810,train,10,rayfish,hf_train_004810
taufiktrf/AQUA20,train,4811,train,10,rayfish,hf_train_004811
taufiktrf/AQUA20,train,4812,train,10,rayfish,hf_train_004812
taufiktrf/AQUA20,train,4813,train,10,rayfish,hf_train_004813
taufiktrf/AQUA20,train,4814,train,10,rayfish,hf_train_004814
taufiktrf/AQUA20,train,4815,train,10,rayfish,hf_train_004815
taufiktrf/AQUA20,train,4816,train,10,rayfish,hf_train_004816
taufiktrf/AQUA20,train,4817,train,10,rayfish,hf_train_004817
taufiktrf/AQUA20,train,4819,train,10,rayfish,hf_train_004819
taufiktrf/AQUA20,train,4820,train,10,rayfish,hf_train_004820
taufiktrf/AQUA20,train,4821,train,10,rayfish,hf_train_004821
taufiktrf/AQUA20,train,4823,train,10,rayfish,hf_train_004823
taufiktrf/AQUA20,train,4824,train,10,rayfish,hf_train_004824
taufiktrf/AQUA20,train,4825,train,10,rayfish,hf_train_004825
taufiktrf/AQUA20,train,4826,train,10,rayfish,hf_train_004826
taufiktrf/AQUA20,train,4827,train,10,rayfish,hf_train_004827
taufiktrf/AQUA20,train,4828,train,10,rayfish,hf_train_004828
taufiktrf/AQUA20,train,4830,train,10,rayfish,hf_train_004830
taufiktrf/AQUA20,train,4831,train,10,rayfish,hf_train_004831
taufiktrf/AQUA20,train,4832,train,10,rayfish,hf_train_004832
taufiktrf/AQUA20,train,4833,train,10,rayfish,hf_train_004833
taufiktrf/AQUA20,train,4834,train,10,rayfish,hf_train_004834
taufiktrf/AQUA20,train,4835,train,10,rayfish,hf_train_004835
taufiktrf/AQUA20,train,4836,train,10,rayfish,hf_train_004836
taufiktrf/AQUA20,train,4837,train,10,rayfish,hf_train_004837
taufiktrf/AQUA20,train,4838,train,10,rayfish,hf_train_004838
taufiktrf/AQUA20,train,4839,train,10,rayfish,hf_train_004839
taufiktrf/AQUA20,train,4840,train,10,rayfish,hf_train_004840
taufiktrf/AQUA20,train,4841,train,10,rayfish,hf_train_004841
taufiktrf/AQUA20,train,4842,train,10,rayfish,hf_train_004842
taufiktrf/AQUA20,train,4843,train,10,rayfish,hf_train_004843
taufiktrf/AQUA20,train,4844,train,10,rayfish,hf_train_004844
taufiktrf/AQUA20,train,4847,train,10,rayfish,hf_train_004847
taufiktrf/AQUA20,train,4848,train,10,rayfish,hf_train_004848
taufiktrf/AQUA20,train,4849,train,10,rayfish,hf_train_004849
taufiktrf/AQUA20,train,4850,train,10,rayfish,hf_train_004850
taufiktrf/AQUA20,train,4851,train,10,rayfish,hf_train_004851
taufiktrf/AQUA20,train,4852,train,10,rayfish,hf_train_004852
taufiktrf/AQUA20,train,4853,train,10,rayfish,hf_train_004853
taufiktrf/AQUA20,train,4855,train,10,rayfish,hf_train_004855
taufiktrf/AQUA20,train,4856,train,10,rayfish,hf_train_004856
taufiktrf/AQUA20,train,4857,train,11,seaAnemone,hf_train_004857
taufiktrf/AQUA20,train,4858,train,11,seaAnemone,hf_train_004858
taufiktrf/AQUA20,train,4859,train,11,seaAnemone,hf_train_004859
taufiktrf/AQUA20,train,4860,train,11,seaAnemone,hf_train_004860
taufiktrf/AQUA20,train,4861,train,11,seaAnemone,hf_train_004861
taufiktrf/AQUA20,train,4862,train,11,seaAnemone,hf_train_004862
taufiktrf/AQUA20,train,4863,train,11,seaAnemone,hf_train_004863
taufiktrf/AQUA20,train,4865,train,11,seaAnemone,hf_train_004865
taufiktrf/AQUA20,train,4866,train,11,seaAnemone,hf_train_004866
taufiktrf/AQUA20,train,4868,train,11,seaAnemone,hf_train_004868
taufiktrf/AQUA20,train,4870,train,11,seaAnemone,hf_train_004870
taufiktrf/AQUA20,train,4871,train,11,seaAnemone,hf_train_004871
taufiktrf/AQUA20,train,4872,train,11,seaAnemone,hf_train_004872
taufiktrf/AQUA20,train,4873,train,11,seaAnemone,hf_train_004873
taufiktrf/AQUA20,train,4875,train,11,seaAnemone,hf_train_004875
taufiktrf/AQUA20,train,4876,train,11,seaAnemone,hf_train_004876
taufiktrf/AQUA20,train,4877,train,11,seaAnemone,hf_train_004877
taufiktrf/AQUA20,train,4878,train,11,seaAnemone,hf_train_004878
taufiktrf/AQUA20,train,4879,train,11,seaAnemone,hf_train_004879
taufiktrf/AQUA20,train,4880,train,11,seaAnemone,hf_train_004880
taufiktrf/AQUA20,train,4881,train,11,seaAnemone,hf_train_004881
taufiktrf/AQUA20,train,4882,train,11,seaAnemone,hf_train_004882
taufiktrf/AQUA20,train,4883,train,11,seaAnemone,hf_train_004883
taufiktrf/AQUA20,train,4884,train,11,seaAnemone,hf_train_004884
taufiktrf/AQUA20,train,4886,train,11,seaAnemone,hf_train_004886
taufiktrf/AQUA20,train,4889,train,11,seaAnemone,hf_train_004889
taufiktrf/AQUA20,train,4890,train,11,seaAnemone,hf_train_004890
taufiktrf/AQUA20,train,4891,train,11,seaAnemone,hf_train_004891
taufiktrf/AQUA20,train,4893,train,11,seaAnemone,hf_train_004893
taufiktrf/AQUA20,train,4897,train,11,seaAnemone,hf_train_004897
taufiktrf/AQUA20,train,4898,train,11,seaAnemone,hf_train_004898
taufiktrf/AQUA20,train,4899,train,11,seaAnemone,hf_train_004899
taufiktrf/AQUA20,train,4900,train,11,seaAnemone,hf_train_004900
taufiktrf/AQUA20,train,4902,train,11,seaAnemone,hf_train_004902
taufiktrf/AQUA20,train,4903,train,11,seaAnemone,hf_train_004903
taufiktrf/AQUA20,train,4907,train,11,seaAnemone,hf_train_004907
taufiktrf/AQUA20,train,4908,train,11,seaAnemone,hf_train_004908
taufiktrf/AQUA20,train,4910,train,11,seaAnemone,hf_train_004910
taufiktrf/AQUA20,train,4911,train,11,seaAnemone,hf_train_004911
taufiktrf/AQUA20,train,4913,train,11,seaAnemone,hf_train_004913
taufiktrf/AQUA20,train,4914,train,11,seaAnemone,hf_train_004914
taufiktrf/AQUA20,train,4915,train,11,seaAnemone,hf_train_004915
taufiktrf/AQUA20,train,4917,train,11,seaAnemone,hf_train_004917
taufiktrf/AQUA20,train,4918,train,11,seaAnemone,hf_train_004918
taufiktrf/AQUA20,train,4919,train,11,seaAnemone,hf_train_004919
taufiktrf/AQUA20,train,4922,train,11,seaAnemone,hf_train_004922
taufiktrf/AQUA20,train,4923,train,11,seaAnemone,hf_train_004923
taufiktrf/AQUA20,train,4924,train,11,seaAnemone,hf_train_004924
taufiktrf/AQUA20,train,4925,train,11,seaAnemone,hf_train_004925
taufiktrf/AQUA20,train,4926,train,11,seaAnemone,hf_train_004926
taufiktrf/AQUA20,train,4930,train,11,seaAnemone,hf_train_004930
taufiktrf/AQUA20,train,4931,train,11,seaAnemone,hf_train_004931
taufiktrf/AQUA20,train,4932,train,11,seaAnemone,hf_train_004932
taufiktrf/AQUA20,train,4933,train,11,seaAnemone,hf_train_004933
taufiktrf/AQUA20,train,4934,train,11,seaAnemone,hf_train_004934
taufiktrf/AQUA20,train,4935,train,11,seaAnemone,hf_train_004935
taufiktrf/AQUA20,train,4936,train,11,seaAnemone,hf_train_004936
taufiktrf/AQUA20,train,4937,train,11,seaAnemone,hf_train_004937
taufiktrf/AQUA20,train,4939,train,11,seaAnemone,hf_train_004939
taufiktrf/AQUA20,train,4941,train,11,seaAnemone,hf_train_004941
taufiktrf/AQUA20,train,4943,train,11,seaAnemone,hf_train_004943
taufiktrf/AQUA20,train,4946,train,11,seaAnemone,hf_train_004946
taufiktrf/AQUA20,train,4947,train,11,seaAnemone,hf_train_004947
taufiktrf/AQUA20,train,4948,train,11,seaAnemone,hf_train_004948
taufiktrf/AQUA20,train,4950,train,11,seaAnemone,hf_train_004950
taufiktrf/AQUA20,train,4951,train,11,seaAnemone,hf_train_004951
taufiktrf/AQUA20,train,4953,train,11,seaAnemone,hf_train_004953
taufiktrf/AQUA20,train,4955,train,11,seaAnemone,hf_train_004955
taufiktrf/AQUA20,train,4956,train,11,seaAnemone,hf_train_004956
taufiktrf/AQUA20,train,4958,train,11,seaAnemone,hf_train_004958
taufiktrf/AQUA20,train,4959,train,11,seaAnemone,hf_train_004959
taufiktrf/AQUA20,train,4960,train,11,seaAnemone,hf_train_004960
taufiktrf/AQUA20,train,4961,train,11,seaAnemone,hf_train_004961
taufiktrf/AQUA20,train,4963,train,11,seaAnemone,hf_train_004963
taufiktrf/AQUA20,train,4964,train,11,seaAnemone,hf_train_004964
taufiktrf/AQUA20,train,4965,train,11,seaAnemone,hf_train_004965
taufiktrf/AQUA20,train,4967,train,11,seaAnemone,hf_train_004967
taufiktrf/AQUA20,train,4969,train,11,seaAnemone,hf_train_004969
taufiktrf/AQUA20,train,4970,train,11,seaAnemone,hf_train_004970
taufiktrf/AQUA20,train,4971,train,11,seaAnemone,hf_train_004971
taufiktrf/AQUA20,train,4972,train,11,seaAnemone,hf_train_004972
taufiktrf/AQUA20,train,4973,train,11,seaAnemone,hf_train_004973
taufiktrf/AQUA20,train,4974,train,11,seaAnemone,hf_train_004974
taufiktrf/AQUA20,train,4975,train,11,seaAnemone,hf_train_004975
taufiktrf/AQUA20,train,4977,train,11,seaAnemone,hf_train_004977
taufiktrf/AQUA20,train,4978,train,11,seaAnemone,hf_train_004978
taufiktrf/AQUA20,train,4979,train,11,seaAnemone,hf_train_004979
taufiktrf/AQUA20,train,4980,train,11,seaAnemone,hf_train_004980
taufiktrf/AQUA20,train,4981,train,11,seaAnemone,hf_train_004981
taufiktrf/AQUA20,train,4982,train,11,seaAnemone,hf_train_004982
taufiktrf/AQUA20,train,4983,train,11,seaAnemone,hf_train_004983
taufiktrf/AQUA20,train,4985,train,11,seaAnemone,hf_train_004985
taufiktrf/AQUA20,train,4986,train,11,seaAnemone,hf_train_004986
taufiktrf/AQUA20,train,4987,train,11,seaAnemone,hf_train_004987
taufiktrf/AQUA20,train,4989,train,11,seaAnemone,hf_train_004989
taufiktrf/AQUA20,train,4990,train,11,seaAnemone,hf_train_004990
taufiktrf/AQUA20,train,4991,train,11,seaAnemone,hf_train_004991
taufiktrf/AQUA20,train,4992,train,11,seaAnemone,hf_train_004992
taufiktrf/AQUA20,train,4993,train,11,seaAnemone,hf_train_004993
taufiktrf/AQUA20,train,4994,train,11,seaAnemone,hf_train_004994
taufiktrf/AQUA20,train,4995,train,11,seaAnemone,hf_train_004995
taufiktrf/AQUA20,train,4996,train,11,seaAnemone,hf_train_004996
taufiktrf/AQUA20,train,4997,train,11,seaAnemone,hf_train_004997
taufiktrf/AQUA20,train,4998,train,11,seaAnemone,hf_train_004998
taufiktrf/AQUA20,train,4999,train,11,seaAnemone,hf_train_004999
taufiktrf/AQUA20,train,5002,train,11,seaAnemone,hf_train_005002
taufiktrf/AQUA20,train,5003,train,11,seaAnemone,hf_train_005003
taufiktrf/AQUA20,train,5004,train,11,seaAnemone,hf_train_005004
taufiktrf/AQUA20,train,5005,train,11,seaAnemone,hf_train_005005
taufiktrf/AQUA20,train,5007,train,11,seaAnemone,hf_train_005007
taufiktrf/AQUA20,train,5008,train,11,seaAnemone,hf_train_005008
taufiktrf/AQUA20,train,5009,train,11,seaAnemone,hf_train_005009
taufiktrf/AQUA20,train,5010,train,11,seaAnemone,hf_train_005010
taufiktrf/AQUA20,train,5012,train,11,seaAnemone,hf_train_005012
taufiktrf/AQUA20,train,5013,train,11,seaAnemone,hf_train_005013
taufiktrf/AQUA20,train,5014,train,11,seaAnemone,hf_train_005014
taufiktrf/AQUA20,train,5015,train,11,seaAnemone,hf_train_005015
taufiktrf/AQUA20,train,5016,train,11,seaAnemone,hf_train_005016
taufiktrf/AQUA20,train,5017,train,11,seaAnemone,hf_train_005017
taufiktrf/AQUA20,train,5018,train,11,seaAnemone,hf_train_005018
taufiktrf/AQUA20,train,5019,train,11,seaAnemone,hf_train_005019
taufiktrf/AQUA20,train,5020,train,11,seaAnemone,hf_train_005020
taufiktrf/AQUA20,train,5021,train,11,seaAnemone,hf_train_005021
taufiktrf/AQUA20,train,5023,train,11,seaAnemone,hf_train_005023
taufiktrf/AQUA20,train,5024,train,11,seaAnemone,hf_train_005024
taufiktrf/AQUA20,train,5025,train,11,seaAnemone,hf_train_005025
taufiktrf/AQUA20,train,5026,train,11,seaAnemone,hf_train_005026
taufiktrf/AQUA20,train,5027,train,11,seaAnemone,hf_train_005027
taufiktrf/AQUA20,train,5028,train,11,seaAnemone,hf_train_005028
taufiktrf/AQUA20,train,5029,train,11,seaAnemone,hf_train_005029
taufiktrf/AQUA20,train,5030,train,11,seaAnemone,hf_train_005030
taufiktrf/AQUA20,train,5031,train,11,seaAnemone,hf_train_005031
taufiktrf/AQUA20,train,5032,train,11,seaAnemone,hf_train_005032
taufiktrf/AQUA20,train,5033,train,11,seaAnemone,hf_train_005033
taufiktrf/AQUA20,train,5034,train,11,seaAnemone,hf_train_005034
taufiktrf/AQUA20,train,5036,train,11,seaAnemone,hf_train_005036
taufiktrf/AQUA20,train,5038,train,11,seaAnemone,hf_train_005038
taufiktrf/AQUA20,train,5039,train,11,seaAnemone,hf_train_005039
taufiktrf/AQUA20,train,5041,train,11,seaAnemone,hf_train_005041
taufiktrf/AQUA20,train,5042,train,11,seaAnemone,hf_train_005042
taufiktrf/AQUA20,train,5045,train,11,seaAnemone,hf_train_005045
taufiktrf/AQUA20,train,5049,train,11,seaAnemone,hf_train_005049
taufiktrf/AQUA20,train,5050,train,11,seaAnemone,hf_train_005050
taufiktrf/AQUA20,train,5051,train,11,seaAnemone,hf_train_005051
taufiktrf/AQUA20,train,5052,train,11,seaAnemone,hf_train_005052
taufiktrf/AQUA20,train,5053,train,11,seaAnemone,hf_train_005053
taufiktrf/AQUA20,train,5054,train,11,seaAnemone,hf_train_005054
taufiktrf/AQUA20,train,5055,train,11,seaAnemone,hf_train_005055
taufiktrf/AQUA20,train,5056,train,11,seaAnemone,hf_train_005056
taufiktrf/AQUA20,train,5058,train,11,seaAnemone,hf_train_005058
taufiktrf/AQUA20,train,5059,train,11,seaAnemone,hf_train_005059
taufiktrf/AQUA20,train,5060,train,11,seaAnemone,hf_train_005060
taufiktrf/AQUA20,train,5061,train,11,seaAnemone,hf_train_005061
taufiktrf/AQUA20,train,5062,train,11,seaAnemone,hf_train_005062
taufiktrf/AQUA20,train,5064,train,11,seaAnemone,hf_train_005064
taufiktrf/AQUA20,train,5065,train,11,seaAnemone,hf_train_005065
taufiktrf/AQUA20,train,5066,train,11,seaAnemone,hf_train_005066
taufiktrf/AQUA20,train,5069,train,11,seaAnemone,hf_train_005069
taufiktrf/AQUA20,train,5070,train,11,seaAnemone,hf_train_005070
taufiktrf/AQUA20,train,5072,train,11,seaAnemone,hf_train_005072
taufiktrf/AQUA20,train,5073,train,11,seaAnemone,hf_train_005073
taufiktrf/AQUA20,train,5075,train,11,seaAnemone,hf_train_005075
taufiktrf/AQUA20,train,5077,train,11,seaAnemone,hf_train_005077
taufiktrf/AQUA20,train,5078,train,11,seaAnemone,hf_train_005078
taufiktrf/AQUA20,train,5081,train,11,seaAnemone,hf_train_005081
taufiktrf/AQUA20,train,5084,train,11,seaAnemone,hf_train_005084
taufiktrf/AQUA20,train,5086,train,11,seaAnemone,hf_train_005086
taufiktrf/AQUA20,train,5087,train,11,seaAnemone,hf_train_005087
taufiktrf/AQUA20,train,5088,train,11,seaAnemone,hf_train_005088
taufiktrf/AQUA20,train,5089,train,11,seaAnemone,hf_train_005089
taufiktrf/AQUA20,train,5091,train,11,seaAnemone,hf_train_005091
taufiktrf/AQUA20,train,5093,train,11,seaAnemone,hf_train_005093
taufiktrf/AQUA20,train,5096,train,11,seaAnemone,hf_train_005096
taufiktrf/AQUA20,train,5097,train,11,seaAnemone,hf_train_005097
taufiktrf/AQUA20,train,5098,train,11,seaAnemone,hf_train_005098
taufiktrf/AQUA20,train,5099,train,11,seaAnemone,hf_train_005099
taufiktrf/AQUA20,train,5100,train,11,seaAnemone,hf_train_005100
taufiktrf/AQUA20,train,5101,train,11,seaAnemone,hf_train_005101
taufiktrf/AQUA20,train,5102,train,11,seaAnemone,hf_train_005102
taufiktrf/AQUA20,train,5104,train,11,seaAnemone,hf_train_005104
taufiktrf/AQUA20,train,5105,train,11,seaAnemone,hf_train_005105
taufiktrf/AQUA20,train,5106,train,11,seaAnemone,hf_train_005106
taufiktrf/AQUA20,train,5107,train,11,seaAnemone,hf_train_005107
taufiktrf/AQUA20,train,5108,train,11,seaAnemone,hf_train_005108
taufiktrf/AQUA20,train,5109,train,11,seaAnemone,hf_train_005109
taufiktrf/AQUA20,train,5110,train,11,seaAnemone,hf_train_005110
taufiktrf/AQUA20,train,5111,train,11,seaAnemone,hf_train_005111
taufiktrf/AQUA20,train,5113,train,11,seaAnemone,hf_train_005113
taufiktrf/AQUA20,train,5114,train,11,seaAnemone,hf_train_005114
taufiktrf/AQUA20,train,5115,train,11,seaAnemone,hf_train_005115
taufiktrf/AQUA20,train,5116,train,11,seaAnemone,hf_train_005116
taufiktrf/AQUA20,train,5117,train,11,seaAnemone,hf_train_005117
taufiktrf/AQUA20,train,5118,train,11,seaAnemone,hf_train_005118
taufiktrf/AQUA20,train,5119,train,11,seaAnemone,hf_train_005119
taufiktrf/AQUA20,train,5121,train,11,seaAnemone,hf_train_005121
taufiktrf/AQUA20,train,5123,train,11,seaAnemone,hf_train_005123
taufiktrf/AQUA20,train,5125,train,11,seaAnemone,hf_train_005125
taufiktrf/AQUA20,train,5128,train,11,seaAnemone,hf_train_005128
taufiktrf/AQUA20,train,5129,train,11,seaAnemone,hf_train_005129
taufiktrf/AQUA20,train,5130,train,11,seaAnemone,hf_train_005130
taufiktrf/AQUA20,train,5131,train,11,seaAnemone,hf_train_005131
taufiktrf/AQUA20,train,5133,train,11,seaAnemone,hf_train_005133
taufiktrf/AQUA20,train,5134,train,11,seaAnemone,hf_train_005134
taufiktrf/AQUA20,train,5135,train,11,seaAnemone,hf_train_005135
taufiktrf/AQUA20,train,5136,train,11,seaAnemone,hf_train_005136
taufiktrf/AQUA20,train,5137,train,11,seaAnemone,hf_train_005137
taufiktrf/AQUA20,train,5138,train,11,seaAnemone,hf_train_005138
taufiktrf/AQUA20,train,5139,train,11,seaAnemone,hf_train_005139
taufiktrf/AQUA20,train,5140,train,11,seaAnemone,hf_train_005140
taufiktrf/AQUA20,train,5141,train,11,seaAnemone,hf_train_005141
taufiktrf/AQUA20,train,5142,train,11,seaAnemone,hf_train_005142
taufiktrf/AQUA20,train,5143,train,11,seaAnemone,hf_train_005143
taufiktrf/AQUA20,train,5144,train,11,seaAnemone,hf_train_005144
taufiktrf/AQUA20,train,5145,train,11,seaAnemone,hf_train_005145
taufiktrf/AQUA20,train,5146,train,11,seaAnemone,hf_train_005146
taufiktrf/AQUA20,train,5147,train,11,seaAnemone,hf_train_005147
taufiktrf/AQUA20,train,5148,train,11,seaAnemone,hf_train_005148
taufiktrf/AQUA20,train,5149,train,11,seaAnemone,hf_train_005149
taufiktrf/AQUA20,train,5150,train,11,seaAnemone,hf_train_005150
taufiktrf/AQUA20,train,5151,train,11,seaAnemone,hf_train_005151
taufiktrf/AQUA20,train,5153,train,11,seaAnemone,hf_train_005153
taufiktrf/AQUA20,train,5154,train,11,seaAnemone,hf_train_005154
taufiktrf/AQUA20,train,5155,train,11,seaAnemone,hf_train_005155
taufiktrf/AQUA20,train,5156,train,11,seaAnemone,hf_train_005156
taufiktrf/AQUA20,train,5157,train,11,seaAnemone,hf_train_005157
taufiktrf/AQUA20,train,5159,train,11,seaAnemone,hf_train_005159
taufiktrf/AQUA20,train,5160,train,11,seaAnemone,hf_train_005160
taufiktrf/AQUA20,train,5161,train,11,seaAnemone,hf_train_005161
taufiktrf/AQUA20,train,5162,train,11,seaAnemone,hf_train_005162
taufiktrf/AQUA20,train,5163,train,11,seaAnemone,hf_train_005163
taufiktrf/AQUA20,train,5164,train,11,seaAnemone,hf_train_005164
taufiktrf/AQUA20,train,5167,train,11,seaAnemone,hf_train_005167
taufiktrf/AQUA20,train,5168,train,11,seaAnemone,hf_train_005168
taufiktrf/AQUA20,train,5169,train,11,seaAnemone,hf_train_005169
taufiktrf/AQUA20,train,5170,train,11,seaAnemone,hf_train_005170
taufiktrf/AQUA20,train,5171,train,11,seaAnemone,hf_train_005171
taufiktrf/AQUA20,train,5172,train,11,seaAnemone,hf_train_005172
taufiktrf/AQUA20,train,5173,train,11,seaAnemone,hf_train_005173
taufiktrf/AQUA20,train,5174,train,11,seaAnemone,hf_train_005174
taufiktrf/AQUA20,train,5175,train,11,seaAnemone,hf_train_005175
taufiktrf/AQUA20,train,5176,train,11,seaAnemone,hf_train_005176
taufiktrf/AQUA20,train,5177,train,11,seaAnemone,hf_train_005177
taufiktrf/AQUA20,train,5178,train,11,seaAnemone,hf_train_005178
taufiktrf/AQUA20,train,5179,train,11,seaAnemone,hf_train_005179
taufiktrf/AQUA20,train,5180,train,11,seaAnemone,hf_train_005180
taufiktrf/AQUA20,train,5181,train,11,seaAnemone,hf_train_005181
taufiktrf/AQUA20,train,5182,train,11,seaAnemone,hf_train_005182
taufiktrf/AQUA20,train,5184,train,11,seaAnemone,hf_train_005184
taufiktrf/AQUA20,train,5185,train,11,seaAnemone,hf_train_005185
taufiktrf/AQUA20,train,5186,train,11,seaAnemone,hf_train_005186
taufiktrf/AQUA20,train,5187,train,11,seaAnemone,hf_train_005187
taufiktrf/AQUA20,train,5188,train,11,seaAnemone,hf_train_005188
taufiktrf/AQUA20,train,5189,train,11,seaAnemone,hf_train_005189
taufiktrf/AQUA20,train,5190,train,11,seaAnemone,hf_train_005190
taufiktrf/AQUA20,train,5191,train,11,seaAnemone,hf_train_005191
taufiktrf/AQUA20,train,5192,train,11,seaAnemone,hf_train_005192
taufiktrf/AQUA20,train,5193,train,11,seaAnemone,hf_train_005193
taufiktrf/AQUA20,train,5195,train,11,seaAnemone,hf_train_005195
taufiktrf/AQUA20,train,5197,train,11,seaAnemone,hf_train_005197
taufiktrf/AQUA20,train,5198,train,11,seaAnemone,hf_train_005198
taufiktrf/AQUA20,train,5200,train,11,seaAnemone,hf_train_005200
taufiktrf/AQUA20,train,5202,train,11,seaAnemone,hf_train_005202
taufiktrf/AQUA20,train,5203,train,11,seaAnemone,hf_train_005203
taufiktrf/AQUA20,train,5204,train,11,seaAnemone,hf_train_005204
taufiktrf/AQUA20,train,5205,train,11,seaAnemone,hf_train_005205
taufiktrf/AQUA20,train,5207,train,11,seaAnemone,hf_train_005207
taufiktrf/AQUA20,train,5208,train,11,seaAnemone,hf_train_005208
taufiktrf/AQUA20,train,5209,train,11,seaAnemone,hf_train_005209
taufiktrf/AQUA20,train,5210,train,11,seaAnemone,hf_train_005210
taufiktrf/AQUA20,train,5212,train,11,seaAnemone,hf_train_005212
taufiktrf/AQUA20,train,5213,train,11,seaAnemone,hf_train_005213
taufiktrf/AQUA20,train,5215,train,11,seaAnemone,hf_train_005215
taufiktrf/AQUA20,train,5217,train,11,seaAnemone,hf_train_005217
taufiktrf/AQUA20,train,5218,train,11,seaAnemone,hf_train_005218
taufiktrf/AQUA20,train,5219,train,11,seaAnemone,hf_train_005219
taufiktrf/AQUA20,train,5221,train,11,seaAnemone,hf_train_005221
taufiktrf/AQUA20,train,5223,train,11,seaAnemone,hf_train_005223
taufiktrf/AQUA20,train,5224,train,11,seaAnemone,hf_train_005224
taufiktrf/AQUA20,train,5225,train,11,seaAnemone,hf_train_005225
taufiktrf/AQUA20,train,5226,train,11,seaAnemone,hf_train_005226
taufiktrf/AQUA20,train,5228,train,11,seaAnemone,hf_train_005228
taufiktrf/AQUA20,train,5229,train,11,seaAnemone,hf_train_005229
taufiktrf/AQUA20,train,5230,train,11,seaAnemone,hf_train_005230
taufiktrf/AQUA20,train,5233,train,11,seaAnemone,hf_train_005233
taufiktrf/AQUA20,train,5234,train,11,seaAnemone,hf_train_005234
taufiktrf/AQUA20,train,5235,train,11,seaAnemone,hf_train_005235
taufiktrf/AQUA20,train,5237,train,11,seaAnemone,hf_train_005237
taufiktrf/AQUA20,train,5238,train,11,seaAnemone,hf_train_005238
taufiktrf/AQUA20,train,5240,train,11,seaAnemone,hf_train_005240
taufiktrf/AQUA20,train,5241,train,11,seaAnemone,hf_train_005241
taufiktrf/AQUA20,train,5242,train,11,seaAnemone,hf_train_005242
taufiktrf/AQUA20,train,5243,train,11,seaAnemone,hf_train_005243
taufiktrf/AQUA20,train,5244,train,11,seaAnemone,hf_train_005244
taufiktrf/AQUA20,train,5245,train,11,seaAnemone,hf_train_005245
taufiktrf/AQUA20,train,5247,train,11,seaAnemone,hf_train_005247
taufiktrf/AQUA20,train,5248,train,11,seaAnemone,hf_train_005248
taufiktrf/AQUA20,train,5250,train,11,seaAnemone,hf_train_005250
taufiktrf/AQUA20,train,5251,train,11,seaAnemone,hf_train_005251
taufiktrf/AQUA20,train,5252,train,11,seaAnemone,hf_train_005252
taufiktrf/AQUA20,train,5253,train,11,seaAnemone,hf_train_005253
taufiktrf/AQUA20,train,5254,train,11,seaAnemone,hf_train_005254
taufiktrf/AQUA20,train,5256,train,11,seaAnemone,hf_train_005256
taufiktrf/AQUA20,train,5257,train,11,seaAnemone,hf_train_005257
taufiktrf/AQUA20,train,5258,train,11,seaAnemone,hf_train_005258
taufiktrf/AQUA20,train,5259,train,11,seaAnemone,hf_train_005259
taufiktrf/AQUA20,train,5260,train,11,seaAnemone,hf_train_005260
taufiktrf/AQUA20,train,5261,train,11,seaAnemone,hf_train_005261
taufiktrf/AQUA20,train,5262,train,11,seaAnemone,hf_train_005262
taufiktrf/AQUA20,train,5263,train,11,seaAnemone,hf_train_005263
taufiktrf/AQUA20,train,5264,train,11,seaAnemone,hf_train_005264
taufiktrf/AQUA20,train,5265,train,11,seaAnemone,hf_train_005265
taufiktrf/AQUA20,train,5266,train,11,seaAnemone,hf_train_005266
taufiktrf/AQUA20,train,5267,train,11,seaAnemone,hf_train_005267
taufiktrf/AQUA20,train,5268,train,11,seaAnemone,hf_train_005268
taufiktrf/AQUA20,train,5269,train,11,seaAnemone,hf_train_005269
taufiktrf/AQUA20,train,5270,train,11,seaAnemone,hf_train_005270
taufiktrf/AQUA20,train,5271,train,11,seaAnemone,hf_train_005271
taufiktrf/AQUA20,train,5272,train,11,seaAnemone,hf_train_005272
taufiktrf/AQUA20,train,5273,train,11,seaAnemone,hf_train_005273
taufiktrf/AQUA20,train,5274,train,11,seaAnemone,hf_train_005274
taufiktrf/AQUA20,train,5275,train,11,seaAnemone,hf_train_005275
taufiktrf/AQUA20,train,5277,train,11,seaAnemone,hf_train_005277
taufiktrf/AQUA20,train,5279,train,11,seaAnemone,hf_train_005279
taufiktrf/AQUA20,train,5281,train,11,seaAnemone,hf_train_005281
taufiktrf/AQUA20,train,5282,train,11,seaAnemone,hf_train_005282
taufiktrf/AQUA20,train,5283,train,11,seaAnemone,hf_train_005283
taufiktrf/AQUA20,train,5285,train,11,seaAnemone,hf_train_005285
taufiktrf/AQUA20,train,5286,train,11,seaAnemone,hf_train_005286
taufiktrf/AQUA20,train,5287,train,11,seaAnemone,hf_train_005287
taufiktrf/AQUA20,train,5288,train,11,seaAnemone,hf_train_005288
taufiktrf/AQUA20,train,5289,train,11,seaAnemone,hf_train_005289
taufiktrf/AQUA20,train,5290,train,11,seaAnemone,hf_train_005290
taufiktrf/AQUA20,train,5291,train,11,seaAnemone,hf_train_005291
taufiktrf/AQUA20,train,5292,train,11,seaAnemone,hf_train_005292
taufiktrf/AQUA20,train,5293,train,11,seaAnemone,hf_train_005293
taufiktrf/AQUA20,train,5294,train,11,seaAnemone,hf_train_005294
taufiktrf/AQUA20,train,5296,train,11,seaAnemone,hf_train_005296
taufiktrf/AQUA20,train,5297,train,11,seaAnemone,hf_train_005297
taufiktrf/AQUA20,train,5298,train,11,seaAnemone,hf_train_005298
taufiktrf/AQUA20,train,5299,train,11,seaAnemone,hf_train_005299
taufiktrf/AQUA20,train,5301,train,11,seaAnemone,hf_train_005301
taufiktrf/AQUA20,train,5304,train,11,seaAnemone,hf_train_005304
taufiktrf/AQUA20,train,5305,train,11,seaAnemone,hf_train_005305
taufiktrf/AQUA20,train,5306,train,11,seaAnemone,hf_train_005306
taufiktrf/AQUA20,train,5307,train,11,seaAnemone,hf_train_005307
taufiktrf/AQUA20,train,5308,train,11,seaAnemone,hf_train_005308
taufiktrf/AQUA20,train,5310,train,11,seaAnemone,hf_train_005310
taufiktrf/AQUA20,train,5311,train,11,seaAnemone,hf_train_005311
taufiktrf/AQUA20,train,5312,train,11,seaAnemone,hf_train_005312
taufiktrf/AQUA20,train,5313,train,11,seaAnemone,hf_train_005313
taufiktrf/AQUA20,train,5314,train,11,seaAnemone,hf_train_005314
taufiktrf/AQUA20,train,5315,train,11,seaAnemone,hf_train_005315
taufiktrf/AQUA20,train,5316,train,11,seaAnemone,hf_train_005316
taufiktrf/AQUA20,train,5317,train,11,seaAnemone,hf_train_005317
taufiktrf/AQUA20,train,5318,train,11,seaAnemone,hf_train_005318
taufiktrf/AQUA20,train,5319,train,11,seaAnemone,hf_train_005319
taufiktrf/AQUA20,train,5320,train,11,seaAnemone,hf_train_005320
taufiktrf/AQUA20,train,5322,train,11,seaAnemone,hf_train_005322
taufiktrf/AQUA20,train,5323,train,11,seaAnemone,hf_train_005323
taufiktrf/AQUA20,train,5324,train,11,seaAnemone,hf_train_005324
taufiktrf/AQUA20,train,5325,train,11,seaAnemone,hf_train_005325
taufiktrf/AQUA20,train,5326,train,11,seaAnemone,hf_train_005326
taufiktrf/AQUA20,train,5328,train,11,seaAnemone,hf_train_005328
taufiktrf/AQUA20,train,5329,train,11,seaAnemone,hf_train_005329
taufiktrf/AQUA20,train,5330,train,11,seaAnemone,hf_train_005330
taufiktrf/AQUA20,train,5331,train,11,seaAnemone,hf_train_005331
taufiktrf/AQUA20,train,5332,train,11,seaAnemone,hf_train_005332
taufiktrf/AQUA20,train,5333,train,11,seaAnemone,hf_train_005333
taufiktrf/AQUA20,train,5334,train,11,seaAnemone,hf_train_005334
taufiktrf/AQUA20,train,5335,train,11,seaAnemone,hf_train_005335
taufiktrf/AQUA20,train,5336,train,11,seaAnemone,hf_train_005336
taufiktrf/AQUA20,train,5337,train,11,seaAnemone,hf_train_005337
taufiktrf/AQUA20,train,5338,train,11,seaAnemone,hf_train_005338
taufiktrf/AQUA20,train,5339,train,11,seaAnemone,hf_train_005339
taufiktrf/AQUA20,train,5340,train,11,seaAnemone,hf_train_005340
taufiktrf/AQUA20,train,5343,train,11,seaAnemone,hf_train_005343
taufiktrf/AQUA20,train,5345,train,11,seaAnemone,hf_train_005345
taufiktrf/AQUA20,train,5347,train,11,seaAnemone,hf_train_005347
taufiktrf/AQUA20,train,5348,train,11,seaAnemone,hf_train_005348
taufiktrf/AQUA20,train,5349,train,11,seaAnemone,hf_train_005349
taufiktrf/AQUA20,train,5351,train,11,seaAnemone,hf_train_005351
taufiktrf/AQUA20,train,5352,train,11,seaAnemone,hf_train_005352
taufiktrf/AQUA20,train,5353,train,11,seaAnemone,hf_train_005353
taufiktrf/AQUA20,train,5354,train,11,seaAnemone,hf_train_005354
taufiktrf/AQUA20,train,5355,train,11,seaAnemone,hf_train_005355
taufiktrf/AQUA20,train,5356,train,11,seaAnemone,hf_train_005356
taufiktrf/AQUA20,train,5357,train,11,seaAnemone,hf_train_005357
taufiktrf/AQUA20,train,5358,train,11,seaAnemone,hf_train_005358
taufiktrf/AQUA20,train,5360,train,11,seaAnemone,hf_train_005360
taufiktrf/AQUA20,train,5361,train,11,seaAnemone,hf_train_005361
taufiktrf/AQUA20,train,5362,train,11,seaAnemone,hf_train_005362
taufiktrf/AQUA20,train,5363,train,11,seaAnemone,hf_train_005363
taufiktrf/AQUA20,train,5364,train,11,seaAnemone,hf_train_005364
taufiktrf/AQUA20,train,5365,train,11,seaAnemone,hf_train_005365
taufiktrf/AQUA20,train,5366,train,11,seaAnemone,hf_train_005366
taufiktrf/AQUA20,train,5368,train,11,seaAnemone,hf_train_005368
taufiktrf/AQUA20,train,5369,train,11,seaAnemone,hf_train_005369
taufiktrf/AQUA20,train,5370,train,11,seaAnemone,hf_train_005370
taufiktrf/AQUA20,train,5371,train,11,seaAnemone,hf_train_005371
taufiktrf/AQUA20,train,5373,train,11,seaAnemone,hf_train_005373
taufiktrf/AQUA20,train,5374,train,11,seaAnemone,hf_train_005374
taufiktrf/AQUA20,train,5376,train,11,seaAnemone,hf_train_005376
taufiktrf/AQUA20,train,5377,train,11,seaAnemone,hf_train_005377
taufiktrf/AQUA20,train,5378,train,11,seaAnemone,hf_train_005378
taufiktrf/AQUA20,train,5380,train,11,seaAnemone,hf_train_005380
taufiktrf/AQUA20,train,5382,train,11,seaAnemone,hf_train_005382
taufiktrf/AQUA20,train,5383,train,11,seaAnemone,hf_train_005383
taufiktrf/AQUA20,train,5384,train,11,seaAnemone,hf_train_005384
taufiktrf/AQUA20,train,5385,train,11,seaAnemone,hf_train_005385
taufiktrf/AQUA20,train,5387,train,11,seaAnemone,hf_train_005387
taufiktrf/AQUA20,train,5388,train,11,seaAnemone,hf_train_005388
taufiktrf/AQUA20,train,5389,train,11,seaAnemone,hf_train_005389
taufiktrf/AQUA20,train,5390,train,11,seaAnemone,hf_train_005390
taufiktrf/AQUA20,train,5391,train,11,seaAnemone,hf_train_005391
taufiktrf/AQUA20,train,5392,train,11,seaAnemone,hf_train_005392
taufiktrf/AQUA20,train,5393,train,11,seaAnemone,hf_train_005393
taufiktrf/AQUA20,train,5394,train,11,seaAnemone,hf_train_005394
taufiktrf/AQUA20,train,5395,train,11,seaAnemone,hf_train_005395
taufiktrf/AQUA20,train,5397,train,11,seaAnemone,hf_train_005397
taufiktrf/AQUA20,train,5398,train,11,seaAnemone,hf_train_005398
taufiktrf/AQUA20,train,5399,train,11,seaAnemone,hf_train_005399
taufiktrf/AQUA20,train,5400,train,11,seaAnemone,hf_train_005400
taufiktrf/AQUA20,train,5401,train,11,seaAnemone,hf_train_005401
taufiktrf/AQUA20,train,5402,train,11,seaAnemone,hf_train_005402
taufiktrf/AQUA20,train,5403,train,11,seaAnemone,hf_train_005403
taufiktrf/AQUA20,train,5404,train,11,seaAnemone,hf_train_005404
taufiktrf/AQUA20,train,5405,train,11,seaAnemone,hf_train_005405
taufiktrf/AQUA20,train,5406,train,11,seaAnemone,hf_train_005406
taufiktrf/AQUA20,train,5408,train,11,seaAnemone,hf_train_005408
taufiktrf/AQUA20,train,5409,train,11,seaAnemone,hf_train_005409
taufiktrf/AQUA20,train,5410,train,11,seaAnemone,hf_train_005410
taufiktrf/AQUA20,train,5411,train,11,seaAnemone,hf_train_005411
taufiktrf/AQUA20,train,5412,train,11,seaAnemone,hf_train_005412
taufiktrf/AQUA20,train,5413,train,11,seaAnemone,hf_train_005413
taufiktrf/AQUA20,train,5414,train,11,seaAnemone,hf_train_005414
taufiktrf/AQUA20,train,5415,train,11,seaAnemone,hf_train_005415
taufiktrf/AQUA20,train,5416,train,11,seaAnemone,hf_train_005416
taufiktrf/AQUA20,train,5417,train,11,seaAnemone,hf_train_005417
taufiktrf/AQUA20,train,5418,train,11,seaAnemone,hf_train_005418
taufiktrf/AQUA20,train,5419,train,11,seaAnemone,hf_train_005419
taufiktrf/AQUA20,train,5421,train,11,seaAnemone,hf_train_005421
taufiktrf/AQUA20,train,5422,train,11,seaAnemone,hf_train_005422
taufiktrf/AQUA20,train,5423,train,11,seaAnemone,hf_train_005423
taufiktrf/AQUA20,train,5425,train,11,seaAnemone,hf_train_005425
taufiktrf/AQUA20,train,5427,train,11,seaAnemone,hf_train_005427
taufiktrf/AQUA20,train,5428,train,11,seaAnemone,hf_train_005428
taufiktrf/AQUA20,train,5429,train,11,seaAnemone,hf_train_005429
taufiktrf/AQUA20,train,5430,train,11,seaAnemone,hf_train_005430
taufiktrf/AQUA20,train,5431,train,11,seaAnemone,hf_train_005431
taufiktrf/AQUA20,train,5432,train,11,seaAnemone,hf_train_005432
taufiktrf/AQUA20,train,5433,train,11,seaAnemone,hf_train_005433
taufiktrf/AQUA20,train,5434,train,11,seaAnemone,hf_train_005434
taufiktrf/AQUA20,train,5435,train,11,seaAnemone,hf_train_005435
taufiktrf/AQUA20,train,5436,train,11,seaAnemone,hf_train_005436
taufiktrf/AQUA20,train,5437,train,11,seaAnemone,hf_train_005437
taufiktrf/AQUA20,train,5438,train,11,seaAnemone,hf_train_005438
taufiktrf/AQUA20,train,5439,train,11,seaAnemone,hf_train_005439
taufiktrf/AQUA20,train,5441,train,11,seaAnemone,hf_train_005441
taufiktrf/AQUA20,train,5442,train,11,seaAnemone,hf_train_005442
taufiktrf/AQUA20,train,5444,train,11,seaAnemone,hf_train_005444
taufiktrf/AQUA20,train,5446,train,11,seaAnemone,hf_train_005446
taufiktrf/AQUA20,train,5447,train,11,seaAnemone,hf_train_005447
taufiktrf/AQUA20,train,5448,train,11,seaAnemone,hf_train_005448
taufiktrf/AQUA20,train,5449,train,11,seaAnemone,hf_train_005449
taufiktrf/AQUA20,train,5450,train,11,seaAnemone,hf_train_005450
taufiktrf/AQUA20,train,5451,train,11,seaAnemone,hf_train_005451
taufiktrf/AQUA20,train,5452,train,11,seaAnemone,hf_train_005452
taufiktrf/AQUA20,train,5453,train,11,seaAnemone,hf_train_005453
taufiktrf/AQUA20,train,5454,train,11,seaAnemone,hf_train_005454
taufiktrf/AQUA20,train,5455,train,11,seaAnemone,hf_train_005455
taufiktrf/AQUA20,train,5456,train,11,seaAnemone,hf_train_005456
taufiktrf/AQUA20,train,5457,train,11,seaAnemone,hf_train_005457
taufiktrf/AQUA20,train,5458,train,11,seaAnemone,hf_train_005458
taufiktrf/AQUA20,train,5459,train,11,seaAnemone,hf_train_005459
taufiktrf/AQUA20,train,5460,train,11,seaAnemone,hf_train_005460
taufiktrf/AQUA20,train,5461,train,11,seaAnemone,hf_train_005461
taufiktrf/AQUA20,train,5462,train,11,seaAnemone,hf_train_005462
taufiktrf/AQUA20,train,5464,train,11,seaAnemone,hf_train_005464
taufiktrf/AQUA20,train,5465,train,11,seaAnemone,hf_train_005465
taufiktrf/AQUA20,train,5466,train,11,seaAnemone,hf_train_005466
taufiktrf/AQUA20,train,5467,train,11,seaAnemone,hf_train_005467
taufiktrf/AQUA20,train,5468,train,11,seaAnemone,hf_train_005468
taufiktrf/AQUA20,train,5469,train,11,seaAnemone,hf_train_005469
taufiktrf/AQUA20,train,5470,train,11,seaAnemone,hf_train_005470
taufiktrf/AQUA20,train,5471,train,11,seaAnemone,hf_train_005471
taufiktrf/AQUA20,train,5472,train,11,seaAnemone,hf_train_005472
taufiktrf/AQUA20,train,5473,train,11,seaAnemone,hf_train_005473
taufiktrf/AQUA20,train,5474,train,11,seaAnemone,hf_train_005474
taufiktrf/AQUA20,train,5475,train,11,seaAnemone,hf_train_005475
taufiktrf/AQUA20,train,5476,train,11,seaAnemone,hf_train_005476
taufiktrf/AQUA20,train,5477,train,11,seaAnemone,hf_train_005477
taufiktrf/AQUA20,train,5478,train,11,seaAnemone,hf_train_005478
taufiktrf/AQUA20,train,5479,train,11,seaAnemone,hf_train_005479
taufiktrf/AQUA20,train,5480,train,11,seaAnemone,hf_train_005480
taufiktrf/AQUA20,train,5481,train,11,seaAnemone,hf_train_005481
taufiktrf/AQUA20,train,5482,train,11,seaAnemone,hf_train_005482
taufiktrf/AQUA20,train,5483,train,11,seaAnemone,hf_train_005483
taufiktrf/AQUA20,train,5485,train,11,seaAnemone,hf_train_005485
taufiktrf/AQUA20,train,5486,train,11,seaAnemone,hf_train_005486
taufiktrf/AQUA20,train,5488,train,11,seaAnemone,hf_train_005488
taufiktrf/AQUA20,train,5489,train,11,seaAnemone,hf_train_005489
taufiktrf/AQUA20,train,5490,train,11,seaAnemone,hf_train_005490
taufiktrf/AQUA20,train,5491,train,11,seaAnemone,hf_train_005491
taufiktrf/AQUA20,train,5492,train,11,seaAnemone,hf_train_005492
taufiktrf/AQUA20,train,5495,train,11,seaAnemone,hf_train_005495
taufiktrf/AQUA20,train,5497,train,11,seaAnemone,hf_train_005497
taufiktrf/AQUA20,train,5499,train,11,seaAnemone,hf_train_005499
taufiktrf/AQUA20,train,5500,train,11,seaAnemone,hf_train_005500
taufiktrf/AQUA20,train,5501,train,11,seaAnemone,hf_train_005501
taufiktrf/AQUA20,train,5502,train,11,seaAnemone,hf_train_005502
taufiktrf/AQUA20,train,5503,train,11,seaAnemone,hf_train_005503
taufiktrf/AQUA20,train,5504,train,11,seaAnemone,hf_train_005504
taufiktrf/AQUA20,train,5505,train,11,seaAnemone,hf_train_005505
taufiktrf/AQUA20,train,5507,train,11,seaAnemone,hf_train_005507
taufiktrf/AQUA20,train,5508,train,11,seaAnemone,hf_train_005508
taufiktrf/AQUA20,train,5509,train,11,seaAnemone,hf_train_005509
taufiktrf/AQUA20,train,5510,train,11,seaAnemone,hf_train_005510
taufiktrf/AQUA20,train,5511,train,11,seaAnemone,hf_train_005511
taufiktrf/AQUA20,train,5512,train,11,seaAnemone,hf_train_005512
taufiktrf/AQUA20,train,5513,train,11,seaAnemone,hf_train_005513
taufiktrf/AQUA20,train,5514,train,11,seaAnemone,hf_train_005514
taufiktrf/AQUA20,train,5515,train,11,seaAnemone,hf_train_005515
taufiktrf/AQUA20,train,5517,train,11,seaAnemone,hf_train_005517
taufiktrf/AQUA20,train,5518,train,11,seaAnemone,hf_train_005518
taufiktrf/AQUA20,train,5519,train,11,seaAnemone,hf_train_005519
taufiktrf/AQUA20,train,5520,train,11,seaAnemone,hf_train_005520
taufiktrf/AQUA20,train,5521,train,11,seaAnemone,hf_train_005521
taufiktrf/AQUA20,train,5522,train,11,seaAnemone,hf_train_005522
taufiktrf/AQUA20,train,5523,train,11,seaAnemone,hf_train_005523
taufiktrf/AQUA20,train,5524,train,11,seaAnemone,hf_train_005524
taufiktrf/AQUA20,train,5525,train,11,seaAnemone,hf_train_005525
taufiktrf/AQUA20,train,5526,train,11,seaAnemone,hf_train_005526
taufiktrf/AQUA20,train,5527,train,11,seaAnemone,hf_train_005527
taufiktrf/AQUA20,train,5529,train,11,seaAnemone,hf_train_005529
taufiktrf/AQUA20,train,5530,train,11,seaAnemone,hf_train_005530
taufiktrf/AQUA20,train,5531,train,11,seaAnemone,hf_train_005531
taufiktrf/AQUA20,train,5532,train,11,seaAnemone,hf_train_005532
taufiktrf/AQUA20,train,5533,train,11,seaAnemone,hf_train_005533
taufiktrf/AQUA20,train,5534,train,11,seaAnemone,hf_train_005534
taufiktrf/AQUA20,train,5536,train,11,seaAnemone,hf_train_005536
taufiktrf/AQUA20,train,5537,train,11,seaAnemone,hf_train_005537
taufiktrf/AQUA20,train,5538,train,11,seaAnemone,hf_train_005538
taufiktrf/AQUA20,train,5539,train,11,seaAnemone,hf_train_005539
taufiktrf/AQUA20,train,5540,train,11,seaAnemone,hf_train_005540
taufiktrf/AQUA20,train,5541,train,11,seaAnemone,hf_train_005541
taufiktrf/AQUA20,train,5542,train,11,seaAnemone,hf_train_005542
taufiktrf/AQUA20,train,5543,train,11,seaAnemone,hf_train_005543
taufiktrf/AQUA20,train,5545,train,11,seaAnemone,hf_train_005545
taufiktrf/AQUA20,train,5546,train,11,seaAnemone,hf_train_005546
taufiktrf/AQUA20,train,5547,train,11,seaAnemone,hf_train_005547
taufiktrf/AQUA20,train,5548,train,11,seaAnemone,hf_train_005548
taufiktrf/AQUA20,train,5549,train,11,seaAnemone,hf_train_005549
taufiktrf/AQUA20,train,5550,train,11,seaAnemone,hf_train_005550
taufiktrf/AQUA20,train,5551,train,11,seaAnemone,hf_train_005551
taufiktrf/AQUA20,train,5552,train,11,seaAnemone,hf_train_005552
taufiktrf/AQUA20,train,5553,train,11,seaAnemone,hf_train_005553
taufiktrf/AQUA20,train,5554,train,11,seaAnemone,hf_train_005554
taufiktrf/AQUA20,train,5555,train,11,seaAnemone,hf_train_005555
taufiktrf/AQUA20,train,5556,train,11,seaAnemone,hf_train_005556
taufiktrf/AQUA20,train,5557,train,11,seaAnemone,hf_train_005557
taufiktrf/AQUA20,train,5558,train,11,seaAnemone,hf_train_005558
taufiktrf/AQUA20,train,5559,train,11,seaAnemone,hf_train_005559
taufiktrf/AQUA20,train,5560,train,11,seaAnemone,hf_train_005560
taufiktrf/AQUA20,train,5561,train,11,seaAnemone,hf_train_005561
taufiktrf/AQUA20,train,5562,train,11,seaAnemone,hf_train_005562
taufiktrf/AQUA20,train,5563,train,11,seaAnemone,hf_train_005563
taufiktrf/AQUA20,train,5565,train,11,seaAnemone,hf_train_005565
taufiktrf/AQUA20,train,5566,train,11,seaAnemone,hf_train_005566
taufiktrf/AQUA20,train,5567,train,11,seaAnemone,hf_train_005567
taufiktrf/AQUA20,train,5568,train,11,seaAnemone,hf_train_005568
taufiktrf/AQUA20,train,5569,train,11,seaAnemone,hf_train_005569
taufiktrf/AQUA20,train,5570,train,11,seaAnemone,hf_train_005570
taufiktrf/AQUA20,train,5571,train,11,seaAnemone,hf_train_005571
taufiktrf/AQUA20,train,5572,train,11,seaAnemone,hf_train_005572
taufiktrf/AQUA20,train,5573,train,11,seaAnemone,hf_train_005573
taufiktrf/AQUA20,train,5574,train,11,seaAnemone,hf_train_005574
taufiktrf/AQUA20,train,5575,train,11,seaAnemone,hf_train_005575
taufiktrf/AQUA20,train,5578,train,11,seaAnemone,hf_train_005578
taufiktrf/AQUA20,train,5579,train,11,seaAnemone,hf_train_005579
taufiktrf/AQUA20,train,5580,train,11,seaAnemone,hf_train_005580
taufiktrf/AQUA20,train,5581,train,11,seaAnemone,hf_train_005581
taufiktrf/AQUA20,train,5582,train,11,seaAnemone,hf_train_005582
taufiktrf/AQUA20,train,5583,train,11,seaAnemone,hf_train_005583
taufiktrf/AQUA20,train,5585,train,11,seaAnemone,hf_train_005585
taufiktrf/AQUA20,train,5586,train,11,seaAnemone,hf_train_005586
taufiktrf/AQUA20,train,5588,train,11,seaAnemone,hf_train_005588
taufiktrf/AQUA20,train,5589,train,11,seaAnemone,hf_train_005589
taufiktrf/AQUA20,train,5592,train,11,seaAnemone,hf_train_005592
taufiktrf/AQUA20,train,5593,train,11,seaAnemone,hf_train_005593
taufiktrf/AQUA20,train,5594,train,11,seaAnemone,hf_train_005594
taufiktrf/AQUA20,train,5595,train,11,seaAnemone,hf_train_005595
taufiktrf/AQUA20,train,5596,train,11,seaAnemone,hf_train_005596
taufiktrf/AQUA20,train,5597,train,11,seaAnemone,hf_train_005597
taufiktrf/AQUA20,train,5598,train,11,seaAnemone,hf_train_005598
taufiktrf/AQUA20,train,5600,train,11,seaAnemone,hf_train_005600
taufiktrf/AQUA20,train,5601,train,11,seaAnemone,hf_train_005601
taufiktrf/AQUA20,train,5602,train,11,seaAnemone,hf_train_005602
taufiktrf/AQUA20,train,5604,train,11,seaAnemone,hf_train_005604
taufiktrf/AQUA20,train,5605,train,11,seaAnemone,hf_train_005605
taufiktrf/AQUA20,train,5606,train,11,seaAnemone,hf_train_005606
taufiktrf/AQUA20,train,5608,train,11,seaAnemone,hf_train_005608
taufiktrf/AQUA20,train,5609,train,11,seaAnemone,hf_train_005609
taufiktrf/AQUA20,train,5610,train,11,seaAnemone,hf_train_005610
taufiktrf/AQUA20,train,5611,train,11,seaAnemone,hf_train_005611
taufiktrf/AQUA20,train,5612,train,11,seaAnemone,hf_train_005612
taufiktrf/AQUA20,train,5613,train,11,seaAnemone,hf_train_005613
taufiktrf/AQUA20,train,5614,train,11,seaAnemone,hf_train_005614
taufiktrf/AQUA20,train,5615,train,11,seaAnemone,hf_train_005615
taufiktrf/AQUA20,train,5616,train,11,seaAnemone,hf_train_005616
taufiktrf/AQUA20,train,5617,train,11,seaAnemone,hf_train_005617
taufiktrf/AQUA20,train,5618,train,11,seaAnemone,hf_train_005618
taufiktrf/AQUA20,train,5620,train,11,seaAnemone,hf_train_005620
taufiktrf/AQUA20,train,5621,train,11,seaAnemone,hf_train_005621
taufiktrf/AQUA20,train,5622,train,11,seaAnemone,hf_train_005622
taufiktrf/AQUA20,train,5623,train,11,seaAnemone,hf_train_005623
taufiktrf/AQUA20,train,5626,train,11,seaAnemone,hf_train_005626
taufiktrf/AQUA20,train,5627,train,11,seaAnemone,hf_train_005627
taufiktrf/AQUA20,train,5628,train,11,seaAnemone,hf_train_005628
taufiktrf/AQUA20,train,5629,train,11,seaAnemone,hf_train_005629
taufiktrf/AQUA20,train,5630,train,11,seaAnemone,hf_train_005630
taufiktrf/AQUA20,train,5631,train,11,seaAnemone,hf_train_005631
taufiktrf/AQUA20,train,5632,train,11,seaAnemone,hf_train_005632
taufiktrf/AQUA20,train,5633,train,11,seaAnemone,hf_train_005633
taufiktrf/AQUA20,train,5634,train,11,seaAnemone,hf_train_005634
taufiktrf/AQUA20,train,5635,train,11,seaAnemone,hf_train_005635
taufiktrf/AQUA20,train,5636,train,11,seaAnemone,hf_train_005636
taufiktrf/AQUA20,train,5637,train,11,seaAnemone,hf_train_005637
taufiktrf/AQUA20,train,5638,train,11,seaAnemone,hf_train_005638
taufiktrf/AQUA20,train,5640,train,11,seaAnemone,hf_train_005640
taufiktrf/AQUA20,train,5642,train,11,seaAnemone,hf_train_005642
taufiktrf/AQUA20,train,5643,train,11,seaAnemone,hf_train_005643
taufiktrf/AQUA20,train,5644,train,11,seaAnemone,hf_train_005644
taufiktrf/AQUA20,train,5645,train,11,seaAnemone,hf_train_005645
taufiktrf/AQUA20,train,5647,train,11,seaAnemone,hf_train_005647
taufiktrf/AQUA20,train,5648,train,11,seaAnemone,hf_train_005648
taufiktrf/AQUA20,train,5649,train,11,seaAnemone,hf_train_005649
taufiktrf/AQUA20,train,5651,train,11,seaAnemone,hf_train_005651
taufiktrf/AQUA20,train,5652,train,11,seaAnemone,hf_train_005652
taufiktrf/AQUA20,train,5653,train,11,seaAnemone,hf_train_005653
taufiktrf/AQUA20,train,5654,train,11,seaAnemone,hf_train_005654
taufiktrf/AQUA20,train,5655,train,11,seaAnemone,hf_train_005655
taufiktrf/AQUA20,train,5656,train,11,seaAnemone,hf_train_005656
taufiktrf/AQUA20,train,5657,train,11,seaAnemone,hf_train_005657
taufiktrf/AQUA20,train,5659,train,11,seaAnemone,hf_train_005659
taufiktrf/AQUA20,train,5660,train,11,seaAnemone,hf_train_005660
taufiktrf/AQUA20,train,5662,train,11,seaAnemone,hf_train_005662
taufiktrf/AQUA20,train,5663,train,11,seaAnemone,hf_train_005663
taufiktrf/AQUA20,train,5665,train,11,seaAnemone,hf_train_005665
taufiktrf/AQUA20,train,5668,train,11,seaAnemone,hf_train_005668
taufiktrf/AQUA20,train,5669,train,11,seaAnemone,hf_train_005669
taufiktrf/AQUA20,train,5670,train,11,seaAnemone,hf_train_005670
taufiktrf/AQUA20,train,5672,train,11,seaAnemone,hf_train_005672
taufiktrf/AQUA20,train,5673,train,11,seaAnemone,hf_train_005673
taufiktrf/AQUA20,train,5674,train,11,seaAnemone,hf_train_005674
taufiktrf/AQUA20,train,5675,train,11,seaAnemone,hf_train_005675
taufiktrf/AQUA20,train,5676,train,11,seaAnemone,hf_train_005676
taufiktrf/AQUA20,train,5677,train,11,seaAnemone,hf_train_005677
taufiktrf/AQUA20,train,5678,train,11,seaAnemone,hf_train_005678
taufiktrf/AQUA20,train,5679,train,11,seaAnemone,hf_train_005679
taufiktrf/AQUA20,train,5680,train,11,seaAnemone,hf_train_005680
taufiktrf/AQUA20,train,5682,train,11,seaAnemone,hf_train_005682
taufiktrf/AQUA20,train,5684,train,11,seaAnemone,hf_train_005684
taufiktrf/AQUA20,train,5685,train,11,seaAnemone,hf_train_005685
taufiktrf/AQUA20,train,5687,train,11,seaAnemone,hf_train_005687
taufiktrf/AQUA20,train,5688,train,11,seaAnemone,hf_train_005688
taufiktrf/AQUA20,train,5689,train,11,seaAnemone,hf_train_005689
taufiktrf/AQUA20,train,5690,train,11,seaAnemone,hf_train_005690
taufiktrf/AQUA20,train,5691,train,11,seaAnemone,hf_train_005691
taufiktrf/AQUA20,train,5692,train,11,seaAnemone,hf_train_005692
taufiktrf/AQUA20,train,5693,train,11,seaAnemone,hf_train_005693
taufiktrf/AQUA20,train,5694,train,11,seaAnemone,hf_train_005694
taufiktrf/AQUA20,train,5695,train,11,seaAnemone,hf_train_005695
taufiktrf/AQUA20,train,5696,train,11,seaAnemone,hf_train_005696
taufiktrf/AQUA20,train,5697,train,11,seaAnemone,hf_train_005697
taufiktrf/AQUA20,train,5698,train,11,seaAnemone,hf_train_005698
taufiktrf/AQUA20,train,5699,train,11,seaAnemone,hf_train_005699
taufiktrf/AQUA20,train,5700,train,11,seaAnemone,hf_train_005700
taufiktrf/AQUA20,train,5701,train,11,seaAnemone,hf_train_005701
taufiktrf/AQUA20,train,5702,train,11,seaAnemone,hf_train_005702
taufiktrf/AQUA20,train,5703,train,11,seaAnemone,hf_train_005703
taufiktrf/AQUA20,train,5704,train,11,seaAnemone,hf_train_005704
taufiktrf/AQUA20,train,5705,train,11,seaAnemone,hf_train_005705
taufiktrf/AQUA20,train,5707,train,11,seaAnemone,hf_train_005707
taufiktrf/AQUA20,train,5710,train,11,seaAnemone,hf_train_005710
taufiktrf/AQUA20,train,5711,train,11,seaAnemone,hf_train_005711
taufiktrf/AQUA20,train,5712,train,11,seaAnemone,hf_train_005712
taufiktrf/AQUA20,train,5715,train,11,seaAnemone,hf_train_005715
taufiktrf/AQUA20,train,5716,train,11,seaAnemone,hf_train_005716
taufiktrf/AQUA20,train,5717,train,11,seaAnemone,hf_train_005717
taufiktrf/AQUA20,train,5719,train,11,seaAnemone,hf_train_005719
taufiktrf/AQUA20,train,5720,train,11,seaAnemone,hf_train_005720
taufiktrf/AQUA20,train,5721,train,11,seaAnemone,hf_train_005721
taufiktrf/AQUA20,train,5722,train,11,seaAnemone,hf_train_005722
taufiktrf/AQUA20,train,5723,train,11,seaAnemone,hf_train_005723
taufiktrf/AQUA20,train,5724,train,11,seaAnemone,hf_train_005724
taufiktrf/AQUA20,train,5725,train,11,seaAnemone,hf_train_005725
taufiktrf/AQUA20,train,5727,train,11,seaAnemone,hf_train_005727
taufiktrf/AQUA20,train,5728,train,11,seaAnemone,hf_train_005728
taufiktrf/AQUA20,train,5729,train,11,seaAnemone,hf_train_005729
taufiktrf/AQUA20,train,5730,train,11,seaAnemone,hf_train_005730
taufiktrf/AQUA20,train,5731,train,11,seaAnemone,hf_train_005731
taufiktrf/AQUA20,train,5733,train,11,seaAnemone,hf_train_005733
taufiktrf/AQUA20,train,5735,train,11,seaAnemone,hf_train_005735
taufiktrf/AQUA20,train,5736,train,11,seaAnemone,hf_train_005736
taufiktrf/AQUA20,train,5737,train,11,seaAnemone,hf_train_005737
taufiktrf/AQUA20,train,5738,train,11,seaAnemone,hf_train_005738
taufiktrf/AQUA20,train,5740,train,11,seaAnemone,hf_train_005740
taufiktrf/AQUA20,train,5741,train,11,seaAnemone,hf_train_005741
taufiktrf/AQUA20,train,5743,train,11,seaAnemone,hf_train_005743
taufiktrf/AQUA20,train,5744,train,11,seaAnemone,hf_train_005744
taufiktrf/AQUA20,train,5745,train,11,seaAnemone,hf_train_005745
taufiktrf/AQUA20,train,5746,train,11,seaAnemone,hf_train_005746
taufiktrf/AQUA20,train,5748,train,12,seaCucumber,hf_train_005748
taufiktrf/AQUA20,train,5749,train,12,seaCucumber,hf_train_005749
taufiktrf/AQUA20,train,5751,train,12,seaCucumber,hf_train_005751
taufiktrf/AQUA20,train,5752,train,12,seaCucumber,hf_train_005752
taufiktrf/AQUA20,train,5753,train,12,seaCucumber,hf_train_005753
taufiktrf/AQUA20,train,5754,train,12,seaCucumber,hf_train_005754
taufiktrf/AQUA20,train,5755,train,12,seaCucumber,hf_train_005755
taufiktrf/AQUA20,train,5756,train,12,seaCucumber,hf_train_005756
taufiktrf/AQUA20,train,5757,train,12,seaCucumber,hf_train_005757
taufiktrf/AQUA20,train,5758,train,12,seaCucumber,hf_train_005758
taufiktrf/AQUA20,train,5760,train,12,seaCucumber,hf_train_005760
taufiktrf/AQUA20,train,5761,train,12,seaCucumber,hf_train_005761
taufiktrf/AQUA20,train,5763,train,12,seaCucumber,hf_train_005763
taufiktrf/AQUA20,train,5764,train,12,seaCucumber,hf_train_005764
taufiktrf/AQUA20,train,5765,train,12,seaCucumber,hf_train_005765
taufiktrf/AQUA20,train,5767,train,12,seaCucumber,hf_train_005767
taufiktrf/AQUA20,train,5768,train,12,seaCucumber,hf_train_005768
taufiktrf/AQUA20,train,5769,train,12,seaCucumber,hf_train_005769
taufiktrf/AQUA20,train,5770,train,12,seaCucumber,hf_train_005770
taufiktrf/AQUA20,train,5772,train,12,seaCucumber,hf_train_005772
taufiktrf/AQUA20,train,5773,train,12,seaCucumber,hf_train_005773
taufiktrf/AQUA20,train,5774,train,12,seaCucumber,hf_train_005774
taufiktrf/AQUA20,train,5775,train,12,seaCucumber,hf_train_005775
taufiktrf/AQUA20,train,5776,train,12,seaCucumber,hf_train_005776
taufiktrf/AQUA20,train,5777,train,12,seaCucumber,hf_train_005777
taufiktrf/AQUA20,train,5779,train,12,seaCucumber,hf_train_005779
taufiktrf/AQUA20,train,5780,train,12,seaCucumber,hf_train_005780
taufiktrf/AQUA20,train,5781,train,12,seaCucumber,hf_train_005781
taufiktrf/AQUA20,train,5782,train,13,seaSlug,hf_train_005782
taufiktrf/AQUA20,train,5783,train,13,seaSlug,hf_train_005783
taufiktrf/AQUA20,train,5784,train,13,seaSlug,hf_train_005784
taufiktrf/AQUA20,train,5785,train,13,seaSlug,hf_train_005785
taufiktrf/AQUA20,train,5787,train,13,seaSlug,hf_train_005787
taufiktrf/AQUA20,train,5788,train,13,seaSlug,hf_train_005788
taufiktrf/AQUA20,train,5789,train,13,seaSlug,hf_train_005789
taufiktrf/AQUA20,train,5790,train,13,seaSlug,hf_train_005790
taufiktrf/AQUA20,train,5791,train,13,seaSlug,hf_train_005791
taufiktrf/AQUA20,train,5792,train,13,seaSlug,hf_train_005792
taufiktrf/AQUA20,train,5793,train,13,seaSlug,hf_train_005793
taufiktrf/AQUA20,train,5795,train,13,seaSlug,hf_train_005795
taufiktrf/AQUA20,train,5796,train,13,seaSlug,hf_train_005796
taufiktrf/AQUA20,train,5797,train,13,seaSlug,hf_train_005797
taufiktrf/AQUA20,train,5799,train,13,seaSlug,hf_train_005799
taufiktrf/AQUA20,train,5800,train,13,seaSlug,hf_train_005800
taufiktrf/AQUA20,train,5801,train,13,seaSlug,hf_train_005801
taufiktrf/AQUA20,train,5802,train,13,seaSlug,hf_train_005802
taufiktrf/AQUA20,train,5804,train,13,seaSlug,hf_train_005804
taufiktrf/AQUA20,train,5805,train,13,seaSlug,hf_train_005805
taufiktrf/AQUA20,train,5807,train,13,seaSlug,hf_train_005807
taufiktrf/AQUA20,train,5808,train,13,seaSlug,hf_train_005808
taufiktrf/AQUA20,train,5809,train,13,seaSlug,hf_train_005809
taufiktrf/AQUA20,train,5811,train,13,seaSlug,hf_train_005811
taufiktrf/AQUA20,train,5814,train,13,seaSlug,hf_train_005814
taufiktrf/AQUA20,train,5815,train,13,seaSlug,hf_train_005815
taufiktrf/AQUA20,train,5817,train,13,seaSlug,hf_train_005817
taufiktrf/AQUA20,train,5818,train,13,seaSlug,hf_train_005818
taufiktrf/AQUA20,train,5819,train,13,seaSlug,hf_train_005819
taufiktrf/AQUA20,train,5820,train,13,seaSlug,hf_train_005820
taufiktrf/AQUA20,train,5822,train,13,seaSlug,hf_train_005822
taufiktrf/AQUA20,train,5823,train,13,seaSlug,hf_train_005823
taufiktrf/AQUA20,train,5825,train,13,seaSlug,hf_train_005825
taufiktrf/AQUA20,train,5827,train,13,seaSlug,hf_train_005827
taufiktrf/AQUA20,train,5828,train,13,seaSlug,hf_train_005828
taufiktrf/AQUA20,train,5829,train,13,seaSlug,hf_train_005829
taufiktrf/AQUA20,train,5830,train,13,seaSlug,hf_train_005830
taufiktrf/AQUA20,train,5831,train,13,seaSlug,hf_train_005831
taufiktrf/AQUA20,train,5832,train,13,seaSlug,hf_train_005832
taufiktrf/AQUA20,train,5833,train,13,seaSlug,hf_train_005833
taufiktrf/AQUA20,train,5834,train,13,seaSlug,hf_train_005834
taufiktrf/AQUA20,train,5836,train,13,seaSlug,hf_train_005836
taufiktrf/AQUA20,train,5837,train,13,seaSlug,hf_train_005837
taufiktrf/AQUA20,train,5838,train,13,seaSlug,hf_train_005838
taufiktrf/AQUA20,train,5839,train,13,seaSlug,hf_train_005839
taufiktrf/AQUA20,train,5840,train,13,seaSlug,hf_train_005840
taufiktrf/AQUA20,train,5841,train,13,seaSlug,hf_train_005841
taufiktrf/AQUA20,train,5842,train,13,seaSlug,hf_train_005842
taufiktrf/AQUA20,train,5844,train,13,seaSlug,hf_train_005844
taufiktrf/AQUA20,train,5845,train,13,seaSlug,hf_train_005845
taufiktrf/AQUA20,train,5846,train,13,seaSlug,hf_train_005846
taufiktrf/AQUA20,train,5847,train,13,seaSlug,hf_train_005847
taufiktrf/AQUA20,train,5848,train,13,seaSlug,hf_train_005848
taufiktrf/AQUA20,train,5849,train,13,seaSlug,hf_train_005849
taufiktrf/AQUA20,train,5851,train,13,seaSlug,hf_train_005851
taufiktrf/AQUA20,train,5852,train,13,seaSlug,hf_train_005852
taufiktrf/AQUA20,train,5853,train,13,seaSlug,hf_train_005853
taufiktrf/AQUA20,train,5854,train,13,seaSlug,hf_train_005854
taufiktrf/AQUA20,train,5855,train,13,seaSlug,hf_train_005855
taufiktrf/AQUA20,train,5856,train,13,seaSlug,hf_train_005856
taufiktrf/AQUA20,train,5857,train,13,seaSlug,hf_train_005857
taufiktrf/AQUA20,train,5858,train,13,seaSlug,hf_train_005858
taufiktrf/AQUA20,train,5860,train,13,seaSlug,hf_train_005860
taufiktrf/AQUA20,train,5861,train,14,seaUrchin,hf_train_005861
taufiktrf/AQUA20,train,5862,train,14,seaUrchin,hf_train_005862
taufiktrf/AQUA20,train,5863,train,14,seaUrchin,hf_train_005863
taufiktrf/AQUA20,train,5864,train,14,seaUrchin,hf_train_005864
taufiktrf/AQUA20,train,5865,train,14,seaUrchin,hf_train_005865
taufiktrf/AQUA20,train,5866,train,14,seaUrchin,hf_train_005866
taufiktrf/AQUA20,train,5867,train,14,seaUrchin,hf_train_005867
taufiktrf/AQUA20,train,5868,train,14,seaUrchin,hf_train_005868
taufiktrf/AQUA20,train,5870,train,14,seaUrchin,hf_train_005870
taufiktrf/AQUA20,train,5873,train,14,seaUrchin,hf_train_005873
taufiktrf/AQUA20,train,5874,train,14,seaUrchin,hf_train_005874
taufiktrf/AQUA20,train,5875,train,14,seaUrchin,hf_train_005875
taufiktrf/AQUA20,train,5876,train,14,seaUrchin,hf_train_005876
taufiktrf/AQUA20,train,5877,train,14,seaUrchin,hf_train_005877
taufiktrf/AQUA20,train,5878,train,14,seaUrchin,hf_train_005878
taufiktrf/AQUA20,train,5879,train,14,seaUrchin,hf_train_005879
taufiktrf/AQUA20,train,5881,train,14,seaUrchin,hf_train_005881
taufiktrf/AQUA20,train,5882,train,14,seaUrchin,hf_train_005882
taufiktrf/AQUA20,train,5884,train,14,seaUrchin,hf_train_005884
taufiktrf/AQUA20,train,5885,train,14,seaUrchin,hf_train_005885
taufiktrf/AQUA20,train,5889,train,14,seaUrchin,hf_train_005889
taufiktrf/AQUA20,train,5890,train,14,seaUrchin,hf_train_005890
taufiktrf/AQUA20,train,5891,train,14,seaUrchin,hf_train_005891
taufiktrf/AQUA20,train,5892,train,14,seaUrchin,hf_train_005892
taufiktrf/AQUA20,train,5893,train,14,seaUrchin,hf_train_005893
taufiktrf/AQUA20,train,5894,train,14,seaUrchin,hf_train_005894
taufiktrf/AQUA20,train,5895,train,14,seaUrchin,hf_train_005895
taufiktrf/AQUA20,train,5896,train,14,seaUrchin,hf_train_005896
taufiktrf/AQUA20,train,5897,train,14,seaUrchin,hf_train_005897
taufiktrf/AQUA20,train,5900,train,14,seaUrchin,hf_train_005900
taufiktrf/AQUA20,train,5901,train,14,seaUrchin,hf_train_005901
taufiktrf/AQUA20,train,5904,train,14,seaUrchin,hf_train_005904
taufiktrf/AQUA20,train,5905,train,14,seaUrchin,hf_train_005905
taufiktrf/AQUA20,train,5906,train,14,seaUrchin,hf_train_005906
taufiktrf/AQUA20,train,5907,train,14,seaUrchin,hf_train_005907
taufiktrf/AQUA20,train,5908,train,14,seaUrchin,hf_train_005908
taufiktrf/AQUA20,train,5909,train,14,seaUrchin,hf_train_005909
taufiktrf/AQUA20,train,5910,train,14,seaUrchin,hf_train_005910
taufiktrf/AQUA20,train,5912,train,14,seaUrchin,hf_train_005912
taufiktrf/AQUA20,train,5913,train,14,seaUrchin,hf_train_005913
taufiktrf/AQUA20,train,5914,train,14,seaUrchin,hf_train_005914
taufiktrf/AQUA20,train,5917,train,14,seaUrchin,hf_train_005917
taufiktrf/AQUA20,train,5918,train,14,seaUrchin,hf_train_005918
taufiktrf/AQUA20,train,5919,train,14,seaUrchin,hf_train_005919
taufiktrf/AQUA20,train,5920,train,14,seaUrchin,hf_train_005920
taufiktrf/AQUA20,train,5921,train,14,seaUrchin,hf_train_005921
taufiktrf/AQUA20,train,5922,train,14,seaUrchin,hf_train_005922
taufiktrf/AQUA20,train,5923,train,14,seaUrchin,hf_train_005923
taufiktrf/AQUA20,train,5924,train,14,seaUrchin,hf_train_005924
taufiktrf/AQUA20,train,5925,train,14,seaUrchin,hf_train_005925
taufiktrf/AQUA20,train,5926,train,14,seaUrchin,hf_train_005926
taufiktrf/AQUA20,train,5927,train,14,seaUrchin,hf_train_005927
taufiktrf/AQUA20,train,5928,train,14,seaUrchin,hf_train_005928
taufiktrf/AQUA20,train,5929,train,14,seaUrchin,hf_train_005929
taufiktrf/AQUA20,train,5930,train,14,seaUrchin,hf_train_005930
taufiktrf/AQUA20,train,5931,train,14,seaUrchin,hf_train_005931
taufiktrf/AQUA20,train,5932,train,14,seaUrchin,hf_train_005932
taufiktrf/AQUA20,train,5933,train,14,seaUrchin,hf_train_005933
taufiktrf/AQUA20,train,5934,train,14,seaUrchin,hf_train_005934
taufiktrf/AQUA20,train,5935,train,14,seaUrchin,hf_train_005935
taufiktrf/AQUA20,train,5936,train,14,seaUrchin,hf_train_005936
taufiktrf/AQUA20,train,5940,train,14,seaUrchin,hf_train_005940
taufiktrf/AQUA20,train,5941,train,14,seaUrchin,hf_train_005941
taufiktrf/AQUA20,train,5942,train,14,seaUrchin,hf_train_005942
taufiktrf/AQUA20,train,5944,train,14,seaUrchin,hf_train_005944
taufiktrf/AQUA20,train,5945,train,14,seaUrchin,hf_train_005945
taufiktrf/AQUA20,train,5946,train,14,seaUrchin,hf_train_005946
taufiktrf/AQUA20,train,5947,train,14,seaUrchin,hf_train_005947
taufiktrf/AQUA20,train,5948,train,14,seaUrchin,hf_train_005948
taufiktrf/AQUA20,train,5949,train,14,seaUrchin,hf_train_005949
taufiktrf/AQUA20,train,5950,train,14,seaUrchin,hf_train_005950
taufiktrf/AQUA20,train,5951,train,14,seaUrchin,hf_train_005951
taufiktrf/AQUA20,train,5952,train,14,seaUrchin,hf_train_005952
taufiktrf/AQUA20,train,5953,train,14,seaUrchin,hf_train_005953
taufiktrf/AQUA20,train,5954,train,14,seaUrchin,hf_train_005954
taufiktrf/AQUA20,train,5956,train,14,seaUrchin,hf_train_005956
taufiktrf/AQUA20,train,5957,train,14,seaUrchin,hf_train_005957
taufiktrf/AQUA20,train,5959,train,14,seaUrchin,hf_train_005959
taufiktrf/AQUA20,train,5960,train,14,seaUrchin,hf_train_005960
taufiktrf/AQUA20,train,5961,train,14,seaUrchin,hf_train_005961
taufiktrf/AQUA20,train,5962,train,14,seaUrchin,hf_train_005962
taufiktrf/AQUA20,train,5963,train,14,seaUrchin,hf_train_005963
taufiktrf/AQUA20,train,5964,train,14,seaUrchin,hf_train_005964
taufiktrf/AQUA20,train,5965,train,14,seaUrchin,hf_train_005965
taufiktrf/AQUA20,train,5966,train,14,seaUrchin,hf_train_005966
taufiktrf/AQUA20,train,5967,train,14,seaUrchin,hf_train_005967
taufiktrf/AQUA20,train,5968,train,14,seaUrchin,hf_train_005968
taufiktrf/AQUA20,train,5969,train,14,seaUrchin,hf_train_005969
taufiktrf/AQUA20,train,5970,train,14,seaUrchin,hf_train_005970
taufiktrf/AQUA20,train,5971,train,14,seaUrchin,hf_train_005971
taufiktrf/AQUA20,train,5973,train,14,seaUrchin,hf_train_005973
taufiktrf/AQUA20,train,5975,train,14,seaUrchin,hf_train_005975
taufiktrf/AQUA20,train,5977,train,15,shark,hf_train_005977
taufiktrf/AQUA20,train,5978,train,15,shark,hf_train_005978
taufiktrf/AQUA20,train,5980,train,15,shark,hf_train_005980
taufiktrf/AQUA20,train,5981,train,15,shark,hf_train_005981
taufiktrf/AQUA20,train,5983,train,15,shark,hf_train_005983
taufiktrf/AQUA20,train,5984,train,15,shark,hf_train_005984
taufiktrf/AQUA20,train,5985,train,15,shark,hf_train_005985
taufiktrf/AQUA20,train,5986,train,15,shark,hf_train_005986
taufiktrf/AQUA20,train,5987,train,15,shark,hf_train_005987
taufiktrf/AQUA20,train,5988,train,15,shark,hf_train_005988
taufiktrf/AQUA20,train,5989,train,15,shark,hf_train_005989
taufiktrf/AQUA20,train,5990,train,15,shark,hf_train_005990
taufiktrf/AQUA20,train,5991,train,15,shark,hf_train_005991
taufiktrf/AQUA20,train,5993,train,15,shark,hf_train_005993
taufiktrf/AQUA20,train,5994,train,15,shark,hf_train_005994
taufiktrf/AQUA20,train,5995,train,15,shark,hf_train_005995
taufiktrf/AQUA20,train,5996,train,15,shark,hf_train_005996
taufiktrf/AQUA20,train,5997,train,15,shark,hf_train_005997
taufiktrf/AQUA20,train,5998,train,15,shark,hf_train_005998
taufiktrf/AQUA20,train,5999,train,15,shark,hf_train_005999
taufiktrf/AQUA20,train,6000,train,15,shark,hf_train_006000
taufiktrf/AQUA20,train,6002,train,15,shark,hf_train_006002
taufiktrf/AQUA20,train,6003,train,15,shark,hf_train_006003
taufiktrf/AQUA20,train,6004,train,15,shark,hf_train_006004
taufiktrf/AQUA20,train,6006,train,15,shark,hf_train_006006
taufiktrf/AQUA20,train,6007,train,15,shark,hf_train_006007
taufiktrf/AQUA20,train,6008,train,15,shark,hf_train_006008
taufiktrf/AQUA20,train,6010,train,15,shark,hf_train_006010
taufiktrf/AQUA20,train,6011,train,15,shark,hf_train_006011
taufiktrf/AQUA20,train,6012,train,15,shark,hf_train_006012
taufiktrf/AQUA20,train,6013,train,15,shark,hf_train_006013
taufiktrf/AQUA20,train,6014,train,15,shark,hf_train_006014
taufiktrf/AQUA20,train,6015,train,15,shark,hf_train_006015
taufiktrf/AQUA20,train,6016,train,15,shark,hf_train_006016
taufiktrf/AQUA20,train,6017,train,15,shark,hf_train_006017
taufiktrf/AQUA20,train,6019,train,15,shark,hf_train_006019
taufiktrf/AQUA20,train,6020,train,15,shark,hf_train_006020
taufiktrf/AQUA20,train,6021,train,15,shark,hf_train_006021
taufiktrf/AQUA20,train,6022,train,15,shark,hf_train_006022
taufiktrf/AQUA20,train,6023,train,15,shark,hf_train_006023
taufiktrf/AQUA20,train,6024,train,15,shark,hf_train_006024
taufiktrf/AQUA20,train,6026,train,15,shark,hf_train_006026
taufiktrf/AQUA20,train,6027,train,15,shark,hf_train_006027
taufiktrf/AQUA20,train,6030,train,15,shark,hf_train_006030
taufiktrf/AQUA20,train,6031,train,15,shark,hf_train_006031
taufiktrf/AQUA20,train,6032,train,15,shark,hf_train_006032
taufiktrf/AQUA20,train,6033,train,15,shark,hf_train_006033
taufiktrf/AQUA20,train,6034,train,15,shark,hf_train_006034
taufiktrf/AQUA20,train,6036,train,15,shark,hf_train_006036
taufiktrf/AQUA20,train,6037,train,15,shark,hf_train_006037
taufiktrf/AQUA20,train,6038,train,15,shark,hf_train_006038
taufiktrf/AQUA20,train,6039,train,15,shark,hf_train_006039
taufiktrf/AQUA20,train,6040,train,15,shark,hf_train_006040
taufiktrf/AQUA20,train,6042,train,15,shark,hf_train_006042
taufiktrf/AQUA20,train,6044,train,15,shark,hf_train_006044
taufiktrf/AQUA20,train,6045,train,15,shark,hf_train_006045
taufiktrf/AQUA20,train,6046,train,15,shark,hf_train_006046
taufiktrf/AQUA20,train,6048,train,16,shrimp,hf_train_006048
taufiktrf/AQUA20,train,6049,train,16,shrimp,hf_train_006049
taufiktrf/AQUA20,train,6050,train,16,shrimp,hf_train_006050
taufiktrf/AQUA20,train,6051,train,16,shrimp,hf_train_006051
taufiktrf/AQUA20,train,6052,train,16,shrimp,hf_train_006052
taufiktrf/AQUA20,train,6053,train,16,shrimp,hf_train_006053
taufiktrf/AQUA20,train,6054,train,16,shrimp,hf_train_006054
taufiktrf/AQUA20,train,6055,train,16,shrimp,hf_train_006055
taufiktrf/AQUA20,train,6056,train,16,shrimp,hf_train_006056
taufiktrf/AQUA20,train,6059,train,16,shrimp,hf_train_006059
taufiktrf/AQUA20,train,6060,train,16,shrimp,hf_train_006060
taufiktrf/AQUA20,train,6061,train,16,shrimp,hf_train_006061
taufiktrf/AQUA20,train,6062,train,16,shrimp,hf_train_006062
taufiktrf/AQUA20,train,6063,train,16,shrimp,hf_train_006063
taufiktrf/AQUA20,train,6064,train,16,shrimp,hf_train_006064
taufiktrf/AQUA20,train,6065,train,16,shrimp,hf_train_006065
taufiktrf/AQUA20,train,6066,train,16,shrimp,hf_train_006066
taufiktrf/AQUA20,train,6068,train,16,shrimp,hf_train_006068
taufiktrf/AQUA20,train,6069,train,17,squid,hf_train_006069
taufiktrf/AQUA20,train,6070,train,17,squid,hf_train_006070
taufiktrf/AQUA20,train,6071,train,17,squid,hf_train_006071
taufiktrf/AQUA20,train,6073,train,17,squid,hf_train_006073
taufiktrf/AQUA20,train,6074,train,17,squid,hf_train_006074
taufiktrf/AQUA20,train,6075,train,17,squid,hf_train_006075
taufiktrf/AQUA20,train,6076,train,17,squid,hf_train_006076
taufiktrf/AQUA20,train,6077,train,17,squid,hf_train_006077
taufiktrf/AQUA20,train,6078,train,17,squid,hf_train_006078
taufiktrf/AQUA20,train,6080,train,17,squid,hf_train_006080
taufiktrf/AQUA20,train,6081,train,17,squid,hf_train_006081
taufiktrf/AQUA20,train,6082,train,17,squid,hf_train_006082
taufiktrf/AQUA20,train,6083,train,17,squid,hf_train_006083
taufiktrf/AQUA20,train,6084,train,17,squid,hf_train_006084
taufiktrf/AQUA20,train,6087,train,17,squid,hf_train_006087
taufiktrf/AQUA20,train,6088,train,17,squid,hf_train_006088
taufiktrf/AQUA20,train,6089,train,17,squid,hf_train_006089
taufiktrf/AQUA20,train,6090,train,17,squid,hf_train_006090
taufiktrf/AQUA20,train,6092,train,17,squid,hf_train_006092
taufiktrf/AQUA20,train,6093,train,18,starfish,hf_train_006093
taufiktrf/AQUA20,train,6094,train,18,starfish,hf_train_006094
taufiktrf/AQUA20,train,6095,train,18,starfish,hf_train_006095
taufiktrf/AQUA20,train,6096,train,18,starfish,hf_train_006096
taufiktrf/AQUA20,train,6097,train,18,starfish,hf_train_006097
taufiktrf/AQUA20,train,6099,train,18,starfish,hf_train_006099
taufiktrf/AQUA20,train,6103,train,18,starfish,hf_train_006103
taufiktrf/AQUA20,train,6104,train,18,starfish,hf_train_006104
taufiktrf/AQUA20,train,6105,train,18,starfish,hf_train_006105
taufiktrf/AQUA20,train,6106,train,18,starfish,hf_train_006106
taufiktrf/AQUA20,train,6108,train,18,starfish,hf_train_006108
taufiktrf/AQUA20,train,6109,train,18,starfish,hf_train_006109
taufiktrf/AQUA20,train,6110,train,18,starfish,hf_train_006110
taufiktrf/AQUA20,train,6111,train,18,starfish,hf_train_006111
taufiktrf/AQUA20,train,6112,train,18,starfish,hf_train_006112
taufiktrf/AQUA20,train,6113,train,18,starfish,hf_train_006113
taufiktrf/AQUA20,train,6114,train,18,starfish,hf_train_006114
taufiktrf/AQUA20,train,6115,train,18,starfish,hf_train_006115
taufiktrf/AQUA20,train,6116,train,18,starfish,hf_train_006116
taufiktrf/AQUA20,train,6117,train,18,starfish,hf_train_006117
taufiktrf/AQUA20,train,6118,train,18,starfish,hf_train_006118
taufiktrf/AQUA20,train,6119,train,18,starfish,hf_train_006119
taufiktrf/AQUA20,train,6120,train,18,starfish,hf_train_006120
taufiktrf/AQUA20,train,6122,train,18,starfish,hf_train_006122
taufiktrf/AQUA20,train,6123,train,18,starfish,hf_train_006123
taufiktrf/AQUA20,train,6124,train,18,starfish,hf_train_006124
taufiktrf/AQUA20,train,6125,train,18,starfish,hf_train_006125
taufiktrf/AQUA20,train,6126,train,18,starfish,hf_train_006126
taufiktrf/AQUA20,train,6128,train,18,starfish,hf_train_006128
taufiktrf/AQUA20,train,6129,train,18,starfish,hf_train_006129
taufiktrf/AQUA20,train,6132,train,18,starfish,hf_train_006132
taufiktrf/AQUA20,train,6133,train,18,starfish,hf_train_006133
taufiktrf/AQUA20,train,6135,train,18,starfish,hf_train_006135
taufiktrf/AQUA20,train,6136,train,18,starfish,hf_train_006136
taufiktrf/AQUA20,train,6138,train,18,starfish,hf_train_006138
taufiktrf/AQUA20,train,6139,train,18,starfish,hf_train_006139
taufiktrf/AQUA20,train,6140,train,18,starfish,hf_train_006140
taufiktrf/AQUA20,train,6141,train,18,starfish,hf_train_006141
taufiktrf/AQUA20,train,6142,train,18,starfish,hf_train_006142
taufiktrf/AQUA20,train,6143,train,18,starfish,hf_train_006143
taufiktrf/AQUA20,train,6144,train,18,starfish,hf_train_006144
taufiktrf/AQUA20,train,6146,train,18,starfish,hf_train_006146
taufiktrf/AQUA20,train,6147,train,18,starfish,hf_train_006147
taufiktrf/AQUA20,train,6148,train,18,starfish,hf_train_006148
taufiktrf/AQUA20,train,6149,train,18,starfish,hf_train_006149
taufiktrf/AQUA20,train,6150,train,18,starfish,hf_train_006150
taufiktrf/AQUA20,train,6151,train,18,starfish,hf_train_006151
taufiktrf/AQUA20,train,6152,train,18,starfish,hf_train_006152
taufiktrf/AQUA20,train,6153,train,18,starfish,hf_train_006153
taufiktrf/AQUA20,train,6154,train,18,starfish,hf_train_006154
taufiktrf/AQUA20,train,6155,train,18,starfish,hf_train_006155
taufiktrf/AQUA20,train,6156,train,18,starfish,hf_train_006156
taufiktrf/AQUA20,train,6157,train,18,starfish,hf_train_006157
taufiktrf/AQUA20,train,6158,train,18,starfish,hf_train_006158
taufiktrf/AQUA20,train,6160,train,18,starfish,hf_train_006160
taufiktrf/AQUA20,train,6161,train,18,starfish,hf_train_006161
taufiktrf/AQUA20,train,6162,train,18,starfish,hf_train_006162
taufiktrf/AQUA20,train,6163,train,18,starfish,hf_train_006163
taufiktrf/AQUA20,train,6164,train,18,starfish,hf_train_006164
taufiktrf/AQUA20,train,6165,train,18,starfish,hf_train_006165
taufiktrf/AQUA20,train,6167,train,18,starfish,hf_train_006167
taufiktrf/AQUA20,train,6168,train,18,starfish,hf_train_006168
taufiktrf/AQUA20,train,6170,train,18,starfish,hf_train_006170
taufiktrf/AQUA20,train,6171,train,18,starfish,hf_train_006171
taufiktrf/AQUA20,train,6172,train,18,starfish,hf_train_006172
taufiktrf/AQUA20,train,6173,train,18,starfish,hf_train_006173
taufiktrf/AQUA20,train,6174,train,18,starfish,hf_train_006174
taufiktrf/AQUA20,train,6178,train,18,starfish,hf_train_006178
taufiktrf/AQUA20,train,6180,train,18,starfish,hf_train_006180
taufiktrf/AQUA20,train,6181,train,18,starfish,hf_train_006181
taufiktrf/AQUA20,train,6182,train,18,starfish,hf_train_006182
taufiktrf/AQUA20,train,6183,train,18,starfish,hf_train_006183
taufiktrf/AQUA20,train,6186,train,18,starfish,hf_train_006186
taufiktrf/AQUA20,train,6187,train,18,starfish,hf_train_006187
taufiktrf/AQUA20,train,6188,train,18,starfish,hf_train_006188
taufiktrf/AQUA20,train,6189,train,18,starfish,hf_train_006189
taufiktrf/AQUA20,train,6190,train,18,starfish,hf_train_006190
taufiktrf/AQUA20,train,6191,train,18,starfish,hf_train_006191
taufiktrf/AQUA20,train,6192,train,18,starfish,hf_train_006192
taufiktrf/AQUA20,train,6193,train,18,starfish,hf_train_006193
taufiktrf/AQUA20,train,6194,train,18,starfish,hf_train_006194
taufiktrf/AQUA20,train,6195,train,18,starfish,hf_train_006195
taufiktrf/AQUA20,train,6196,train,18,starfish,hf_train_006196
taufiktrf/AQUA20,train,6197,train,18,starfish,hf_train_006197
taufiktrf/AQUA20,train,6198,train,18,starfish,hf_train_006198
taufiktrf/AQUA20,train,6199,train,18,starfish,hf_train_006199
taufiktrf/AQUA20,train,6200,train,18,starfish,hf_train_006200
taufiktrf/AQUA20,train,6201,train,18,starfish,hf_train_006201
taufiktrf/AQUA20,train,6202,train,18,starfish,hf_train_006202
taufiktrf/AQUA20,train,6204,train,18,starfish,hf_train_006204
taufiktrf/AQUA20,train,6205,train,18,starfish,hf_train_006205
taufiktrf/AQUA20,train,6206,train,18,starfish,hf_train_006206
taufiktrf/AQUA20,train,6207,train,18,starfish,hf_train_006207
taufiktrf/AQUA20,train,6208,train,18,starfish,hf_train_006208
taufiktrf/AQUA20,train,6209,train,18,starfish,hf_train_006209
taufiktrf/AQUA20,train,6210,train,18,starfish,hf_train_006210
taufiktrf/AQUA20,train,6211,train,18,starfish,hf_train_006211
taufiktrf/AQUA20,train,6212,train,18,starfish,hf_train_006212
taufiktrf/AQUA20,train,6213,train,18,starfish,hf_train_006213
taufiktrf/AQUA20,train,6216,train,18,starfish,hf_train_006216
taufiktrf/AQUA20,train,6217,train,18,starfish,hf_train_006217
taufiktrf/AQUA20,train,6218,train,18,starfish,hf_train_006218
taufiktrf/AQUA20,train,6219,train,18,starfish,hf_train_006219
taufiktrf/AQUA20,train,6220,train,18,starfish,hf_train_006220
taufiktrf/AQUA20,train,6221,train,18,starfish,hf_train_006221
taufiktrf/AQUA20,train,6222,train,18,starfish,hf_train_006222
taufiktrf/AQUA20,train,6225,train,18,starfish,hf_train_006225
taufiktrf/AQUA20,train,6226,train,18,starfish,hf_train_006226
taufiktrf/AQUA20,train,6227,train,18,starfish,hf_train_006227
taufiktrf/AQUA20,train,6229,train,18,starfish,hf_train_006229
taufiktrf/AQUA20,train,6230,train,18,starfish,hf_train_006230
taufiktrf/AQUA20,train,6231,train,18,starfish,hf_train_006231
taufiktrf/AQUA20,train,6233,train,18,starfish,hf_train_006233
taufiktrf/AQUA20,train,6234,train,18,starfish,hf_train_006234
taufiktrf/AQUA20,train,6235,train,18,starfish,hf_train_006235
taufiktrf/AQUA20,train,6236,train,18,starfish,hf_train_006236
taufiktrf/AQUA20,train,6237,train,18,starfish,hf_train_006237
taufiktrf/AQUA20,train,6238,train,18,starfish,hf_train_006238
taufiktrf/AQUA20,train,6239,train,18,starfish,hf_train_006239
taufiktrf/AQUA20,train,6240,train,18,starfish,hf_train_006240
taufiktrf/AQUA20,train,6241,train,18,starfish,hf_train_006241
taufiktrf/AQUA20,train,6243,train,18,starfish,hf_train_006243
taufiktrf/AQUA20,train,6244,train,18,starfish,hf_train_006244
taufiktrf/AQUA20,train,6245,train,18,starfish,hf_train_006245
taufiktrf/AQUA20,train,6246,train,18,starfish,hf_train_006246
taufiktrf/AQUA20,train,6248,train,18,starfish,hf_train_006248
taufiktrf/AQUA20,train,6250,train,18,starfish,hf_train_006250
taufiktrf/AQUA20,train,6253,train,18,starfish,hf_train_006253
taufiktrf/AQUA20,train,6254,train,18,starfish,hf_train_006254
taufiktrf/AQUA20,train,6255,train,18,starfish,hf_train_006255
taufiktrf/AQUA20,train,6256,train,18,starfish,hf_train_006256
taufiktrf/AQUA20,train,6257,train,18,starfish,hf_train_006257
taufiktrf/AQUA20,train,6258,train,18,starfish,hf_train_006258
taufiktrf/AQUA20,train,6260,train,19,turtle,hf_train_006260
taufiktrf/AQUA20,train,6261,train,19,turtle,hf_train_006261
taufiktrf/AQUA20,train,6262,train,19,turtle,hf_train_006262
taufiktrf/AQUA20,train,6263,train,19,turtle,hf_train_006263
taufiktrf/AQUA20,train,6264,train,19,turtle,hf_train_006264
taufiktrf/AQUA20,train,6265,train,19,turtle,hf_train_006265
taufiktrf/AQUA20,train,6266,train,19,turtle,hf_train_006266
taufiktrf/AQUA20,train,6267,train,19,turtle,hf_train_006267
taufiktrf/AQUA20,train,6268,train,19,turtle,hf_train_006268
taufiktrf/AQUA20,train,6269,train,19,turtle,hf_train_006269
taufiktrf/AQUA20,train,6270,train,19,turtle,hf_train_006270
taufiktrf/AQUA20,train,6271,train,19,turtle,hf_train_006271
taufiktrf/AQUA20,train,6272,train,19,turtle,hf_train_006272
taufiktrf/AQUA20,train,6273,train,19,turtle,hf_train_006273
taufiktrf/AQUA20,train,6274,train,19,turtle,hf_train_006274
taufiktrf/AQUA20,train,6275,train,19,turtle,hf_train_006275
taufiktrf/AQUA20,train,6276,train,19,turtle,hf_train_006276
taufiktrf/AQUA20,train,6278,train,19,turtle,hf_train_006278
taufiktrf/AQUA20,train,6280,train,19,turtle,hf_train_006280
taufiktrf/AQUA20,train,6281,train,19,turtle,hf_train_006281
taufiktrf/AQUA20,train,6282,train,19,turtle,hf_train_006282
taufiktrf/AQUA20,train,6284,train,19,turtle,hf_train_006284
taufiktrf/AQUA20,train,6285,train,19,turtle,hf_train_006285
taufiktrf/AQUA20,train,6287,train,19,turtle,hf_train_006287
taufiktrf/AQUA20,train,6288,train,19,turtle,hf_train_006288
taufiktrf/AQUA20,train,6289,train,19,turtle,hf_train_006289
taufiktrf/AQUA20,train,6290,train,19,turtle,hf_train_006290
taufiktrf/AQUA20,train,6291,train,19,turtle,hf_train_006291
taufiktrf/AQUA20,train,6292,train,19,turtle,hf_train_006292
taufiktrf/AQUA20,train,6294,train,19,turtle,hf_train_006294
taufiktrf/AQUA20,train,6295,train,19,turtle,hf_train_006295
taufiktrf/AQUA20,train,6297,train,19,turtle,hf_train_006297
taufiktrf/AQUA20,train,6298,train,19,turtle,hf_train_006298
taufiktrf/AQUA20,train,6299,train,19,turtle,hf_train_006299
taufiktrf/AQUA20,train,6300,train,19,turtle,hf_train_006300
taufiktrf/AQUA20,train,6301,train,19,turtle,hf_train_006301
taufiktrf/AQUA20,train,6302,train,19,turtle,hf_train_006302
taufiktrf/AQUA20,train,6303,train,19,turtle,hf_train_006303
taufiktrf/AQUA20,train,6304,train,19,turtle,hf_train_006304
taufiktrf/AQUA20,train,6305,train,19,turtle,hf_train_006305
taufiktrf/AQUA20,train,6306,train,19,turtle,hf_train_006306
taufiktrf/AQUA20,train,6307,train,19,turtle,hf_train_006307
taufiktrf/AQUA20,train,6309,train,19,turtle,hf_train_006309
taufiktrf/AQUA20,train,6310,train,19,turtle,hf_train_006310
taufiktrf/AQUA20,train,6311,train,19,turtle,hf_train_006311
taufiktrf/AQUA20,train,6312,train,19,turtle,hf_train_006312
taufiktrf/AQUA20,train,6313,train,19,turtle,hf_train_006313
taufiktrf/AQUA20,train,6314,train,19,turtle,hf_train_006314
taufiktrf/AQUA20,train,6315,train,19,turtle,hf_train_006315
taufiktrf/AQUA20,train,6317,train,19,turtle,hf_train_006317
taufiktrf/AQUA20,train,6318,train,19,turtle,hf_train_006318
taufiktrf/AQUA20,train,6319,train,19,turtle,hf_train_006319
taufiktrf/AQUA20,train,6320,train,19,turtle,hf_train_006320
taufiktrf/AQUA20,train,6321,train,19,turtle,hf_train_006321
taufiktrf/AQUA20,train,6324,train,19,turtle,hf_train_006324
taufiktrf/AQUA20,train,6325,train,19,turtle,hf_train_006325
taufiktrf/AQUA20,train,6326,train,19,turtle,hf_train_006326
taufiktrf/AQUA20,train,6327,train,19,turtle,hf_train_006327
taufiktrf/AQUA20,train,6328,train,19,turtle,hf_train_006328
taufiktrf/AQUA20,train,6329,train,19,turtle,hf_train_006329
taufiktrf/AQUA20,train,6330,train,19,turtle,hf_train_006330
taufiktrf/AQUA20,train,6331,train,19,turtle,hf_train_006331
taufiktrf/AQUA20,train,6332,train,19,turtle,hf_train_006332
taufiktrf/AQUA20,train,6334,train,19,turtle,hf_train_006334
taufiktrf/AQUA20,train,6336,train,19,turtle,hf_train_006336
taufiktrf/AQUA20,train,6337,train,19,turtle,hf_train_006337
taufiktrf/AQUA20,train,6338,train,19,turtle,hf_train_006338
taufiktrf/AQUA20,train,6339,train,19,turtle,hf_train_006339
taufiktrf/AQUA20,train,6340,train,19,turtle,hf_train_006340
taufiktrf/AQUA20,train,6341,train,19,turtle,hf_train_006341
taufiktrf/AQUA20,train,6342,train,19,turtle,hf_train_006342
taufiktrf/AQUA20,train,6343,train,19,turtle,hf_train_006343
taufiktrf/AQUA20,train,6344,train,19,turtle,hf_train_006344
taufiktrf/AQUA20,train,6345,train,19,turtle,hf_train_006345
taufiktrf/AQUA20,train,6349,train,19,turtle,hf_train_006349
taufiktrf/AQUA20,train,6351,train,19,turtle,hf_train_006351
taufiktrf/AQUA20,train,6352,train,19,turtle,hf_train_006352
taufiktrf/AQUA20,train,6353,train,19,turtle,hf_train_006353
taufiktrf/AQUA20,train,6354,train,19,turtle,hf_train_006354
taufiktrf/AQUA20,train,6355,train,19,turtle,hf_train_006355
taufiktrf/AQUA20,train,6356,train,19,turtle,hf_train_006356
taufiktrf/AQUA20,train,6357,train,19,turtle,hf_train_006357
taufiktrf/AQUA20,train,6358,train,19,turtle,hf_train_006358
taufiktrf/AQUA20,train,6360,train,19,turtle,hf_train_006360
taufiktrf/AQUA20,train,6362,train,19,turtle,hf_train_006362
taufiktrf/AQUA20,train,6363,train,19,turtle,hf_train_006363
taufiktrf/AQUA20,train,6364,train,19,turtle,hf_train_006364
taufiktrf/AQUA20,train,6365,train,19,turtle,hf_train_006365
taufiktrf/AQUA20,train,6366,train,19,turtle,hf_train_006366
taufiktrf/AQUA20,train,6368,train,19,turtle,hf_train_006368
taufiktrf/AQUA20,train,6369,train,19,turtle,hf_train_006369
taufiktrf/AQUA20,train,6371,train,19,turtle,hf_train_006371
taufiktrf/AQUA20,train,6372,train,19,turtle,hf_train_006372
taufiktrf/AQUA20,train,6376,train,19,turtle,hf_train_006376
taufiktrf/AQUA20,train,6377,train,19,turtle,hf_train_006377
taufiktrf/AQUA20,train,6378,train,19,turtle,hf_train_006378
taufiktrf/AQUA20,train,6379,train,19,turtle,hf_train_006379
taufiktrf/AQUA20,train,6380,train,19,turtle,hf_train_006380
taufiktrf/AQUA20,train,6381,train,19,turtle,hf_train_006381
taufiktrf/AQUA20,train,6382,train,19,turtle,hf_train_006382
taufiktrf/AQUA20,train,6385,train,19,turtle,hf_train_006385
taufiktrf/AQUA20,train,6386,train,19,turtle,hf_train_006386
taufiktrf/AQUA20,train,6387,train,19,turtle,hf_train_006387
taufiktrf/AQUA20,train,6388,train,19,turtle,hf_train_006388
taufiktrf/AQUA20,train,6389,train,19,turtle,hf_train_006389
taufiktrf/AQUA20,train,6390,train,19,turtle,hf_train_006390
taufiktrf/AQUA20,train,6391,train,19,turtle,hf_train_006391
taufiktrf/AQUA20,train,6394,train,19,turtle,hf_train_006394
taufiktrf/AQUA20,train,6396,train,19,turtle,hf_train_006396
taufiktrf/AQUA20,train,6397,train,19,turtle,hf_train_006397
taufiktrf/AQUA20,train,6398,train,19,turtle,hf_train_006398
taufiktrf/AQUA20,train,6399,train,19,turtle,hf_train_006399
taufiktrf/AQUA20,train,6401,train,19,turtle,hf_train_006401
taufiktrf/AQUA20,train,6403,train,19,turtle,hf_train_006403
taufiktrf/AQUA20,train,6405,train,19,turtle,hf_train_006405
taufiktrf/AQUA20,train,6407,train,19,turtle,hf_train_006407
taufiktrf/AQUA20,train,6408,train,19,turtle,hf_train_006408
taufiktrf/AQUA20,train,6412,train,19,turtle,hf_train_006412
taufiktrf/AQUA20,train,6413,train,19,turtle,hf_train_006413
taufiktrf/AQUA20,train,6414,train,19,turtle,hf_train_006414
taufiktrf/AQUA20,train,6415,train,19,turtle,hf_train_006415
taufiktrf/AQUA20,train,6417,train,19,turtle,hf_train_006417
taufiktrf/AQUA20,train,6418,train,19,turtle,hf_train_006418
taufiktrf/AQUA20,train,6419,train,19,turtle,hf_train_006419
taufiktrf/AQUA20,train,6420,train,19,turtle,hf_train_006420
taufiktrf/AQUA20,train,6421,train,19,turtle,hf_train_006421
taufiktrf/AQUA20,train,6422,train,19,turtle,hf_train_006422
taufiktrf/AQUA20,train,6423,train,19,turtle,hf_train_006423
taufiktrf/AQUA20,train,6424,train,19,turtle,hf_train_006424
taufiktrf/AQUA20,train,6425,train,19,turtle,hf_train_006425
taufiktrf/AQUA20,train,6427,train,19,turtle,hf_train_006427
taufiktrf/AQUA20,train,6429,train,19,turtle,hf_train_006429
taufiktrf/AQUA20,train,6430,train,19,turtle,hf_train_006430
taufiktrf/AQUA20,train,6432,train,19,turtle,hf_train_006432
taufiktrf/AQUA20,train,6433,train,19,turtle,hf_train_006433
taufiktrf/AQUA20,train,6434,train,19,turtle,hf_train_006434
taufiktrf/AQUA20,train,6436,train,19,turtle,hf_train_006436
taufiktrf/AQUA20,train,6437,train,19,turtle,hf_train_006437
taufiktrf/AQUA20,train,6438,train,19,turtle,hf_train_006438
taufiktrf/AQUA20,train,6439,train,19,turtle,hf_train_006439
taufiktrf/AQUA20,train,6440,train,19,turtle,hf_train_006440
taufiktrf/AQUA20,train,6441,train,19,turtle,hf_train_006441
taufiktrf/AQUA20,train,6442,train,19,turtle,hf_train_006442
taufiktrf/AQUA20,train,6443,train,19,turtle,hf_train_006443
taufiktrf/AQUA20,train,6444,train,19,turtle,hf_train_006444
taufiktrf/AQUA20,train,6445,train,19,turtle,hf_train_006445
taufiktrf/AQUA20,train,6446,train,19,turtle,hf_train_006446
taufiktrf/AQUA20,train,6447,train,19,turtle,hf_train_006447
taufiktrf/AQUA20,train,6449,train,19,turtle,hf_train_006449
taufiktrf/AQUA20,train,6450,train,19,turtle,hf_train_006450
taufiktrf/AQUA20,train,6451,train,19,turtle,hf_train_006451
taufiktrf/AQUA20,train,6452,train,19,turtle,hf_train_006452
taufiktrf/AQUA20,train,6453,train,19,turtle,hf_train_006453
taufiktrf/AQUA20,train,6454,train,19,turtle,hf_train_006454
taufiktrf/AQUA20,train,6455,train,19,turtle,hf_train_006455
taufiktrf/AQUA20,train,6456,train,19,turtle,hf_train_006456
taufiktrf/AQUA20,train,6457,train,19,turtle,hf_train_006457
taufiktrf/AQUA20,train,6458,train,19,turtle,hf_train_006458
taufiktrf/AQUA20,train,6459,train,19,turtle,hf_train_006459
taufiktrf/AQUA20,train,6460,train,19,turtle,hf_train_006460
taufiktrf/AQUA20,train,6461,train,19,turtle,hf_train_006461
taufiktrf/AQUA20,train,6462,train,19,turtle,hf_train_006462
taufiktrf/AQUA20,train,6463,train,19,turtle,hf_train_006463
taufiktrf/AQUA20,train,6464,train,19,turtle,hf_train_006464
taufiktrf/AQUA20,train,6465,train,19,turtle,hf_train_006465
taufiktrf/AQUA20,train,6466,train,19,turtle,hf_train_006466
taufiktrf/AQUA20,train,6467,train,19,turtle,hf_train_006467
taufiktrf/AQUA20,train,6468,train,19,turtle,hf_train_006468
taufiktrf/AQUA20,train,6469,train,19,turtle,hf_train_006469
taufiktrf/AQUA20,train,6470,train,19,turtle,hf_train_006470
taufiktrf/AQUA20,train,6471,train,19,turtle,hf_train_006471
taufiktrf/AQUA20,train,6472,train,19,turtle,hf_train_006472
taufiktrf/AQUA20,train,6473,train,19,turtle,hf_train_006473
taufiktrf/AQUA20,train,6474,train,19,turtle,hf_train_006474
taufiktrf/AQUA20,train,6475,train,19,turtle,hf_train_006475
taufiktrf/AQUA20,train,6476,train,19,turtle,hf_train_006476
taufiktrf/AQUA20,train,6477,train,19,turtle,hf_train_006477
taufiktrf/AQUA20,train,6478,train,19,turtle,hf_train_006478
taufiktrf/AQUA20,train,6479,train,19,turtle,hf_train_006479
taufiktrf/AQUA20,train,6480,train,19,turtle,hf_train_006480
taufiktrf/AQUA20,train,6481,train,19,turtle,hf_train_006481
taufiktrf/AQUA20,train,6482,train,19,turtle,hf_train_006482
taufiktrf/AQUA20,train,6485,train,19,turtle,hf_train_006485
taufiktrf/AQUA20,train,6487,train,19,turtle,hf_train_006487
taufiktrf/AQUA20,train,6488,train,19,turtle,hf_train_006488
taufiktrf/AQUA20,train,6489,train,19,turtle,hf_train_006489
taufiktrf/AQUA20,train,6490,train,19,turtle,hf_train_006490
taufiktrf/AQUA20,train,6491,train,19,turtle,hf_train_006491
taufiktrf/AQUA20,train,6492,train,19,turtle,hf_train_006492
taufiktrf/AQUA20,train,6494,train,19,turtle,hf_train_006494
taufiktrf/AQUA20,train,6496,train,19,turtle,hf_train_006496
taufiktrf/AQUA20,train,6497,train,19,turtle,hf_train_006497
taufiktrf/AQUA20,train,6498,train,19,turtle,hf_train_006498
taufiktrf/AQUA20,train,6500,train,19,turtle,hf_train_006500
taufiktrf/AQUA20,train,6501,train,19,turtle,hf_train_006501
taufiktrf/AQUA20,train,6502,train,19,turtle,hf_train_006502
taufiktrf/AQUA20,train,6505,train,19,turtle,hf_train_006505
taufiktrf/AQUA20,train,6506,train,19,turtle,hf_train_006506
taufiktrf/AQUA20,train,6508,train,19,turtle,hf_train_006508
taufiktrf/AQUA20,train,6509,train,19,turtle,hf_train_006509
taufiktrf/AQUA20,train,6510,train,19,turtle,hf_train_006510
taufiktrf/AQUA20,train,6511,train,19,turtle,hf_train_006511
taufiktrf/AQUA20,train,6512,train,19,turtle,hf_train_006512
taufiktrf/AQUA20,train,6513,train,19,turtle,hf_train_006513
taufiktrf/AQUA20,train,6514,train,19,turtle,hf_train_006514
taufiktrf/AQUA20,train,6515,train,19,turtle,hf_train_006515
taufiktrf/AQUA20,train,6516,train,19,turtle,hf_train_006516
taufiktrf/AQUA20,train,6518,train,19,turtle,hf_train_006518
taufiktrf/AQUA20,train,6519,train,19,turtle,hf_train_006519
taufiktrf/AQUA20,train,6520,train,19,turtle,hf_train_006520
taufiktrf/AQUA20,train,6521,train,19,turtle,hf_train_006521
taufiktrf/AQUA20,train,6522,train,19,turtle,hf_train_006522
taufiktrf/AQUA20,train,6523,train,19,turtle,hf_train_006523
taufiktrf/AQUA20,train,6524,train,19,turtle,hf_train_006524
taufiktrf/AQUA20,train,6525,train,19,turtle,hf_train_006525
taufiktrf/AQUA20,train,6526,train,19,turtle,hf_train_006526
taufiktrf/AQUA20,train,6527,train,19,turtle,hf_train_006527
taufiktrf/AQUA20,train,6528,train,19,turtle,hf_train_006528
taufiktrf/AQUA20,train,6529,train,19,turtle,hf_train_006529
taufiktrf/AQUA20,train,6530,train,19,turtle,hf_train_006530
taufiktrf/AQUA20,train,6531,train,19,turtle,hf_train_006531
taufiktrf/AQUA20,train,6532,train,19,turtle,hf_train_006532
taufiktrf/AQUA20,train,6533,train,19,turtle,hf_train_006533
taufiktrf/AQUA20,train,6534,train,19,turtle,hf_train_006534
taufiktrf/AQUA20,train,6536,train,19,turtle,hf_train_006536
taufiktrf/AQUA20,train,6537,train,19,turtle,hf_train_006537
taufiktrf/AQUA20,train,6538,train,19,turtle,hf_train_006538
taufiktrf/AQUA20,train,6539,train,19,turtle,hf_train_006539
taufiktrf/AQUA20,train,6540,train,19,turtle,hf_train_006540
taufiktrf/AQUA20,train,6541,train,19,turtle,hf_train_006541
taufiktrf/AQUA20,train,6542,train,19,turtle,hf_train_006542
taufiktrf/AQUA20,train,6544,train,19,turtle,hf_train_006544
taufiktrf/AQUA20,train,6545,train,19,turtle,hf_train_006545
taufiktrf/AQUA20,train,6546,train,19,turtle,hf_train_006546
taufiktrf/AQUA20,train,6549,train,19,turtle,hf_train_006549
taufiktrf/AQUA20,train,6553,train,19,turtle,hf_train_006553
taufiktrf/AQUA20,train,6554,train,19,turtle,hf_train_006554
taufiktrf/AQUA20,train,6555,train,19,turtle,hf_train_006555
taufiktrf/AQUA20,train,6556,train,19,turtle,hf_train_006556
taufiktrf/AQUA20,train,6558,train,19,turtle,hf_train_006558
taufiktrf/AQUA20,train,1,val,0,coral,hf_train_000001
taufiktrf/AQUA20,train,8,val,0,coral,hf_train_000008
taufiktrf/AQUA20,train,13,val,0,coral,hf_train_000013
taufiktrf/AQUA20,train,14,val,0,coral,hf_train_000014
taufiktrf/AQUA20,train,16,val,0,coral,hf_train_000016
taufiktrf/AQUA20,train,20,val,0,coral,hf_train_000020
taufiktrf/AQUA20,train,21,val,0,coral,hf_train_000021
taufiktrf/AQUA20,train,26,val,0,coral,hf_train_000026
taufiktrf/AQUA20,train,34,val,0,coral,hf_train_000034
taufiktrf/AQUA20,train,37,val,0,coral,hf_train_000037
taufiktrf/AQUA20,train,40,val,0,coral,hf_train_000040
taufiktrf/AQUA20,train,53,val,0,coral,hf_train_000053
taufiktrf/AQUA20,train,64,val,0,coral,hf_train_000064
taufiktrf/AQUA20,train,87,val,0,coral,hf_train_000087
taufiktrf/AQUA20,train,91,val,0,coral,hf_train_000091
taufiktrf/AQUA20,train,95,val,0,coral,hf_train_000095
taufiktrf/AQUA20,train,98,val,0,coral,hf_train_000098
taufiktrf/AQUA20,train,103,val,0,coral,hf_train_000103
taufiktrf/AQUA20,train,112,val,0,coral,hf_train_000112
taufiktrf/AQUA20,train,121,val,0,coral,hf_train_000121
taufiktrf/AQUA20,train,122,val,0,coral,hf_train_000122
taufiktrf/AQUA20,train,130,val,0,coral,hf_train_000130
taufiktrf/AQUA20,train,134,val,0,coral,hf_train_000134
taufiktrf/AQUA20,train,143,val,0,coral,hf_train_000143
taufiktrf/AQUA20,train,146,val,0,coral,hf_train_000146
taufiktrf/AQUA20,train,150,val,0,coral,hf_train_000150
taufiktrf/AQUA20,train,151,val,0,coral,hf_train_000151
taufiktrf/AQUA20,train,152,val,0,coral,hf_train_000152
taufiktrf/AQUA20,train,160,val,0,coral,hf_train_000160
taufiktrf/AQUA20,train,161,val,0,coral,hf_train_000161
taufiktrf/AQUA20,train,166,val,0,coral,hf_train_000166
taufiktrf/AQUA20,train,186,val,0,coral,hf_train_000186
taufiktrf/AQUA20,train,187,val,0,coral,hf_train_000187
taufiktrf/AQUA20,train,189,val,0,coral,hf_train_000189
taufiktrf/AQUA20,train,197,val,0,coral,hf_train_000197
taufiktrf/AQUA20,train,200,val,0,coral,hf_train_000200
taufiktrf/AQUA20,train,201,val,0,coral,hf_train_000201
taufiktrf/AQUA20,train,202,val,0,coral,hf_train_000202
taufiktrf/AQUA20,train,205,val,0,coral,hf_train_000205
taufiktrf/AQUA20,train,206,val,0,coral,hf_train_000206
taufiktrf/AQUA20,train,207,val,0,coral,hf_train_000207
taufiktrf/AQUA20,train,216,val,0,coral,hf_train_000216
taufiktrf/AQUA20,train,219,val,0,coral,hf_train_000219
taufiktrf/AQUA20,train,225,val,0,coral,hf_train_000225
taufiktrf/AQUA20,train,229,val,0,coral,hf_train_000229
taufiktrf/AQUA20,train,230,val,0,coral,hf_train_000230
taufiktrf/AQUA20,train,241,val,0,coral,hf_train_000241
taufiktrf/AQUA20,train,246,val,0,coral,hf_train_000246
taufiktrf/AQUA20,train,252,val,0,coral,hf_train_000252
taufiktrf/AQUA20,train,253,val,0,coral,hf_train_000253
taufiktrf/AQUA20,train,262,val,0,coral,hf_train_000262
taufiktrf/AQUA20,train,269,val,0,coral,hf_train_000269
taufiktrf/AQUA20,train,276,val,0,coral,hf_train_000276
taufiktrf/AQUA20,train,279,val,0,coral,hf_train_000279
taufiktrf/AQUA20,train,283,val,0,coral,hf_train_000283
taufiktrf/AQUA20,train,288,val,0,coral,hf_train_000288
taufiktrf/AQUA20,train,293,val,0,coral,hf_train_000293
taufiktrf/AQUA20,train,295,val,0,coral,hf_train_000295
taufiktrf/AQUA20,train,315,val,0,coral,hf_train_000315
taufiktrf/AQUA20,train,317,val,0,coral,hf_train_000317
taufiktrf/AQUA20,train,330,val,0,coral,hf_train_000330
taufiktrf/AQUA20,train,337,val,0,coral,hf_train_000337
taufiktrf/AQUA20,train,343,val,0,coral,hf_train_000343
taufiktrf/AQUA20,train,345,val,0,coral,hf_train_000345
taufiktrf/AQUA20,train,378,val,0,coral,hf_train_000378
taufiktrf/AQUA20,train,379,val,0,coral,hf_train_000379
taufiktrf/AQUA20,train,384,val,0,coral,hf_train_000384
taufiktrf/AQUA20,train,385,val,0,coral,hf_train_000385
taufiktrf/AQUA20,train,387,val,0,coral,hf_train_000387
taufiktrf/AQUA20,train,391,val,0,coral,hf_train_000391
taufiktrf/AQUA20,train,392,val,0,coral,hf_train_000392
taufiktrf/AQUA20,train,397,val,0,coral,hf_train_000397
taufiktrf/AQUA20,train,400,val,0,coral,hf_train_000400
taufiktrf/AQUA20,train,401,val,0,coral,hf_train_000401
taufiktrf/AQUA20,train,402,val,0,coral,hf_train_000402
taufiktrf/AQUA20,train,403,val,0,coral,hf_train_000403
taufiktrf/AQUA20,train,406,val,0,coral,hf_train_000406
taufiktrf/AQUA20,train,418,val,0,coral,hf_train_000418
taufiktrf/AQUA20,train,437,val,0,coral,hf_train_000437
taufiktrf/AQUA20,train,441,val,0,coral,hf_train_000441
taufiktrf/AQUA20,train,452,val,0,coral,hf_train_000452
taufiktrf/AQUA20,train,455,val,0,coral,hf_train_000455
taufiktrf/AQUA20,train,459,val,0,coral,hf_train_000459
taufiktrf/AQUA20,train,463,val,0,coral,hf_train_000463
taufiktrf/AQUA20,train,466,val,0,coral,hf_train_000466
taufiktrf/AQUA20,train,469,val,0,coral,hf_train_000469
taufiktrf/AQUA20,train,472,val,0,coral,hf_train_000472
taufiktrf/AQUA20,train,474,val,0,coral,hf_train_000474
taufiktrf/AQUA20,train,484,val,0,coral,hf_train_000484
taufiktrf/AQUA20,train,488,val,0,coral,hf_train_000488
taufiktrf/AQUA20,train,492,val,0,coral,hf_train_000492
taufiktrf/AQUA20,train,502,val,0,coral,hf_train_000502
taufiktrf/AQUA20,train,508,val,0,coral,hf_train_000508
taufiktrf/AQUA20,train,509,val,0,coral,hf_train_000509
taufiktrf/AQUA20,train,510,val,0,coral,hf_train_000510
taufiktrf/AQUA20,train,520,val,0,coral,hf_train_000520
taufiktrf/AQUA20,train,524,val,0,coral,hf_train_000524
taufiktrf/AQUA20,train,540,val,0,coral,hf_train_000540
taufiktrf/AQUA20,train,546,val,0,coral,hf_train_000546
taufiktrf/AQUA20,train,550,val,0,coral,hf_train_000550
taufiktrf/AQUA20,train,556,val,0,coral,hf_train_000556
taufiktrf/AQUA20,train,562,val,0,coral,hf_train_000562
taufiktrf/AQUA20,train,563,val,0,coral,hf_train_000563
taufiktrf/AQUA20,train,564,val,0,coral,hf_train_000564
taufiktrf/AQUA20,train,565,val,0,coral,hf_train_000565
taufiktrf/AQUA20,train,577,val,0,coral,hf_train_000577
taufiktrf/AQUA20,train,586,val,0,coral,hf_train_000586
taufiktrf/AQUA20,train,592,val,0,coral,hf_train_000592
taufiktrf/AQUA20,train,600,val,0,coral,hf_train_000600
taufiktrf/AQUA20,train,608,val,0,coral,hf_train_000608
taufiktrf/AQUA20,train,612,val,0,coral,hf_train_000612
taufiktrf/AQUA20,train,623,val,0,coral,hf_train_000623
taufiktrf/AQUA20,train,627,val,0,coral,hf_train_000627
taufiktrf/AQUA20,train,632,val,0,coral,hf_train_000632
taufiktrf/AQUA20,train,639,val,0,coral,hf_train_000639
taufiktrf/AQUA20,train,640,val,0,coral,hf_train_000640
taufiktrf/AQUA20,train,641,val,0,coral,hf_train_000641
taufiktrf/AQUA20,train,642,val,0,coral,hf_train_000642
taufiktrf/AQUA20,train,645,val,0,coral,hf_train_000645
taufiktrf/AQUA20,train,646,val,0,coral,hf_train_000646
taufiktrf/AQUA20,train,647,val,0,coral,hf_train_000647
taufiktrf/AQUA20,train,648,val,0,coral,hf_train_000648
taufiktrf/AQUA20,train,658,val,0,coral,hf_train_000658
taufiktrf/AQUA20,train,659,val,0,coral,hf_train_000659
taufiktrf/AQUA20,train,663,val,0,coral,hf_train_000663
taufiktrf/AQUA20,train,681,val,0,coral,hf_train_000681
taufiktrf/AQUA20,train,683,val,0,coral,hf_train_000683
taufiktrf/AQUA20,train,686,val,0,coral,hf_train_000686
taufiktrf/AQUA20,train,687,val,0,coral,hf_train_000687
taufiktrf/AQUA20,train,698,val,0,coral,hf_train_000698
taufiktrf/AQUA20,train,699,val,0,coral,hf_train_000699
taufiktrf/AQUA20,train,702,val,0,coral,hf_train_000702
taufiktrf/AQUA20,train,709,val,0,coral,hf_train_000709
taufiktrf/AQUA20,train,719,val,0,coral,hf_train_000719
taufiktrf/AQUA20,train,725,val,0,coral,hf_train_000725
taufiktrf/AQUA20,train,729,val,0,coral,hf_train_000729
taufiktrf/AQUA20,train,742,val,0,coral,hf_train_000742
taufiktrf/AQUA20,train,747,val,0,coral,hf_train_000747
taufiktrf/AQUA20,train,748,val,0,coral,hf_train_000748
taufiktrf/AQUA20,train,749,val,0,coral,hf_train_000749
taufiktrf/AQUA20,train,751,val,0,coral,hf_train_000751
taufiktrf/AQUA20,train,763,val,0,coral,hf_train_000763
taufiktrf/AQUA20,train,766,val,0,coral,hf_train_000766
taufiktrf/AQUA20,train,769,val,0,coral,hf_train_000769
taufiktrf/AQUA20,train,775,val,0,coral,hf_train_000775
taufiktrf/AQUA20,train,776,val,0,coral,hf_train_000776
taufiktrf/AQUA20,train,779,val,0,coral,hf_train_000779
taufiktrf/AQUA20,train,791,val,0,coral,hf_train_000791
taufiktrf/AQUA20,train,794,val,0,coral,hf_train_000794
taufiktrf/AQUA20,train,795,val,0,coral,hf_train_000795
taufiktrf/AQUA20,train,797,val,0,coral,hf_train_000797
taufiktrf/AQUA20,train,800,val,0,coral,hf_train_000800
taufiktrf/AQUA20,train,804,val,0,coral,hf_train_000804
taufiktrf/AQUA20,train,805,val,0,coral,hf_train_000805
taufiktrf/AQUA20,train,815,val,0,coral,hf_train_000815
taufiktrf/AQUA20,train,821,val,0,coral,hf_train_000821
taufiktrf/AQUA20,train,831,val,0,coral,hf_train_000831
taufiktrf/AQUA20,train,835,val,0,coral,hf_train_000835
taufiktrf/AQUA20,train,840,val,0,coral,hf_train_000840
taufiktrf/AQUA20,train,854,val,0,coral,hf_train_000854
taufiktrf/AQUA20,train,856,val,0,coral,hf_train_000856
taufiktrf/AQUA20,train,860,val,0,coral,hf_train_000860
taufiktrf/AQUA20,train,863,val,0,coral,hf_train_000863
taufiktrf/AQUA20,train,870,val,0,coral,hf_train_000870
taufiktrf/AQUA20,train,871,val,0,coral,hf_train_000871
taufiktrf/AQUA20,train,877,val,0,coral,hf_train_000877
taufiktrf/AQUA20,train,878,val,0,coral,hf_train_000878
taufiktrf/AQUA20,train,880,val,0,coral,hf_train_000880
taufiktrf/AQUA20,train,883,val,0,coral,hf_train_000883
taufiktrf/AQUA20,train,891,val,0,coral,hf_train_000891
taufiktrf/AQUA20,train,896,val,0,coral,hf_train_000896
taufiktrf/AQUA20,train,897,val,0,coral,hf_train_000897
taufiktrf/AQUA20,train,913,val,0,coral,hf_train_000913
taufiktrf/AQUA20,train,928,val,0,coral,hf_train_000928
taufiktrf/AQUA20,train,929,val,0,coral,hf_train_000929
taufiktrf/AQUA20,train,951,val,0,coral,hf_train_000951
taufiktrf/AQUA20,train,954,val,0,coral,hf_train_000954
taufiktrf/AQUA20,train,955,val,0,coral,hf_train_000955
taufiktrf/AQUA20,train,956,val,0,coral,hf_train_000956
taufiktrf/AQUA20,train,957,val,0,coral,hf_train_000957
taufiktrf/AQUA20,train,959,val,0,coral,hf_train_000959
taufiktrf/AQUA20,train,960,val,0,coral,hf_train_000960
taufiktrf/AQUA20,train,972,val,0,coral,hf_train_000972
taufiktrf/AQUA20,train,975,val,0,coral,hf_train_000975
taufiktrf/AQUA20,train,981,val,0,coral,hf_train_000981
taufiktrf/AQUA20,train,995,val,0,coral,hf_train_000995
taufiktrf/AQUA20,train,1012,val,0,coral,hf_train_001012
taufiktrf/AQUA20,train,1014,val,0,coral,hf_train_001014
taufiktrf/AQUA20,train,1016,val,0,coral,hf_train_001016
taufiktrf/AQUA20,train,1017,val,0,coral,hf_train_001017
taufiktrf/AQUA20,train,1019,val,0,coral,hf_train_001019
taufiktrf/AQUA20,train,1020,val,0,coral,hf_train_001020
taufiktrf/AQUA20,train,1021,val,0,coral,hf_train_001021
taufiktrf/AQUA20,train,1025,val,0,coral,hf_train_001025
taufiktrf/AQUA20,train,1028,val,0,coral,hf_train_001028
taufiktrf/AQUA20,train,1038,val,0,coral,hf_train_001038
taufiktrf/AQUA20,train,1044,val,0,coral,hf_train_001044
taufiktrf/AQUA20,train,1045,val,0,coral,hf_train_001045
taufiktrf/AQUA20,train,1051,val,0,coral,hf_train_001051
taufiktrf/AQUA20,train,1056,val,0,coral,hf_train_001056
taufiktrf/AQUA20,train,1059,val,0,coral,hf_train_001059
taufiktrf/AQUA20,train,1060,val,0,coral,hf_train_001060
taufiktrf/AQUA20,train,1064,val,0,coral,hf_train_001064
taufiktrf/AQUA20,train,1071,val,0,coral,hf_train_001071
taufiktrf/AQUA20,train,1072,val,0,coral,hf_train_001072
taufiktrf/AQUA20,train,1076,val,0,coral,hf_train_001076
taufiktrf/AQUA20,train,1082,val,0,coral,hf_train_001082
taufiktrf/AQUA20,train,1086,val,0,coral,hf_train_001086
taufiktrf/AQUA20,train,1095,val,0,coral,hf_train_001095
taufiktrf/AQUA20,train,1104,val,0,coral,hf_train_001104
taufiktrf/AQUA20,train,1109,val,0,coral,hf_train_001109
taufiktrf/AQUA20,train,1122,val,0,coral,hf_train_001122
taufiktrf/AQUA20,train,1123,val,0,coral,hf_train_001123
taufiktrf/AQUA20,train,1129,val,0,coral,hf_train_001129
taufiktrf/AQUA20,train,1130,val,0,coral,hf_train_001130
taufiktrf/AQUA20,train,1135,val,0,coral,hf_train_001135
taufiktrf/AQUA20,train,1136,val,0,coral,hf_train_001136
taufiktrf/AQUA20,train,1143,val,0,coral,hf_train_001143
taufiktrf/AQUA20,train,1147,val,0,coral,hf_train_001147
taufiktrf/AQUA20,train,1152,val,0,coral,hf_train_001152
taufiktrf/AQUA20,train,1153,val,0,coral,hf_train_001153
taufiktrf/AQUA20,train,1154,val,0,coral,hf_train_001154
taufiktrf/AQUA20,train,1158,val,0,coral,hf_train_001158
taufiktrf/AQUA20,train,1162,val,0,coral,hf_train_001162
taufiktrf/AQUA20,train,1171,val,0,coral,hf_train_001171
taufiktrf/AQUA20,train,1180,val,0,coral,hf_train_001180
taufiktrf/AQUA20,train,1183,val,0,coral,hf_train_001183
taufiktrf/AQUA20,train,1184,val,0,coral,hf_train_001184
taufiktrf/AQUA20,train,1186,val,0,coral,hf_train_001186
taufiktrf/AQUA20,train,1194,val,0,coral,hf_train_001194
taufiktrf/AQUA20,train,1195,val,0,coral,hf_train_001195
taufiktrf/AQUA20,train,1207,val,0,coral,hf_train_001207
taufiktrf/AQUA20,train,1215,val,0,coral,hf_train_001215
taufiktrf/AQUA20,train,1218,val,0,coral,hf_train_001218
taufiktrf/AQUA20,train,1224,val,0,coral,hf_train_001224
taufiktrf/AQUA20,train,1238,val,0,coral,hf_train_001238
taufiktrf/AQUA20,train,1241,val,0,coral,hf_train_001241
taufiktrf/AQUA20,train,1248,val,0,coral,hf_train_001248
taufiktrf/AQUA20,train,1250,val,0,coral,hf_train_001250
taufiktrf/AQUA20,train,1254,val,0,coral,hf_train_001254
taufiktrf/AQUA20,train,1256,val,0,coral,hf_train_001256
taufiktrf/AQUA20,train,1257,val,0,coral,hf_train_001257
taufiktrf/AQUA20,train,1264,val,0,coral,hf_train_001264
taufiktrf/AQUA20,train,1266,val,0,coral,hf_train_001266
taufiktrf/AQUA20,train,1267,val,0,coral,hf_train_001267
taufiktrf/AQUA20,train,1275,val,0,coral,hf_train_001275
taufiktrf/AQUA20,train,1279,val,0,coral,hf_train_001279
taufiktrf/AQUA20,train,1282,val,0,coral,hf_train_001282
taufiktrf/AQUA20,train,1291,val,0,coral,hf_train_001291
taufiktrf/AQUA20,train,1294,val,0,coral,hf_train_001294
taufiktrf/AQUA20,train,1297,val,0,coral,hf_train_001297
taufiktrf/AQUA20,train,1304,val,0,coral,hf_train_001304
taufiktrf/AQUA20,train,1306,val,0,coral,hf_train_001306
taufiktrf/AQUA20,train,1311,val,0,coral,hf_train_001311
taufiktrf/AQUA20,train,1312,val,0,coral,hf_train_001312
taufiktrf/AQUA20,train,1325,val,0,coral,hf_train_001325
taufiktrf/AQUA20,train,1332,val,0,coral,hf_train_001332
taufiktrf/AQUA20,train,1333,val,0,coral,hf_train_001333
taufiktrf/AQUA20,train,1337,val,0,coral,hf_train_001337
taufiktrf/AQUA20,train,1341,val,0,coral,hf_train_001341
taufiktrf/AQUA20,train,1349,val,0,coral,hf_train_001349
taufiktrf/AQUA20,train,1354,val,0,coral,hf_train_001354
taufiktrf/AQUA20,train,1363,val,0,coral,hf_train_001363
taufiktrf/AQUA20,train,1367,val,0,coral,hf_train_001367
taufiktrf/AQUA20,train,1369,val,0,coral,hf_train_001369
taufiktrf/AQUA20,train,1371,val,0,coral,hf_train_001371
taufiktrf/AQUA20,train,1372,val,0,coral,hf_train_001372
taufiktrf/AQUA20,train,1373,val,0,coral,hf_train_001373
taufiktrf/AQUA20,train,1377,val,0,coral,hf_train_001377
taufiktrf/AQUA20,train,1383,val,0,coral,hf_train_001383
taufiktrf/AQUA20,train,1386,val,0,coral,hf_train_001386
taufiktrf/AQUA20,train,1390,val,0,coral,hf_train_001390
taufiktrf/AQUA20,train,1391,val,0,coral,hf_train_001391
taufiktrf/AQUA20,train,1396,val,0,coral,hf_train_001396
taufiktrf/AQUA20,train,1401,val,0,coral,hf_train_001401
taufiktrf/AQUA20,train,1411,val,0,coral,hf_train_001411
taufiktrf/AQUA20,train,1413,val,0,coral,hf_train_001413
taufiktrf/AQUA20,train,1414,val,0,coral,hf_train_001414
taufiktrf/AQUA20,train,1421,val,0,coral,hf_train_001421
taufiktrf/AQUA20,train,1422,val,0,coral,hf_train_001422
taufiktrf/AQUA20,train,1430,val,0,coral,hf_train_001430
taufiktrf/AQUA20,train,1431,val,0,coral,hf_train_001431
taufiktrf/AQUA20,train,1434,val,0,coral,hf_train_001434
taufiktrf/AQUA20,train,1436,val,0,coral,hf_train_001436
taufiktrf/AQUA20,train,1437,val,0,coral,hf_train_001437
taufiktrf/AQUA20,train,1441,val,0,coral,hf_train_001441
taufiktrf/AQUA20,train,1444,val,0,coral,hf_train_001444
taufiktrf/AQUA20,train,1451,val,0,coral,hf_train_001451
taufiktrf/AQUA20,train,1459,val,0,coral,hf_train_001459
taufiktrf/AQUA20,train,1463,val,0,coral,hf_train_001463
taufiktrf/AQUA20,train,1466,val,0,coral,hf_train_001466
taufiktrf/AQUA20,train,1467,val,0,coral,hf_train_001467
taufiktrf/AQUA20,train,1468,val,0,coral,hf_train_001468
taufiktrf/AQUA20,train,1471,val,0,coral,hf_train_001471
taufiktrf/AQUA20,train,1475,val,0,coral,hf_train_001475
taufiktrf/AQUA20,train,1478,val,0,coral,hf_train_001478
taufiktrf/AQUA20,train,1480,val,0,coral,hf_train_001480
taufiktrf/AQUA20,train,1482,val,0,coral,hf_train_001482
taufiktrf/AQUA20,train,1488,val,0,coral,hf_train_001488
taufiktrf/AQUA20,train,1489,val,0,coral,hf_train_001489
taufiktrf/AQUA20,train,1499,val,0,coral,hf_train_001499
taufiktrf/AQUA20,train,1508,val,0,coral,hf_train_001508
taufiktrf/AQUA20,train,1515,val,0,coral,hf_train_001515
taufiktrf/AQUA20,train,1518,val,0,coral,hf_train_001518
taufiktrf/AQUA20,train,1521,val,0,coral,hf_train_001521
taufiktrf/AQUA20,train,1522,val,0,coral,hf_train_001522
taufiktrf/AQUA20,train,1525,val,0,coral,hf_train_001525
taufiktrf/AQUA20,train,1534,val,0,coral,hf_train_001534
taufiktrf/AQUA20,train,1537,val,0,coral,hf_train_001537
taufiktrf/AQUA20,train,1538,val,0,coral,hf_train_001538
taufiktrf/AQUA20,train,1542,val,0,coral,hf_train_001542
taufiktrf/AQUA20,train,1547,val,0,coral,hf_train_001547
taufiktrf/AQUA20,train,1559,val,0,coral,hf_train_001559
taufiktrf/AQUA20,train,1574,val,1,crab,hf_train_001574
taufiktrf/AQUA20,train,1577,val,1,crab,hf_train_001577
taufiktrf/AQUA20,train,1580,val,1,crab,hf_train_001580
taufiktrf/AQUA20,train,1586,val,1,crab,hf_train_001586
taufiktrf/AQUA20,train,1588,val,1,crab,hf_train_001588
taufiktrf/AQUA20,train,1589,val,1,crab,hf_train_001589
taufiktrf/AQUA20,train,1594,val,1,crab,hf_train_001594
taufiktrf/AQUA20,train,1597,val,1,crab,hf_train_001597
taufiktrf/AQUA20,train,1601,val,1,crab,hf_train_001601
taufiktrf/AQUA20,train,1610,val,2,diver,hf_train_001610
taufiktrf/AQUA20,train,1611,val,2,diver,hf_train_001611
taufiktrf/AQUA20,train,1614,val,2,diver,hf_train_001614
taufiktrf/AQUA20,train,1623,val,2,diver,hf_train_001623
taufiktrf/AQUA20,train,1632,val,2,diver,hf_train_001632
taufiktrf/AQUA20,train,1634,val,2,diver,hf_train_001634
taufiktrf/AQUA20,train,1636,val,2,diver,hf_train_001636
taufiktrf/AQUA20,train,1638,val,2,diver,hf_train_001638
taufiktrf/AQUA20,train,1645,val,2,diver,hf_train_001645
taufiktrf/AQUA20,train,1652,val,2,diver,hf_train_001652
taufiktrf/AQUA20,train,1656,val,3,eel,hf_train_001656
taufiktrf/AQUA20,train,1659,val,3,eel,hf_train_001659
taufiktrf/AQUA20,train,1661,val,3,eel,hf_train_001661
taufiktrf/AQUA20,train,1667,val,3,eel,hf_train_001667
taufiktrf/AQUA20,train,1670,val,3,eel,hf_train_001670
taufiktrf/AQUA20,train,1673,val,3,eel,hf_train_001673
taufiktrf/AQUA20,train,1676,val,3,eel,hf_train_001676
taufiktrf/AQUA20,train,1677,val,3,eel,hf_train_001677
taufiktrf/AQUA20,train,1679,val,3,eel,hf_train_001679
taufiktrf/AQUA20,train,1680,val,3,eel,hf_train_001680
taufiktrf/AQUA20,train,1682,val,3,eel,hf_train_001682
taufiktrf/AQUA20,train,1684,val,3,eel,hf_train_001684
taufiktrf/AQUA20,train,1687,val,3,eel,hf_train_001687
taufiktrf/AQUA20,train,1694,val,3,eel,hf_train_001694
taufiktrf/AQUA20,train,1702,val,3,eel,hf_train_001702
taufiktrf/AQUA20,train,1713,val,3,eel,hf_train_001713
taufiktrf/AQUA20,train,1719,val,3,eel,hf_train_001719
taufiktrf/AQUA20,train,1730,val,3,eel,hf_train_001730
taufiktrf/AQUA20,train,1736,val,3,eel,hf_train_001736
taufiktrf/AQUA20,train,1739,val,3,eel,hf_train_001739
taufiktrf/AQUA20,train,1747,val,3,eel,hf_train_001747
taufiktrf/AQUA20,train,1754,val,3,eel,hf_train_001754
taufiktrf/AQUA20,train,1756,val,3,eel,hf_train_001756
taufiktrf/AQUA20,train,1771,val,3,eel,hf_train_001771
taufiktrf/AQUA20,train,1774,val,3,eel,hf_train_001774
taufiktrf/AQUA20,train,1779,val,3,eel,hf_train_001779
taufiktrf/AQUA20,train,1781,val,3,eel,hf_train_001781
taufiktrf/AQUA20,train,1785,val,3,eel,hf_train_001785
taufiktrf/AQUA20,train,1786,val,3,eel,hf_train_001786
taufiktrf/AQUA20,train,1796,val,3,eel,hf_train_001796
taufiktrf/AQUA20,train,1804,val,3,eel,hf_train_001804
taufiktrf/AQUA20,train,1811,val,3,eel,hf_train_001811
taufiktrf/AQUA20,train,1817,val,4,fish,hf_train_001817
taufiktrf/AQUA20,train,1825,val,4,fish,hf_train_001825
taufiktrf/AQUA20,train,1827,val,4,fish,hf_train_001827
taufiktrf/AQUA20,train,1829,val,4,fish,hf_train_001829
taufiktrf/AQUA20,train,1834,val,4,fish,hf_train_001834
taufiktrf/AQUA20,train,1836,val,4,fish,hf_train_001836
taufiktrf/AQUA20,train,1843,val,4,fish,hf_train_001843
taufiktrf/AQUA20,train,1850,val,4,fish,hf_train_001850
taufiktrf/AQUA20,train,1851,val,4,fish,hf_train_001851
taufiktrf/AQUA20,train,1858,val,4,fish,hf_train_001858
taufiktrf/AQUA20,train,1865,val,4,fish,hf_train_001865
taufiktrf/AQUA20,train,1866,val,4,fish,hf_train_001866
taufiktrf/AQUA20,train,1873,val,4,fish,hf_train_001873
taufiktrf/AQUA20,train,1882,val,4,fish,hf_train_001882
taufiktrf/AQUA20,train,1888,val,4,fish,hf_train_001888
taufiktrf/AQUA20,train,1900,val,4,fish,hf_train_001900
taufiktrf/AQUA20,train,1901,val,4,fish,hf_train_001901
taufiktrf/AQUA20,train,1905,val,4,fish,hf_train_001905
taufiktrf/AQUA20,train,1917,val,4,fish,hf_train_001917
taufiktrf/AQUA20,train,1921,val,4,fish,hf_train_001921
taufiktrf/AQUA20,train,1931,val,4,fish,hf_train_001931
taufiktrf/AQUA20,train,1941,val,4,fish,hf_train_001941
taufiktrf/AQUA20,train,1944,val,4,fish,hf_train_001944
taufiktrf/AQUA20,train,1945,val,4,fish,hf_train_001945
taufiktrf/AQUA20,train,1956,val,4,fish,hf_train_001956
taufiktrf/AQUA20,train,1958,val,4,fish,hf_train_001958
taufiktrf/AQUA20,train,1961,val,4,fish,hf_train_001961
taufiktrf/AQUA20,train,1964,val,4,fish,hf_train_001964
taufiktrf/AQUA20,train,1967,val,4,fish,hf_train_001967
taufiktrf/AQUA20,train,1974,val,4,fish,hf_train_001974
taufiktrf/AQUA20,train,1975,val,4,fish,hf_train_001975
taufiktrf/AQUA20,train,2001,val,4,fish,hf_train_002001
taufiktrf/AQUA20,train,2013,val,4,fish,hf_train_002013
taufiktrf/AQUA20,train,2032,val,4,fish,hf_train_002032
taufiktrf/AQUA20,train,2057,val,4,fish,hf_train_002057
taufiktrf/AQUA20,train,2076,val,4,fish,hf_train_002076
taufiktrf/AQUA20,train,2078,val,4,fish,hf_train_002078
taufiktrf/AQUA20,train,2085,val,4,fish,hf_train_002085
taufiktrf/AQUA20,train,2091,val,4,fish,hf_train_002091
taufiktrf/AQUA20,train,2097,val,4,fish,hf_train_002097
taufiktrf/AQUA20,train,2103,val,4,fish,hf_train_002103
taufiktrf/AQUA20,train,2106,val,4,fish,hf_train_002106
taufiktrf/AQUA20,train,2110,val,4,fish,hf_train_002110
taufiktrf/AQUA20,train,2113,val,4,fish,hf_train_002113
taufiktrf/AQUA20,train,2116,val,4,fish,hf_train_002116
taufiktrf/AQUA20,train,2117,val,4,fish,hf_train_002117
taufiktrf/AQUA20,train,2118,val,4,fish,hf_train_002118
taufiktrf/AQUA20,train,2119,val,4,fish,hf_train_002119
taufiktrf/AQUA20,train,2120,val,4,fish,hf_train_002120
taufiktrf/AQUA20,train,2122,val,4,fish,hf_train_002122
taufiktrf/AQUA20,train,2123,val,4,fish,hf_train_002123
taufiktrf/AQUA20,train,2127,val,4,fish,hf_train_002127
taufiktrf/AQUA20,train,2139,val,4,fish,hf_train_002139
taufiktrf/AQUA20,train,2143,val,4,fish,hf_train_002143
taufiktrf/AQUA20,train,2151,val,4,fish,hf_train_002151
taufiktrf/AQUA20,train,2157,val,4,fish,hf_train_002157
taufiktrf/AQUA20,train,2158,val,4,fish,hf_train_002158
taufiktrf/AQUA20,train,2160,val,4,fish,hf_train_002160
taufiktrf/AQUA20,train,2165,val,4,fish,hf_train_002165
taufiktrf/AQUA20,train,2168,val,4,fish,hf_train_002168
taufiktrf/AQUA20,train,2169,val,4,fish,hf_train_002169
taufiktrf/AQUA20,train,2179,val,4,fish,hf_train_002179
taufiktrf/AQUA20,train,2188,val,4,fish,hf_train_002188
taufiktrf/AQUA20,train,2190,val,4,fish,hf_train_002190
taufiktrf/AQUA20,train,2193,val,4,fish,hf_train_002193
taufiktrf/AQUA20,train,2196,val,4,fish,hf_train_002196
taufiktrf/AQUA20,train,2212,val,4,fish,hf_train_002212
taufiktrf/AQUA20,train,2214,val,4,fish,hf_train_002214
taufiktrf/AQUA20,train,2219,val,4,fish,hf_train_002219
taufiktrf/AQUA20,train,2222,val,4,fish,hf_train_002222
taufiktrf/AQUA20,train,2234,val,4,fish,hf_train_002234
taufiktrf/AQUA20,train,2240,val,4,fish,hf_train_002240
taufiktrf/AQUA20,train,2242,val,4,fish,hf_train_002242
taufiktrf/AQUA20,train,2243,val,4,fish,hf_train_002243
taufiktrf/AQUA20,train,2256,val,4,fish,hf_train_002256
taufiktrf/AQUA20,train,2260,val,4,fish,hf_train_002260
taufiktrf/AQUA20,train,2269,val,4,fish,hf_train_002269
taufiktrf/AQUA20,train,2270,val,4,fish,hf_train_002270
taufiktrf/AQUA20,train,2274,val,4,fish,hf_train_002274
taufiktrf/AQUA20,train,2275,val,4,fish,hf_train_002275
taufiktrf/AQUA20,train,2285,val,4,fish,hf_train_002285
taufiktrf/AQUA20,train,2293,val,4,fish,hf_train_002293
taufiktrf/AQUA20,train,2298,val,4,fish,hf_train_002298
taufiktrf/AQUA20,train,2304,val,4,fish,hf_train_002304
taufiktrf/AQUA20,train,2305,val,4,fish,hf_train_002305
taufiktrf/AQUA20,train,2309,val,4,fish,hf_train_002309
taufiktrf/AQUA20,train,2313,val,4,fish,hf_train_002313
taufiktrf/AQUA20,train,2319,val,4,fish,hf_train_002319
taufiktrf/AQUA20,train,2324,val,4,fish,hf_train_002324
taufiktrf/AQUA20,train,2331,val,4,fish,hf_train_002331
taufiktrf/AQUA20,train,2332,val,4,fish,hf_train_002332
taufiktrf/AQUA20,train,2336,val,4,fish,hf_train_002336
taufiktrf/AQUA20,train,2341,val,4,fish,hf_train_002341
taufiktrf/AQUA20,train,2345,val,4,fish,hf_train_002345
taufiktrf/AQUA20,train,2346,val,4,fish,hf_train_002346
taufiktrf/AQUA20,train,2364,val,4,fish,hf_train_002364
taufiktrf/AQUA20,train,2368,val,4,fish,hf_train_002368
taufiktrf/AQUA20,train,2369,val,4,fish,hf_train_002369
taufiktrf/AQUA20,train,2374,val,4,fish,hf_train_002374
taufiktrf/AQUA20,train,2376,val,4,fish,hf_train_002376
taufiktrf/AQUA20,train,2390,val,4,fish,hf_train_002390
taufiktrf/AQUA20,train,2391,val,4,fish,hf_train_002391
taufiktrf/AQUA20,train,2396,val,4,fish,hf_train_002396
taufiktrf/AQUA20,train,2399,val,4,fish,hf_train_002399
taufiktrf/AQUA20,train,2400,val,4,fish,hf_train_002400
taufiktrf/AQUA20,train,2403,val,4,fish,hf_train_002403
taufiktrf/AQUA20,train,2404,val,4,fish,hf_train_002404
taufiktrf/AQUA20,train,2405,val,4,fish,hf_train_002405
taufiktrf/AQUA20,train,2420,val,4,fish,hf_train_002420
taufiktrf/AQUA20,train,2423,val,4,fish,hf_train_002423
taufiktrf/AQUA20,train,2429,val,4,fish,hf_train_002429
taufiktrf/AQUA20,train,2434,val,4,fish,hf_train_002434
taufiktrf/AQUA20,train,2435,val,4,fish,hf_train_002435
taufiktrf/AQUA20,train,2436,val,4,fish,hf_train_002436
taufiktrf/AQUA20,train,2444,val,4,fish,hf_train_002444
taufiktrf/AQUA20,train,2445,val,4,fish,hf_train_002445
taufiktrf/AQUA20,train,2446,val,4,fish,hf_train_002446
taufiktrf/AQUA20,train,2452,val,4,fish,hf_train_002452
taufiktrf/AQUA20,train,2459,val,4,fish,hf_train_002459
taufiktrf/AQUA20,train,2463,val,4,fish,hf_train_002463
taufiktrf/AQUA20,train,2465,val,4,fish,hf_train_002465
taufiktrf/AQUA20,train,2476,val,4,fish,hf_train_002476
taufiktrf/AQUA20,train,2477,val,4,fish,hf_train_002477
taufiktrf/AQUA20,train,2479,val,4,fish,hf_train_002479
taufiktrf/AQUA20,train,2480,val,4,fish,hf_train_002480
taufiktrf/AQUA20,train,2485,val,4,fish,hf_train_002485
taufiktrf/AQUA20,train,2488,val,4,fish,hf_train_002488
taufiktrf/AQUA20,train,2497,val,4,fish,hf_train_002497
taufiktrf/AQUA20,train,2500,val,4,fish,hf_train_002500
taufiktrf/AQUA20,train,2502,val,4,fish,hf_train_002502
taufiktrf/AQUA20,train,2503,val,4,fish,hf_train_002503
taufiktrf/AQUA20,train,2510,val,4,fish,hf_train_002510
taufiktrf/AQUA20,train,2515,val,4,fish,hf_train_002515
taufiktrf/AQUA20,train,2519,val,4,fish,hf_train_002519
taufiktrf/AQUA20,train,2523,val,4,fish,hf_train_002523
taufiktrf/AQUA20,train,2526,val,4,fish,hf_train_002526
taufiktrf/AQUA20,train,2530,val,4,fish,hf_train_002530
taufiktrf/AQUA20,train,2535,val,4,fish,hf_train_002535
taufiktrf/AQUA20,train,2540,val,4,fish,hf_train_002540
taufiktrf/AQUA20,train,2541,val,4,fish,hf_train_002541
taufiktrf/AQUA20,train,2542,val,4,fish,hf_train_002542
taufiktrf/AQUA20,train,2551,val,4,fish,hf_train_002551
taufiktrf/AQUA20,train,2559,val,4,fish,hf_train_002559
taufiktrf/AQUA20,train,2565,val,4,fish,hf_train_002565
taufiktrf/AQUA20,train,2566,val,4,fish,hf_train_002566
taufiktrf/AQUA20,train,2570,val,4,fish,hf_train_002570
taufiktrf/AQUA20,train,2585,val,4,fish,hf_train_002585
taufiktrf/AQUA20,train,2591,val,4,fish,hf_train_002591
taufiktrf/AQUA20,train,2596,val,4,fish,hf_train_002596
taufiktrf/AQUA20,train,2598,val,4,fish,hf_train_002598
taufiktrf/AQUA20,train,2602,val,4,fish,hf_train_002602
taufiktrf/AQUA20,train,2604,val,4,fish,hf_train_002604
taufiktrf/AQUA20,train,2608,val,4,fish,hf_train_002608
taufiktrf/AQUA20,train,2609,val,4,fish,hf_train_002609
taufiktrf/AQUA20,train,2620,val,4,fish,hf_train_002620
taufiktrf/AQUA20,train,2629,val,4,fish,hf_train_002629
taufiktrf/AQUA20,train,2631,val,4,fish,hf_train_002631
taufiktrf/AQUA20,train,2637,val,4,fish,hf_train_002637
taufiktrf/AQUA20,train,2643,val,4,fish,hf_train_002643
taufiktrf/AQUA20,train,2653,val,4,fish,hf_train_002653
taufiktrf/AQUA20,train,2657,val,4,fish,hf_train_002657
taufiktrf/AQUA20,train,2666,val,4,fish,hf_train_002666
taufiktrf/AQUA20,train,2672,val,4,fish,hf_train_002672
taufiktrf/AQUA20,train,2674,val,4,fish,hf_train_002674
taufiktrf/AQUA20,train,2677,val,4,fish,hf_train_002677
taufiktrf/AQUA20,train,2682,val,4,fish,hf_train_002682
taufiktrf/AQUA20,train,2702,val,4,fish,hf_train_002702
taufiktrf/AQUA20,train,2706,val,4,fish,hf_train_002706
taufiktrf/AQUA20,train,2707,val,4,fish,hf_train_002707
taufiktrf/AQUA20,train,2718,val,4,fish,hf_train_002718
taufiktrf/AQUA20,train,2724,val,4,fish,hf_train_002724
taufiktrf/AQUA20,train,2730,val,4,fish,hf_train_002730
taufiktrf/AQUA20,train,2732,val,4,fish,hf_train_002732
taufiktrf/AQUA20,train,2734,val,4,fish,hf_train_002734
taufiktrf/AQUA20,train,2736,val,4,fish,hf_train_002736
taufiktrf/AQUA20,train,2755,val,4,fish,hf_train_002755
taufiktrf/AQUA20,train,2757,val,4,fish,hf_train_002757
taufiktrf/AQUA20,train,2759,val,4,fish,hf_train_002759
taufiktrf/AQUA20,train,2767,val,4,fish,hf_train_002767
taufiktrf/AQUA20,train,2771,val,4,fish,hf_train_002771
taufiktrf/AQUA20,train,2772,val,4,fish,hf_train_002772
taufiktrf/AQUA20,train,2774,val,4,fish,hf_train_002774
taufiktrf/AQUA20,train,2777,val,4,fish,hf_train_002777
taufiktrf/AQUA20,train,2779,val,4,fish,hf_train_002779
taufiktrf/AQUA20,train,2783,val,4,fish,hf_train_002783
taufiktrf/AQUA20,train,2784,val,4,fish,hf_train_002784
taufiktrf/AQUA20,train,2786,val,4,fish,hf_train_002786
taufiktrf/AQUA20,train,2789,val,4,fish,hf_train_002789
taufiktrf/AQUA20,train,2790,val,4,fish,hf_train_002790
taufiktrf/AQUA20,train,2799,val,4,fish,hf_train_002799
taufiktrf/AQUA20,train,2802,val,4,fish,hf_train_002802
taufiktrf/AQUA20,train,2803,val,4,fish,hf_train_002803
taufiktrf/AQUA20,train,2808,val,4,fish,hf_train_002808
taufiktrf/AQUA20,train,2814,val,4,fish,hf_train_002814
taufiktrf/AQUA20,train,2816,val,4,fish,hf_train_002816
taufiktrf/AQUA20,train,2820,val,4,fish,hf_train_002820
taufiktrf/AQUA20,train,2821,val,4,fish,hf_train_002821
taufiktrf/AQUA20,train,2823,val,4,fish,hf_train_002823
taufiktrf/AQUA20,train,2824,val,4,fish,hf_train_002824
taufiktrf/AQUA20,train,2825,val,4,fish,hf_train_002825
taufiktrf/AQUA20,train,2829,val,4,fish,hf_train_002829
taufiktrf/AQUA20,train,2830,val,4,fish,hf_train_002830
taufiktrf/AQUA20,train,2842,val,4,fish,hf_train_002842
taufiktrf/AQUA20,train,2851,val,4,fish,hf_train_002851
taufiktrf/AQUA20,train,2859,val,4,fish,hf_train_002859
taufiktrf/AQUA20,train,2865,val,4,fish,hf_train_002865
taufiktrf/AQUA20,train,2874,val,4,fish,hf_train_002874
taufiktrf/AQUA20,train,2878,val,4,fish,hf_train_002878
taufiktrf/AQUA20,train,2888,val,4,fish,hf_train_002888
taufiktrf/AQUA20,train,2898,val,4,fish,hf_train_002898
taufiktrf/AQUA20,train,2899,val,4,fish,hf_train_002899
taufiktrf/AQUA20,train,2904,val,4,fish,hf_train_002904
taufiktrf/AQUA20,train,2908,val,4,fish,hf_train_002908
taufiktrf/AQUA20,train,2909,val,4,fish,hf_train_002909
taufiktrf/AQUA20,train,2915,val,4,fish,hf_train_002915
taufiktrf/AQUA20,train,2916,val,4,fish,hf_train_002916
taufiktrf/AQUA20,train,2923,val,4,fish,hf_train_002923
taufiktrf/AQUA20,train,2928,val,4,fish,hf_train_002928
taufiktrf/AQUA20,train,2941,val,4,fish,hf_train_002941
taufiktrf/AQUA20,train,2947,val,4,fish,hf_train_002947
taufiktrf/AQUA20,train,2956,val,4,fish,hf_train_002956
taufiktrf/AQUA20,train,2957,val,4,fish,hf_train_002957
taufiktrf/AQUA20,train,2958,val,4,fish,hf_train_002958
taufiktrf/AQUA20,train,2963,val,4,fish,hf_train_002963
taufiktrf/AQUA20,train,2969,val,4,fish,hf_train_002969
taufiktrf/AQUA20,train,2972,val,4,fish,hf_train_002972
taufiktrf/AQUA20,train,2983,val,4,fish,hf_train_002983
taufiktrf/AQUA20,train,2993,val,4,fish,hf_train_002993
taufiktrf/AQUA20,train,2995,val,4,fish,hf_train_002995
taufiktrf/AQUA20,train,2998,val,4,fish,hf_train_002998
taufiktrf/AQUA20,train,2999,val,4,fish,hf_train_002999
taufiktrf/AQUA20,train,3000,val,4,fish,hf_train_003000
taufiktrf/AQUA20,train,3006,val,4,fish,hf_train_003006
taufiktrf/AQUA20,train,3011,val,4,fish,hf_train_003011
taufiktrf/AQUA20,train,3014,val,4,fish,hf_train_003014
taufiktrf/AQUA20,train,3024,val,4,fish,hf_train_003024
taufiktrf/AQUA20,train,3041,val,4,fish,hf_train_003041
taufiktrf/AQUA20,train,3045,val,4,fish,hf_train_003045
taufiktrf/AQUA20,train,3046,val,4,fish,hf_train_003046
taufiktrf/AQUA20,train,3048,val,4,fish,hf_train_003048
taufiktrf/AQUA20,train,3055,val,4,fish,hf_train_003055
taufiktrf/AQUA20,train,3057,val,4,fish,hf_train_003057
taufiktrf/AQUA20,train,3059,val,4,fish,hf_train_003059
taufiktrf/AQUA20,train,3060,val,4,fish,hf_train_003060
taufiktrf/AQUA20,train,3062,val,4,fish,hf_train_003062
taufiktrf/AQUA20,train,3065,val,4,fish,hf_train_003065
taufiktrf/AQUA20,train,3068,val,4,fish,hf_train_003068
taufiktrf/AQUA20,train,3069,val,4,fish,hf_train_003069
taufiktrf/AQUA20,train,3080,val,4,fish,hf_train_003080
taufiktrf/AQUA20,train,3085,val,4,fish,hf_train_003085
taufiktrf/AQUA20,train,3089,val,4,fish,hf_train_003089
taufiktrf/AQUA20,train,3090,val,4,fish,hf_train_003090
taufiktrf/AQUA20,train,3093,val,4,fish,hf_train_003093
taufiktrf/AQUA20,train,3096,val,4,fish,hf_train_003096
taufiktrf/AQUA20,train,3098,val,4,fish,hf_train_003098
taufiktrf/AQUA20,train,3102,val,4,fish,hf_train_003102
taufiktrf/AQUA20,train,3106,val,4,fish,hf_train_003106
taufiktrf/AQUA20,train,3107,val,4,fish,hf_train_003107
taufiktrf/AQUA20,train,3116,val,4,fish,hf_train_003116
taufiktrf/AQUA20,train,3118,val,4,fish,hf_train_003118
taufiktrf/AQUA20,train,3119,val,4,fish,hf_train_003119
taufiktrf/AQUA20,train,3123,val,4,fish,hf_train_003123
taufiktrf/AQUA20,train,3126,val,4,fish,hf_train_003126
taufiktrf/AQUA20,train,3132,val,4,fish,hf_train_003132
taufiktrf/AQUA20,train,3133,val,4,fish,hf_train_003133
taufiktrf/AQUA20,train,3139,val,4,fish,hf_train_003139
taufiktrf/AQUA20,train,3143,val,4,fish,hf_train_003143
taufiktrf/AQUA20,train,3159,val,4,fish,hf_train_003159
taufiktrf/AQUA20,train,3163,val,4,fish,hf_train_003163
taufiktrf/AQUA20,train,3165,val,4,fish,hf_train_003165
taufiktrf/AQUA20,train,3170,val,4,fish,hf_train_003170
taufiktrf/AQUA20,train,3171,val,4,fish,hf_train_003171
taufiktrf/AQUA20,train,3173,val,4,fish,hf_train_003173
taufiktrf/AQUA20,train,3175,val,4,fish,hf_train_003175
taufiktrf/AQUA20,train,3180,val,4,fish,hf_train_003180
taufiktrf/AQUA20,train,3183,val,4,fish,hf_train_003183
taufiktrf/AQUA20,train,3184,val,4,fish,hf_train_003184
taufiktrf/AQUA20,train,3190,val,4,fish,hf_train_003190
taufiktrf/AQUA20,train,3192,val,4,fish,hf_train_003192
taufiktrf/AQUA20,train,3197,val,4,fish,hf_train_003197
taufiktrf/AQUA20,train,3201,val,4,fish,hf_train_003201
taufiktrf/AQUA20,train,3203,val,4,fish,hf_train_003203
taufiktrf/AQUA20,train,3204,val,4,fish,hf_train_003204
taufiktrf/AQUA20,train,3206,val,4,fish,hf_train_003206
taufiktrf/AQUA20,train,3210,val,4,fish,hf_train_003210
taufiktrf/AQUA20,train,3213,val,4,fish,hf_train_003213
taufiktrf/AQUA20,train,3215,val,4,fish,hf_train_003215
taufiktrf/AQUA20,train,3220,val,4,fish,hf_train_003220
taufiktrf/AQUA20,train,3224,val,4,fish,hf_train_003224
taufiktrf/AQUA20,train,3256,val,4,fish,hf_train_003256
taufiktrf/AQUA20,train,3257,val,4,fish,hf_train_003257
taufiktrf/AQUA20,train,3259,val,4,fish,hf_train_003259
taufiktrf/AQUA20,train,3263,val,4,fish,hf_train_003263
taufiktrf/AQUA20,train,3271,val,4,fish,hf_train_003271
taufiktrf/AQUA20,train,3278,val,4,fish,hf_train_003278
taufiktrf/AQUA20,train,3288,val,4,fish,hf_train_003288
taufiktrf/AQUA20,train,3289,val,4,fish,hf_train_003289
taufiktrf/AQUA20,train,3291,val,4,fish,hf_train_003291
taufiktrf/AQUA20,train,3293,val,4,fish,hf_train_003293
taufiktrf/AQUA20,train,3294,val,4,fish,hf_train_003294
taufiktrf/AQUA20,train,3298,val,4,fish,hf_train_003298
taufiktrf/AQUA20,train,3310,val,4,fish,hf_train_003310
taufiktrf/AQUA20,train,3312,val,4,fish,hf_train_003312
taufiktrf/AQUA20,train,3321,val,4,fish,hf_train_003321
taufiktrf/AQUA20,train,3334,val,4,fish,hf_train_003334
taufiktrf/AQUA20,train,3336,val,4,fish,hf_train_003336
taufiktrf/AQUA20,train,3341,val,4,fish,hf_train_003341
taufiktrf/AQUA20,train,3351,val,4,fish,hf_train_003351
taufiktrf/AQUA20,train,3362,val,4,fish,hf_train_003362
taufiktrf/AQUA20,train,3370,val,4,fish,hf_train_003370
taufiktrf/AQUA20,train,3378,val,4,fish,hf_train_003378
taufiktrf/AQUA20,train,3393,val,4,fish,hf_train_003393
taufiktrf/AQUA20,train,3395,val,4,fish,hf_train_003395
taufiktrf/AQUA20,train,3400,val,4,fish,hf_train_003400
taufiktrf/AQUA20,train,3401,val,4,fish,hf_train_003401
taufiktrf/AQUA20,train,3403,val,4,fish,hf_train_003403
taufiktrf/AQUA20,train,3419,val,4,fish,hf_train_003419
taufiktrf/AQUA20,train,3422,val,4,fish,hf_train_003422
taufiktrf/AQUA20,train,3424,val,4,fish,hf_train_003424
taufiktrf/AQUA20,train,3425,val,4,fish,hf_train_003425
taufiktrf/AQUA20,train,3433,val,4,fish,hf_train_003433
taufiktrf/AQUA20,train,3436,val,4,fish,hf_train_003436
taufiktrf/AQUA20,train,3438,val,4,fish,hf_train_003438
taufiktrf/AQUA20,train,3440,val,4,fish,hf_train_003440
taufiktrf/AQUA20,train,3444,val,4,fish,hf_train_003444
taufiktrf/AQUA20,train,3449,val,4,fish,hf_train_003449
taufiktrf/AQUA20,train,3451,val,4,fish,hf_train_003451
taufiktrf/AQUA20,train,3453,val,4,fish,hf_train_003453
taufiktrf/AQUA20,train,3461,val,4,fish,hf_train_003461
taufiktrf/AQUA20,train,3462,val,4,fish,hf_train_003462
taufiktrf/AQUA20,train,3471,val,4,fish,hf_train_003471
taufiktrf/AQUA20,train,3472,val,4,fish,hf_train_003472
taufiktrf/AQUA20,train,3476,val,4,fish,hf_train_003476
taufiktrf/AQUA20,train,3477,val,4,fish,hf_train_003477
taufiktrf/AQUA20,train,3480,val,4,fish,hf_train_003480
taufiktrf/AQUA20,train,3481,val,4,fish,hf_train_003481
taufiktrf/AQUA20,train,3483,val,4,fish,hf_train_003483
taufiktrf/AQUA20,train,3487,val,4,fish,hf_train_003487
taufiktrf/AQUA20,train,3493,val,4,fish,hf_train_003493
taufiktrf/AQUA20,train,3494,val,4,fish,hf_train_003494
taufiktrf/AQUA20,train,3497,val,4,fish,hf_train_003497
taufiktrf/AQUA20,train,3508,val,4,fish,hf_train_003508
taufiktrf/AQUA20,train,3515,val,4,fish,hf_train_003515
taufiktrf/AQUA20,train,3520,val,4,fish,hf_train_003520
taufiktrf/AQUA20,train,3522,val,4,fish,hf_train_003522
taufiktrf/AQUA20,train,3524,val,4,fish,hf_train_003524
taufiktrf/AQUA20,train,3528,val,4,fish,hf_train_003528
taufiktrf/AQUA20,train,3551,val,4,fish,hf_train_003551
taufiktrf/AQUA20,train,3553,val,4,fish,hf_train_003553
taufiktrf/AQUA20,train,3558,val,4,fish,hf_train_003558
taufiktrf/AQUA20,train,3564,val,4,fish,hf_train_003564
taufiktrf/AQUA20,train,3579,val,4,fish,hf_train_003579
taufiktrf/AQUA20,train,3580,val,4,fish,hf_train_003580
taufiktrf/AQUA20,train,3592,val,4,fish,hf_train_003592
taufiktrf/AQUA20,train,3596,val,4,fish,hf_train_003596
taufiktrf/AQUA20,train,3613,val,4,fish,hf_train_003613
taufiktrf/AQUA20,train,3614,val,4,fish,hf_train_003614
taufiktrf/AQUA20,train,3615,val,4,fish,hf_train_003615
taufiktrf/AQUA20,train,3616,val,4,fish,hf_train_003616
taufiktrf/AQUA20,train,3617,val,4,fish,hf_train_003617
taufiktrf/AQUA20,train,3622,val,4,fish,hf_train_003622
taufiktrf/AQUA20,train,3628,val,4,fish,hf_train_003628
taufiktrf/AQUA20,train,3631,val,4,fish,hf_train_003631
taufiktrf/AQUA20,train,3633,val,4,fish,hf_train_003633
taufiktrf/AQUA20,train,3639,val,4,fish,hf_train_003639
taufiktrf/AQUA20,train,3641,val,4,fish,hf_train_003641
taufiktrf/AQUA20,train,3643,val,4,fish,hf_train_003643
taufiktrf/AQUA20,train,3653,val,4,fish,hf_train_003653
taufiktrf/AQUA20,train,3654,val,4,fish,hf_train_003654
taufiktrf/AQUA20,train,3661,val,4,fish,hf_train_003661
taufiktrf/AQUA20,train,3663,val,4,fish,hf_train_003663
taufiktrf/AQUA20,train,3667,val,4,fish,hf_train_003667
taufiktrf/AQUA20,train,3669,val,4,fish,hf_train_003669
taufiktrf/AQUA20,train,3674,val,4,fish,hf_train_003674
taufiktrf/AQUA20,train,3679,val,4,fish,hf_train_003679
taufiktrf/AQUA20,train,3680,val,4,fish,hf_train_003680
taufiktrf/AQUA20,train,3708,val,4,fish,hf_train_003708
taufiktrf/AQUA20,train,3714,val,4,fish,hf_train_003714
taufiktrf/AQUA20,train,3726,val,4,fish,hf_train_003726
taufiktrf/AQUA20,train,3732,val,4,fish,hf_train_003732
taufiktrf/AQUA20,train,3736,val,4,fish,hf_train_003736
taufiktrf/AQUA20,train,3741,val,4,fish,hf_train_003741
taufiktrf/AQUA20,train,3743,val,4,fish,hf_train_003743
taufiktrf/AQUA20,train,3746,val,4,fish,hf_train_003746
taufiktrf/AQUA20,train,3754,val,4,fish,hf_train_003754
taufiktrf/AQUA20,train,3755,val,4,fish,hf_train_003755
taufiktrf/AQUA20,train,3757,val,4,fish,hf_train_003757
taufiktrf/AQUA20,train,3760,val,4,fish,hf_train_003760
taufiktrf/AQUA20,train,3763,val,4,fish,hf_train_003763
taufiktrf/AQUA20,train,3772,val,4,fish,hf_train_003772
taufiktrf/AQUA20,train,3776,val,4,fish,hf_train_003776
taufiktrf/AQUA20,train,3779,val,4,fish,hf_train_003779
taufiktrf/AQUA20,train,3785,val,4,fish,hf_train_003785
taufiktrf/AQUA20,train,3788,val,4,fish,hf_train_003788
taufiktrf/AQUA20,train,3793,val,4,fish,hf_train_003793
taufiktrf/AQUA20,train,3798,val,4,fish,hf_train_003798
taufiktrf/AQUA20,train,3803,val,4,fish,hf_train_003803
taufiktrf/AQUA20,train,3805,val,4,fish,hf_train_003805
taufiktrf/AQUA20,train,3809,val,4,fish,hf_train_003809
taufiktrf/AQUA20,train,3815,val,4,fish,hf_train_003815
taufiktrf/AQUA20,train,3819,val,4,fish,hf_train_003819
taufiktrf/AQUA20,train,3822,val,4,fish,hf_train_003822
taufiktrf/AQUA20,train,3824,val,4,fish,hf_train_003824
taufiktrf/AQUA20,train,3829,val,4,fish,hf_train_003829
taufiktrf/AQUA20,train,3836,val,4,fish,hf_train_003836
taufiktrf/AQUA20,train,3848,val,4,fish,hf_train_003848
taufiktrf/AQUA20,train,3849,val,4,fish,hf_train_003849
taufiktrf/AQUA20,train,3856,val,4,fish,hf_train_003856
taufiktrf/AQUA20,train,3862,val,4,fish,hf_train_003862
taufiktrf/AQUA20,train,3871,val,4,fish,hf_train_003871
taufiktrf/AQUA20,train,3884,val,4,fish,hf_train_003884
taufiktrf/AQUA20,train,3885,val,4,fish,hf_train_003885
taufiktrf/AQUA20,train,3887,val,4,fish,hf_train_003887
taufiktrf/AQUA20,train,3888,val,4,fish,hf_train_003888
taufiktrf/AQUA20,train,3891,val,4,fish,hf_train_003891
taufiktrf/AQUA20,train,3911,val,4,fish,hf_train_003911
taufiktrf/AQUA20,train,3917,val,4,fish,hf_train_003917
taufiktrf/AQUA20,train,3918,val,4,fish,hf_train_003918
taufiktrf/AQUA20,train,3921,val,4,fish,hf_train_003921
taufiktrf/AQUA20,train,3929,val,4,fish,hf_train_003929
taufiktrf/AQUA20,train,3935,val,4,fish,hf_train_003935
taufiktrf/AQUA20,train,3940,val,4,fish,hf_train_003940
taufiktrf/AQUA20,train,3952,val,4,fish,hf_train_003952
taufiktrf/AQUA20,train,3956,val,4,fish,hf_train_003956
taufiktrf/AQUA20,train,3959,val,4,fish,hf_train_003959
taufiktrf/AQUA20,train,3963,val,4,fish,hf_train_003963
taufiktrf/AQUA20,train,3964,val,4,fish,hf_train_003964
taufiktrf/AQUA20,train,3969,val,4,fish,hf_train_003969
taufiktrf/AQUA20,train,3974,val,4,fish,hf_train_003974
taufiktrf/AQUA20,train,3985,val,4,fish,hf_train_003985
taufiktrf/AQUA20,train,3986,val,4,fish,hf_train_003986
taufiktrf/AQUA20,train,3991,val,4,fish,hf_train_003991
taufiktrf/AQUA20,train,3992,val,4,fish,hf_train_003992
taufiktrf/AQUA20,train,3993,val,4,fish,hf_train_003993
taufiktrf/AQUA20,train,3997,val,4,fish,hf_train_003997
taufiktrf/AQUA20,train,4001,val,4,fish,hf_train_004001
taufiktrf/AQUA20,train,4003,val,4,fish,hf_train_004003
taufiktrf/AQUA20,train,4005,val,4,fish,hf_train_004005
taufiktrf/AQUA20,train,4006,val,4,fish,hf_train_004006
taufiktrf/AQUA20,train,4008,val,4,fish,hf_train_004008
taufiktrf/AQUA20,train,4018,val,5,fishInGroups,hf_train_004018
taufiktrf/AQUA20,train,4019,val,5,fishInGroups,hf_train_004019
taufiktrf/AQUA20,train,4039,val,5,fishInGroups,hf_train_004039
taufiktrf/AQUA20,train,4040,val,5,fishInGroups,hf_train_004040
taufiktrf/AQUA20,train,4045,val,5,fishInGroups,hf_train_004045
taufiktrf/AQUA20,train,4053,val,5,fishInGroups,hf_train_004053
taufiktrf/AQUA20,train,4055,val,5,fishInGroups,hf_train_004055
taufiktrf/AQUA20,train,4062,val,5,fishInGroups,hf_train_004062
taufiktrf/AQUA20,train,4065,val,5,fishInGroups,hf_train_004065
taufiktrf/AQUA20,train,4069,val,5,fishInGroups,hf_train_004069
taufiktrf/AQUA20,train,4072,val,5,fishInGroups,hf_train_004072
taufiktrf/AQUA20,train,4073,val,5,fishInGroups,hf_train_004073
taufiktrf/AQUA20,train,4076,val,5,fishInGroups,hf_train_004076
taufiktrf/AQUA20,train,4084,val,5,fishInGroups,hf_train_004084
taufiktrf/AQUA20,train,4085,val,5,fishInGroups,hf_train_004085
taufiktrf/AQUA20,train,4091,val,5,fishInGroups,hf_train_004091
taufiktrf/AQUA20,train,4100,val,5,fishInGroups,hf_train_004100
taufiktrf/AQUA20,train,4101,val,5,fishInGroups,hf_train_004101
taufiktrf/AQUA20,train,4102,val,5,fishInGroups,hf_train_004102
taufiktrf/AQUA20,train,4116,val,5,fishInGroups,hf_train_004116
taufiktrf/AQUA20,train,4118,val,5,fishInGroups,hf_train_004118
taufiktrf/AQUA20,train,4127,val,5,fishInGroups,hf_train_004127
taufiktrf/AQUA20,train,4131,val,5,fishInGroups,hf_train_004131
taufiktrf/AQUA20,train,4143,val,5,fishInGroups,hf_train_004143
taufiktrf/AQUA20,train,4150,val,5,fishInGroups,hf_train_004150
taufiktrf/AQUA20,train,4153,val,5,fishInGroups,hf_train_004153
taufiktrf/AQUA20,train,4156,val,5,fishInGroups,hf_train_004156
taufiktrf/AQUA20,train,4170,val,5,fishInGroups,hf_train_004170
taufiktrf/AQUA20,train,4179,val,5,fishInGroups,hf_train_004179
taufiktrf/AQUA20,train,4181,val,5,fishInGroups,hf_train_004181
taufiktrf/AQUA20,train,4183,val,5,fishInGroups,hf_train_004183
taufiktrf/AQUA20,train,4184,val,5,fishInGroups,hf_train_004184
taufiktrf/AQUA20,train,4194,val,5,fishInGroups,hf_train_004194
taufiktrf/AQUA20,train,4196,val,5,fishInGroups,hf_train_004196
taufiktrf/AQUA20,train,4200,val,5,fishInGroups,hf_train_004200
taufiktrf/AQUA20,train,4203,val,5,fishInGroups,hf_train_004203
taufiktrf/AQUA20,train,4204,val,5,fishInGroups,hf_train_004204
taufiktrf/AQUA20,train,4205,val,5,fishInGroups,hf_train_004205
taufiktrf/AQUA20,train,4210,val,5,fishInGroups,hf_train_004210
taufiktrf/AQUA20,train,4211,val,5,fishInGroups,hf_train_004211
taufiktrf/AQUA20,train,4212,val,5,fishInGroups,hf_train_004212
taufiktrf/AQUA20,train,4221,val,5,fishInGroups,hf_train_004221
taufiktrf/AQUA20,train,4227,val,5,fishInGroups,hf_train_004227
taufiktrf/AQUA20,train,4235,val,5,fishInGroups,hf_train_004235
taufiktrf/AQUA20,train,4256,val,5,fishInGroups,hf_train_004256
taufiktrf/AQUA20,train,4263,val,5,fishInGroups,hf_train_004263
taufiktrf/AQUA20,train,4264,val,5,fishInGroups,hf_train_004264
taufiktrf/AQUA20,train,4268,val,5,fishInGroups,hf_train_004268
taufiktrf/AQUA20,train,4269,val,5,fishInGroups,hf_train_004269
taufiktrf/AQUA20,train,4273,val,5,fishInGroups,hf_train_004273
taufiktrf/AQUA20,train,4279,val,5,fishInGroups,hf_train_004279
taufiktrf/AQUA20,train,4282,val,5,fishInGroups,hf_train_004282
taufiktrf/AQUA20,train,4283,val,5,fishInGroups,hf_train_004283
taufiktrf/AQUA20,train,4286,val,5,fishInGroups,hf_train_004286
taufiktrf/AQUA20,train,4288,val,6,flatworm,hf_train_004288
taufiktrf/AQUA20,train,4308,val,6,flatworm,hf_train_004308
taufiktrf/AQUA20,train,4309,val,6,flatworm,hf_train_004309
taufiktrf/AQUA20,train,4312,val,6,flatworm,hf_train_004312
taufiktrf/AQUA20,train,4315,val,6,flatworm,hf_train_004315
taufiktrf/AQUA20,train,4317,val,6,flatworm,hf_train_004317
taufiktrf/AQUA20,train,4321,val,6,flatworm,hf_train_004321
taufiktrf/AQUA20,train,4323,val,6,flatworm,hf_train_004323
taufiktrf/AQUA20,train,4335,val,6,flatworm,hf_train_004335
taufiktrf/AQUA20,train,4337,val,6,flatworm,hf_train_004337
taufiktrf/AQUA20,train,4353,val,7,jellyfish,hf_train_004353
taufiktrf/AQUA20,train,4360,val,7,jellyfish,hf_train_004360
taufiktrf/AQUA20,train,4370,val,7,jellyfish,hf_train_004370
taufiktrf/AQUA20,train,4371,val,7,jellyfish,hf_train_004371
taufiktrf/AQUA20,train,4376,val,7,jellyfish,hf_train_004376
taufiktrf/AQUA20,train,4377,val,7,jellyfish,hf_train_004377
taufiktrf/AQUA20,train,4380,val,7,jellyfish,hf_train_004380
taufiktrf/AQUA20,train,4384,val,7,jellyfish,hf_train_004384
taufiktrf/AQUA20,train,4385,val,7,jellyfish,hf_train_004385
taufiktrf/AQUA20,train,4387,val,7,jellyfish,hf_train_004387
taufiktrf/AQUA20,train,4389,val,7,jellyfish,hf_train_004389
taufiktrf/AQUA20,train,4395,val,7,jellyfish,hf_train_004395
taufiktrf/AQUA20,train,4398,val,7,jellyfish,hf_train_004398
taufiktrf/AQUA20,train,4399,val,7,jellyfish,hf_train_004399
taufiktrf/AQUA20,train,4400,val,7,jellyfish,hf_train_004400
taufiktrf/AQUA20,train,4404,val,7,jellyfish,hf_train_004404
taufiktrf/AQUA20,train,4406,val,7,jellyfish,hf_train_004406
taufiktrf/AQUA20,train,4412,val,7,jellyfish,hf_train_004412
taufiktrf/AQUA20,train,4424,val,7,jellyfish,hf_train_004424
taufiktrf/AQUA20,train,4439,val,8,marine_dolphin,hf_train_004439
taufiktrf/AQUA20,train,4447,val,8,marine_dolphin,hf_train_004447
taufiktrf/AQUA20,train,4448,val,8,marine_dolphin,hf_train_004448
taufiktrf/AQUA20,train,4454,val,8,marine_dolphin,hf_train_004454
taufiktrf/AQUA20,train,4457,val,9,octopus,hf_train_004457
taufiktrf/AQUA20,train,4459,val,9,octopus,hf_train_004459
taufiktrf/AQUA20,train,4461,val,9,octopus,hf_train_004461
taufiktrf/AQUA20,train,4463,val,9,octopus,hf_train_004463
taufiktrf/AQUA20,train,4481,val,10,rayfish,hf_train_004481
taufiktrf/AQUA20,train,4485,val,10,rayfish,hf_train_004485
taufiktrf/AQUA20,train,4491,val,10,rayfish,hf_train_004491
taufiktrf/AQUA20,train,4492,val,10,rayfish,hf_train_004492
taufiktrf/AQUA20,train,4493,val,10,rayfish,hf_train_004493
taufiktrf/AQUA20,train,4499,val,10,rayfish,hf_train_004499
taufiktrf/AQUA20,train,4502,val,10,rayfish,hf_train_004502
taufiktrf/AQUA20,train,4503,val,10,rayfish,hf_train_004503
taufiktrf/AQUA20,train,4519,val,10,rayfish,hf_train_004519
taufiktrf/AQUA20,train,4521,val,10,rayfish,hf_train_004521
taufiktrf/AQUA20,train,4522,val,10,rayfish,hf_train_004522
taufiktrf/AQUA20,train,4536,val,10,rayfish,hf_train_004536
taufiktrf/AQUA20,train,4545,val,10,rayfish,hf_train_004545
taufiktrf/AQUA20,train,4546,val,10,rayfish,hf_train_004546
taufiktrf/AQUA20,train,4559,val,10,rayfish,hf_train_004559
taufiktrf/AQUA20,train,4567,val,10,rayfish,hf_train_004567
taufiktrf/AQUA20,train,4568,val,10,rayfish,hf_train_004568
taufiktrf/AQUA20,train,4577,val,10,rayfish,hf_train_004577
taufiktrf/AQUA20,train,4578,val,10,rayfish,hf_train_004578
taufiktrf/AQUA20,train,4582,val,10,rayfish,hf_train_004582
taufiktrf/AQUA20,train,4586,val,10,rayfish,hf_train_004586
taufiktrf/AQUA20,train,4589,val,10,rayfish,hf_train_004589
taufiktrf/AQUA20,train,4591,val,10,rayfish,hf_train_004591
taufiktrf/AQUA20,train,4592,val,10,rayfish,hf_train_004592
taufiktrf/AQUA20,train,4596,val,10,rayfish,hf_train_004596
taufiktrf/AQUA20,train,4600,val,10,rayfish,hf_train_004600
taufiktrf/AQUA20,train,4601,val,10,rayfish,hf_train_004601
taufiktrf/AQUA20,train,4602,val,10,rayfish,hf_train_004602
taufiktrf/AQUA20,train,4608,val,10,rayfish,hf_train_004608
taufiktrf/AQUA20,train,4611,val,10,rayfish,hf_train_004611
taufiktrf/AQUA20,train,4612,val,10,rayfish,hf_train_004612
taufiktrf/AQUA20,train,4615,val,10,rayfish,hf_train_004615
taufiktrf/AQUA20,train,4618,val,10,rayfish,hf_train_004618
taufiktrf/AQUA20,train,4621,val,10,rayfish,hf_train_004621
taufiktrf/AQUA20,train,4624,val,10,rayfish,hf_train_004624
taufiktrf/AQUA20,train,4626,val,10,rayfish,hf_train_004626
taufiktrf/AQUA20,train,4636,val,10,rayfish,hf_train_004636
taufiktrf/AQUA20,train,4641,val,10,rayfish,hf_train_004641
taufiktrf/AQUA20,train,4645,val,10,rayfish,hf_train_004645
taufiktrf/AQUA20,train,4649,val,10,rayfish,hf_train_004649
taufiktrf/AQUA20,train,4667,val,10,rayfish,hf_train_004667
taufiktrf/AQUA20,train,4669,val,10,rayfish,hf_train_004669
taufiktrf/AQUA20,train,4675,val,10,rayfish,hf_train_004675
taufiktrf/AQUA20,train,4679,val,10,rayfish,hf_train_004679
taufiktrf/AQUA20,train,4680,val,10,rayfish,hf_train_004680
taufiktrf/AQUA20,train,4681,val,10,rayfish,hf_train_004681
taufiktrf/AQUA20,train,4683,val,10,rayfish,hf_train_004683
taufiktrf/AQUA20,train,4708,val,10,rayfish,hf_train_004708
taufiktrf/AQUA20,train,4709,val,10,rayfish,hf_train_004709
taufiktrf/AQUA20,train,4713,val,10,rayfish,hf_train_004713
taufiktrf/AQUA20,train,4715,val,10,rayfish,hf_train_004715
taufiktrf/AQUA20,train,4719,val,10,rayfish,hf_train_004719
taufiktrf/AQUA20,train,4720,val,10,rayfish,hf_train_004720
taufiktrf/AQUA20,train,4721,val,10,rayfish,hf_train_004721
taufiktrf/AQUA20,train,4725,val,10,rayfish,hf_train_004725
taufiktrf/AQUA20,train,4727,val,10,rayfish,hf_train_004727
taufiktrf/AQUA20,train,4743,val,10,rayfish,hf_train_004743
taufiktrf/AQUA20,train,4756,val,10,rayfish,hf_train_004756
taufiktrf/AQUA20,train,4763,val,10,rayfish,hf_train_004763
taufiktrf/AQUA20,train,4769,val,10,rayfish,hf_train_004769
taufiktrf/AQUA20,train,4779,val,10,rayfish,hf_train_004779
taufiktrf/AQUA20,train,4783,val,10,rayfish,hf_train_004783
taufiktrf/AQUA20,train,4788,val,10,rayfish,hf_train_004788
taufiktrf/AQUA20,train,4791,val,10,rayfish,hf_train_004791
taufiktrf/AQUA20,train,4794,val,10,rayfish,hf_train_004794
taufiktrf/AQUA20,train,4797,val,10,rayfish,hf_train_004797
taufiktrf/AQUA20,train,4799,val,10,rayfish,hf_train_004799
taufiktrf/AQUA20,train,4800,val,10,rayfish,hf_train_004800
taufiktrf/AQUA20,train,4801,val,10,rayfish,hf_train_004801
taufiktrf/AQUA20,train,4804,val,10,rayfish,hf_train_004804
taufiktrf/AQUA20,train,4805,val,10,rayfish,hf_train_004805
taufiktrf/AQUA20,train,4818,val,10,rayfish,hf_train_004818
taufiktrf/AQUA20,train,4822,val,10,rayfish,hf_train_004822
taufiktrf/AQUA20,train,4829,val,10,rayfish,hf_train_004829
taufiktrf/AQUA20,train,4845,val,10,rayfish,hf_train_004845
taufiktrf/AQUA20,train,4846,val,10,rayfish,hf_train_004846
taufiktrf/AQUA20,train,4854,val,10,rayfish,hf_train_004854
taufiktrf/AQUA20,train,4864,val,11,seaAnemone,hf_train_004864
taufiktrf/AQUA20,train,4867,val,11,seaAnemone,hf_train_004867
taufiktrf/AQUA20,train,4869,val,11,seaAnemone,hf_train_004869
taufiktrf/AQUA20,train,4874,val,11,seaAnemone,hf_train_004874
taufiktrf/AQUA20,train,4885,val,11,seaAnemone,hf_train_004885
taufiktrf/AQUA20,train,4887,val,11,seaAnemone,hf_train_004887
taufiktrf/AQUA20,train,4888,val,11,seaAnemone,hf_train_004888
taufiktrf/AQUA20,train,4892,val,11,seaAnemone,hf_train_004892
taufiktrf/AQUA20,train,4894,val,11,seaAnemone,hf_train_004894
taufiktrf/AQUA20,train,4895,val,11,seaAnemone,hf_train_004895
taufiktrf/AQUA20,train,4896,val,11,seaAnemone,hf_train_004896
taufiktrf/AQUA20,train,4901,val,11,seaAnemone,hf_train_004901
taufiktrf/AQUA20,train,4904,val,11,seaAnemone,hf_train_004904
taufiktrf/AQUA20,train,4905,val,11,seaAnemone,hf_train_004905
taufiktrf/AQUA20,train,4906,val,11,seaAnemone,hf_train_004906
taufiktrf/AQUA20,train,4909,val,11,seaAnemone,hf_train_004909
taufiktrf/AQUA20,train,4912,val,11,seaAnemone,hf_train_004912
taufiktrf/AQUA20,train,4916,val,11,seaAnemone,hf_train_004916
taufiktrf/AQUA20,train,4920,val,11,seaAnemone,hf_train_004920
taufiktrf/AQUA20,train,4921,val,11,seaAnemone,hf_train_004921
taufiktrf/AQUA20,train,4927,val,11,seaAnemone,hf_train_004927
taufiktrf/AQUA20,train,4928,val,11,seaAnemone,hf_train_004928
taufiktrf/AQUA20,train,4929,val,11,seaAnemone,hf_train_004929
taufiktrf/AQUA20,train,4938,val,11,seaAnemone,hf_train_004938
taufiktrf/AQUA20,train,4940,val,11,seaAnemone,hf_train_004940
taufiktrf/AQUA20,train,4942,val,11,seaAnemone,hf_train_004942
taufiktrf/AQUA20,train,4944,val,11,seaAnemone,hf_train_004944
taufiktrf/AQUA20,train,4945,val,11,seaAnemone,hf_train_004945
taufiktrf/AQUA20,train,4949,val,11,seaAnemone,hf_train_004949
taufiktrf/AQUA20,train,4952,val,11,seaAnemone,hf_train_004952
taufiktrf/AQUA20,train,4954,val,11,seaAnemone,hf_train_004954
taufiktrf/AQUA20,train,4957,val,11,seaAnemone,hf_train_004957
taufiktrf/AQUA20,train,4962,val,11,seaAnemone,hf_train_004962
taufiktrf/AQUA20,train,4966,val,11,seaAnemone,hf_train_004966
taufiktrf/AQUA20,train,4968,val,11,seaAnemone,hf_train_004968
taufiktrf/AQUA20,train,4976,val,11,seaAnemone,hf_train_004976
taufiktrf/AQUA20,train,4984,val,11,seaAnemone,hf_train_004984
taufiktrf/AQUA20,train,4988,val,11,seaAnemone,hf_train_004988
taufiktrf/AQUA20,train,5000,val,11,seaAnemone,hf_train_005000
taufiktrf/AQUA20,train,5001,val,11,seaAnemone,hf_train_005001
taufiktrf/AQUA20,train,5006,val,11,seaAnemone,hf_train_005006
taufiktrf/AQUA20,train,5011,val,11,seaAnemone,hf_train_005011
taufiktrf/AQUA20,train,5022,val,11,seaAnemone,hf_train_005022
taufiktrf/AQUA20,train,5035,val,11,seaAnemone,hf_train_005035
taufiktrf/AQUA20,train,5037,val,11,seaAnemone,hf_train_005037
taufiktrf/AQUA20,train,5040,val,11,seaAnemone,hf_train_005040
taufiktrf/AQUA20,train,5043,val,11,seaAnemone,hf_train_005043
taufiktrf/AQUA20,train,5044,val,11,seaAnemone,hf_train_005044
taufiktrf/AQUA20,train,5046,val,11,seaAnemone,hf_train_005046
taufiktrf/AQUA20,train,5047,val,11,seaAnemone,hf_train_005047
taufiktrf/AQUA20,train,5048,val,11,seaAnemone,hf_train_005048
taufiktrf/AQUA20,train,5057,val,11,seaAnemone,hf_train_005057
taufiktrf/AQUA20,train,5063,val,11,seaAnemone,hf_train_005063
taufiktrf/AQUA20,train,5067,val,11,seaAnemone,hf_train_005067
taufiktrf/AQUA20,train,5068,val,11,seaAnemone,hf_train_005068
taufiktrf/AQUA20,train,5071,val,11,seaAnemone,hf_train_005071
taufiktrf/AQUA20,train,5074,val,11,seaAnemone,hf_train_005074
taufiktrf/AQUA20,train,5076,val,11,seaAnemone,hf_train_005076
taufiktrf/AQUA20,train,5079,val,11,seaAnemone,hf_train_005079
taufiktrf/AQUA20,train,5080,val,11,seaAnemone,hf_train_005080
taufiktrf/AQUA20,train,5082,val,11,seaAnemone,hf_train_005082
taufiktrf/AQUA20,train,5083,val,11,seaAnemone,hf_train_005083
taufiktrf/AQUA20,train,5085,val,11,seaAnemone,hf_train_005085
taufiktrf/AQUA20,train,5090,val,11,seaAnemone,hf_train_005090
taufiktrf/AQUA20,train,5092,val,11,seaAnemone,hf_train_005092
taufiktrf/AQUA20,train,5094,val,11,seaAnemone,hf_train_005094
taufiktrf/AQUA20,train,5095,val,11,seaAnemone,hf_train_005095
taufiktrf/AQUA20,train,5103,val,11,seaAnemone,hf_train_005103
taufiktrf/AQUA20,train,5112,val,11,seaAnemone,hf_train_005112
taufiktrf/AQUA20,train,5120,val,11,seaAnemone,hf_train_005120
taufiktrf/AQUA20,train,5122,val,11,seaAnemone,hf_train_005122
taufiktrf/AQUA20,train,5124,val,11,seaAnemone,hf_train_005124
taufiktrf/AQUA20,train,5126,val,11,seaAnemone,hf_train_005126
taufiktrf/AQUA20,train,5127,val,11,seaAnemone,hf_train_005127
taufiktrf/AQUA20,train,5132,val,11,seaAnemone,hf_train_005132
taufiktrf/AQUA20,train,5152,val,11,seaAnemone,hf_train_005152
taufiktrf/AQUA20,train,5158,val,11,seaAnemone,hf_train_005158
taufiktrf/AQUA20,train,5165,val,11,seaAnemone,hf_train_005165
taufiktrf/AQUA20,train,5166,val,11,seaAnemone,hf_train_005166
taufiktrf/AQUA20,train,5183,val,11,seaAnemone,hf_train_005183
taufiktrf/AQUA20,train,5194,val,11,seaAnemone,hf_train_005194
taufiktrf/AQUA20,train,5196,val,11,seaAnemone,hf_train_005196
taufiktrf/AQUA20,train,5199,val,11,seaAnemone,hf_train_005199
taufiktrf/AQUA20,train,5201,val,11,seaAnemone,hf_train_005201
taufiktrf/AQUA20,train,5206,val,11,seaAnemone,hf_train_005206
taufiktrf/AQUA20,train,5211,val,11,seaAnemone,hf_train_005211
taufiktrf/AQUA20,train,5214,val,11,seaAnemone,hf_train_005214
taufiktrf/AQUA20,train,5216,val,11,seaAnemone,hf_train_005216
taufiktrf/AQUA20,train,5220,val,11,seaAnemone,hf_train_005220
taufiktrf/AQUA20,train,5222,val,11,seaAnemone,hf_train_005222
taufiktrf/AQUA20,train,5227,val,11,seaAnemone,hf_train_005227
taufiktrf/AQUA20,train,5231,val,11,seaAnemone,hf_train_005231
taufiktrf/AQUA20,train,5232,val,11,seaAnemone,hf_train_005232
taufiktrf/AQUA20,train,5236,val,11,seaAnemone,hf_train_005236
taufiktrf/AQUA20,train,5239,val,11,seaAnemone,hf_train_005239
taufiktrf/AQUA20,train,5246,val,11,seaAnemone,hf_train_005246
taufiktrf/AQUA20,train,5249,val,11,seaAnemone,hf_train_005249
taufiktrf/AQUA20,train,5255,val,11,seaAnemone,hf_train_005255
taufiktrf/AQUA20,train,5276,val,11,seaAnemone,hf_train_005276
taufiktrf/AQUA20,train,5278,val,11,seaAnemone,hf_train_005278
taufiktrf/AQUA20,train,5280,val,11,seaAnemone,hf_train_005280
taufiktrf/AQUA20,train,5284,val,11,seaAnemone,hf_train_005284
taufiktrf/AQUA20,train,5295,val,11,seaAnemone,hf_train_005295
taufiktrf/AQUA20,train,5300,val,11,seaAnemone,hf_train_005300
taufiktrf/AQUA20,train,5302,val,11,seaAnemone,hf_train_005302
taufiktrf/AQUA20,train,5303,val,11,seaAnemone,hf_train_005303
taufiktrf/AQUA20,train,5309,val,11,seaAnemone,hf_train_005309
taufiktrf/AQUA20,train,5321,val,11,seaAnemone,hf_train_005321
taufiktrf/AQUA20,train,5327,val,11,seaAnemone,hf_train_005327
taufiktrf/AQUA20,train,5341,val,11,seaAnemone,hf_train_005341
taufiktrf/AQUA20,train,5342,val,11,seaAnemone,hf_train_005342
taufiktrf/AQUA20,train,5344,val,11,seaAnemone,hf_train_005344
taufiktrf/AQUA20,train,5346,val,11,seaAnemone,hf_train_005346
taufiktrf/AQUA20,train,5350,val,11,seaAnemone,hf_train_005350
taufiktrf/AQUA20,train,5359,val,11,seaAnemone,hf_train_005359
taufiktrf/AQUA20,train,5367,val,11,seaAnemone,hf_train_005367
taufiktrf/AQUA20,train,5372,val,11,seaAnemone,hf_train_005372
taufiktrf/AQUA20,train,5375,val,11,seaAnemone,hf_train_005375
taufiktrf/AQUA20,train,5379,val,11,seaAnemone,hf_train_005379
taufiktrf/AQUA20,train,5381,val,11,seaAnemone,hf_train_005381
taufiktrf/AQUA20,train,5386,val,11,seaAnemone,hf_train_005386
taufiktrf/AQUA20,train,5396,val,11,seaAnemone,hf_train_005396
taufiktrf/AQUA20,train,5407,val,11,seaAnemone,hf_train_005407
taufiktrf/AQUA20,train,5420,val,11,seaAnemone,hf_train_005420
taufiktrf/AQUA20,train,5424,val,11,seaAnemone,hf_train_005424
taufiktrf/AQUA20,train,5426,val,11,seaAnemone,hf_train_005426
taufiktrf/AQUA20,train,5440,val,11,seaAnemone,hf_train_005440
taufiktrf/AQUA20,train,5443,val,11,seaAnemone,hf_train_005443
taufiktrf/AQUA20,train,5445,val,11,seaAnemone,hf_train_005445
taufiktrf/AQUA20,train,5463,val,11,seaAnemone,hf_train_005463
taufiktrf/AQUA20,train,5484,val,11,seaAnemone,hf_train_005484
taufiktrf/AQUA20,train,5487,val,11,seaAnemone,hf_train_005487
taufiktrf/AQUA20,train,5493,val,11,seaAnemone,hf_train_005493
taufiktrf/AQUA20,train,5494,val,11,seaAnemone,hf_train_005494
taufiktrf/AQUA20,train,5496,val,11,seaAnemone,hf_train_005496
taufiktrf/AQUA20,train,5498,val,11,seaAnemone,hf_train_005498
taufiktrf/AQUA20,train,5506,val,11,seaAnemone,hf_train_005506
taufiktrf/AQUA20,train,5516,val,11,seaAnemone,hf_train_005516
taufiktrf/AQUA20,train,5528,val,11,seaAnemone,hf_train_005528
taufiktrf/AQUA20,train,5535,val,11,seaAnemone,hf_train_005535
taufiktrf/AQUA20,train,5544,val,11,seaAnemone,hf_train_005544
taufiktrf/AQUA20,train,5564,val,11,seaAnemone,hf_train_005564
taufiktrf/AQUA20,train,5576,val,11,seaAnemone,hf_train_005576
taufiktrf/AQUA20,train,5577,val,11,seaAnemone,hf_train_005577
taufiktrf/AQUA20,train,5584,val,11,seaAnemone,hf_train_005584
taufiktrf/AQUA20,train,5587,val,11,seaAnemone,hf_train_005587
taufiktrf/AQUA20,train,5590,val,11,seaAnemone,hf_train_005590
taufiktrf/AQUA20,train,5591,val,11,seaAnemone,hf_train_005591
taufiktrf/AQUA20,train,5599,val,11,seaAnemone,hf_train_005599
taufiktrf/AQUA20,train,5603,val,11,seaAnemone,hf_train_005603
taufiktrf/AQUA20,train,5607,val,11,seaAnemone,hf_train_005607
taufiktrf/AQUA20,train,5619,val,11,seaAnemone,hf_train_005619
taufiktrf/AQUA20,train,5624,val,11,seaAnemone,hf_train_005624
taufiktrf/AQUA20,train,5625,val,11,seaAnemone,hf_train_005625
taufiktrf/AQUA20,train,5639,val,11,seaAnemone,hf_train_005639
taufiktrf/AQUA20,train,5641,val,11,seaAnemone,hf_train_005641
taufiktrf/AQUA20,train,5646,val,11,seaAnemone,hf_train_005646
taufiktrf/AQUA20,train,5650,val,11,seaAnemone,hf_train_005650
taufiktrf/AQUA20,train,5658,val,11,seaAnemone,hf_train_005658
taufiktrf/AQUA20,train,5661,val,11,seaAnemone,hf_train_005661
taufiktrf/AQUA20,train,5664,val,11,seaAnemone,hf_train_005664
taufiktrf/AQUA20,train,5666,val,11,seaAnemone,hf_train_005666
taufiktrf/AQUA20,train,5667,val,11,seaAnemone,hf_train_005667
taufiktrf/AQUA20,train,5671,val,11,seaAnemone,hf_train_005671
taufiktrf/AQUA20,train,5681,val,11,seaAnemone,hf_train_005681
taufiktrf/AQUA20,train,5683,val,11,seaAnemone,hf_train_005683
taufiktrf/AQUA20,train,5686,val,11,seaAnemone,hf_train_005686
taufiktrf/AQUA20,train,5706,val,11,seaAnemone,hf_train_005706
taufiktrf/AQUA20,train,5708,val,11,seaAnemone,hf_train_005708
taufiktrf/AQUA20,train,5709,val,11,seaAnemone,hf_train_005709
taufiktrf/AQUA20,train,5713,val,11,seaAnemone,hf_train_005713
taufiktrf/AQUA20,train,5714,val,11,seaAnemone,hf_train_005714
taufiktrf/AQUA20,train,5718,val,11,seaAnemone,hf_train_005718
taufiktrf/AQUA20,train,5726,val,11,seaAnemone,hf_train_005726
taufiktrf/AQUA20,train,5732,val,11,seaAnemone,hf_train_005732
taufiktrf/AQUA20,train,5734,val,11,seaAnemone,hf_train_005734
taufiktrf/AQUA20,train,5739,val,11,seaAnemone,hf_train_005739
taufiktrf/AQUA20,train,5742,val,11,seaAnemone,hf_train_005742
taufiktrf/AQUA20,train,5747,val,12,seaCucumber,hf_train_005747
taufiktrf/AQUA20,train,5750,val,12,seaCucumber,hf_train_005750
taufiktrf/AQUA20,train,5759,val,12,seaCucumber,hf_train_005759
taufiktrf/AQUA20,train,5762,val,12,seaCucumber,hf_train_005762
taufiktrf/AQUA20,train,5766,val,12,seaCucumber,hf_train_005766
taufiktrf/AQUA20,train,5771,val,12,seaCucumber,hf_train_005771
taufiktrf/AQUA20,train,5778,val,12,seaCucumber,hf_train_005778
taufiktrf/AQUA20,train,5786,val,13,seaSlug,hf_train_005786
taufiktrf/AQUA20,train,5794,val,13,seaSlug,hf_train_005794
taufiktrf/AQUA20,train,5798,val,13,seaSlug,hf_train_005798
taufiktrf/AQUA20,train,5803,val,13,seaSlug,hf_train_005803
taufiktrf/AQUA20,train,5806,val,13,seaSlug,hf_train_005806
taufiktrf/AQUA20,train,5810,val,13,seaSlug,hf_train_005810
taufiktrf/AQUA20,train,5812,val,13,seaSlug,hf_train_005812
taufiktrf/AQUA20,train,5813,val,13,seaSlug,hf_train_005813
taufiktrf/AQUA20,train,5816,val,13,seaSlug,hf_train_005816
taufiktrf/AQUA20,train,5821,val,13,seaSlug,hf_train_005821
taufiktrf/AQUA20,train,5824,val,13,seaSlug,hf_train_005824
taufiktrf/AQUA20,train,5826,val,13,seaSlug,hf_train_005826
taufiktrf/AQUA20,train,5835,val,13,seaSlug,hf_train_005835
taufiktrf/AQUA20,train,5843,val,13,seaSlug,hf_train_005843
taufiktrf/AQUA20,train,5850,val,13,seaSlug,hf_train_005850
taufiktrf/AQUA20,train,5859,val,13,seaSlug,hf_train_005859
taufiktrf/AQUA20,train,5869,val,14,seaUrchin,hf_train_005869
taufiktrf/AQUA20,train,5871,val,14,seaUrchin,hf_train_005871
taufiktrf/AQUA20,train,5872,val,14,seaUrchin,hf_train_005872
taufiktrf/AQUA20,train,5880,val,14,seaUrchin,hf_train_005880
taufiktrf/AQUA20,train,5883,val,14,seaUrchin,hf_train_005883
taufiktrf/AQUA20,train,5886,val,14,seaUrchin,hf_train_005886
taufiktrf/AQUA20,train,5887,val,14,seaUrchin,hf_train_005887
taufiktrf/AQUA20,train,5888,val,14,seaUrchin,hf_train_005888
taufiktrf/AQUA20,train,5898,val,14,seaUrchin,hf_train_005898
taufiktrf/AQUA20,train,5899,val,14,seaUrchin,hf_train_005899
taufiktrf/AQUA20,train,5902,val,14,seaUrchin,hf_train_005902
taufiktrf/AQUA20,train,5903,val,14,seaUrchin,hf_train_005903
taufiktrf/AQUA20,train,5911,val,14,seaUrchin,hf_train_005911
taufiktrf/AQUA20,train,5915,val,14,seaUrchin,hf_train_005915
taufiktrf/AQUA20,train,5916,val,14,seaUrchin,hf_train_005916
taufiktrf/AQUA20,train,5937,val,14,seaUrchin,hf_train_005937
taufiktrf/AQUA20,train,5938,val,14,seaUrchin,hf_train_005938
taufiktrf/AQUA20,train,5939,val,14,seaUrchin,hf_train_005939
taufiktrf/AQUA20,train,5943,val,14,seaUrchin,hf_train_005943
taufiktrf/AQUA20,train,5955,val,14,seaUrchin,hf_train_005955
taufiktrf/AQUA20,train,5958,val,14,seaUrchin,hf_train_005958
taufiktrf/AQUA20,train,5972,val,14,seaUrchin,hf_train_005972
taufiktrf/AQUA20,train,5974,val,14,seaUrchin,hf_train_005974
taufiktrf/AQUA20,train,5976,val,15,shark,hf_train_005976
taufiktrf/AQUA20,train,5979,val,15,shark,hf_train_005979
taufiktrf/AQUA20,train,5982,val,15,shark,hf_train_005982
taufiktrf/AQUA20,train,5992,val,15,shark,hf_train_005992
taufiktrf/AQUA20,train,6001,val,15,shark,hf_train_006001
taufiktrf/AQUA20,train,6005,val,15,shark,hf_train_006005
taufiktrf/AQUA20,train,6009,val,15,shark,hf_train_006009
taufiktrf/AQUA20,train,6018,val,15,shark,hf_train_006018
taufiktrf/AQUA20,train,6025,val,15,shark,hf_train_006025
taufiktrf/AQUA20,train,6028,val,15,shark,hf_train_006028
taufiktrf/AQUA20,train,6029,val,15,shark,hf_train_006029
taufiktrf/AQUA20,train,6035,val,15,shark,hf_train_006035
taufiktrf/AQUA20,train,6041,val,15,shark,hf_train_006041
taufiktrf/AQUA20,train,6043,val,15,shark,hf_train_006043
taufiktrf/AQUA20,train,6047,val,16,shrimp,hf_train_006047
taufiktrf/AQUA20,train,6057,val,16,shrimp,hf_train_006057
taufiktrf/AQUA20,train,6058,val,16,shrimp,hf_train_006058
taufiktrf/AQUA20,train,6067,val,16,shrimp,hf_train_006067
taufiktrf/AQUA20,train,6072,val,17,squid,hf_train_006072
taufiktrf/AQUA20,train,6079,val,17,squid,hf_train_006079
taufiktrf/AQUA20,train,6085,val,17,squid,hf_train_006085
taufiktrf/AQUA20,train,6086,val,17,squid,hf_train_006086
taufiktrf/AQUA20,train,6091,val,17,squid,hf_train_006091
taufiktrf/AQUA20,train,6098,val,18,starfish,hf_train_006098
taufiktrf/AQUA20,train,6100,val,18,starfish,hf_train_006100
taufiktrf/AQUA20,train,6101,val,18,starfish,hf_train_006101
taufiktrf/AQUA20,train,6102,val,18,starfish,hf_train_006102
taufiktrf/AQUA20,train,6107,val,18,starfish,hf_train_006107
taufiktrf/AQUA20,train,6121,val,18,starfish,hf_train_006121
taufiktrf/AQUA20,train,6127,val,18,starfish,hf_train_006127
taufiktrf/AQUA20,train,6130,val,18,starfish,hf_train_006130
taufiktrf/AQUA20,train,6131,val,18,starfish,hf_train_006131
taufiktrf/AQUA20,train,6134,val,18,starfish,hf_train_006134
taufiktrf/AQUA20,train,6137,val,18,starfish,hf_train_006137
taufiktrf/AQUA20,train,6145,val,18,starfish,hf_train_006145
taufiktrf/AQUA20,train,6159,val,18,starfish,hf_train_006159
taufiktrf/AQUA20,train,6166,val,18,starfish,hf_train_006166
taufiktrf/AQUA20,train,6169,val,18,starfish,hf_train_006169
taufiktrf/AQUA20,train,6175,val,18,starfish,hf_train_006175
taufiktrf/AQUA20,train,6176,val,18,starfish,hf_train_006176
taufiktrf/AQUA20,train,6177,val,18,starfish,hf_train_006177
taufiktrf/AQUA20,train,6179,val,18,starfish,hf_train_006179
taufiktrf/AQUA20,train,6184,val,18,starfish,hf_train_006184
taufiktrf/AQUA20,train,6185,val,18,starfish,hf_train_006185
taufiktrf/AQUA20,train,6203,val,18,starfish,hf_train_006203
taufiktrf/AQUA20,train,6214,val,18,starfish,hf_train_006214
taufiktrf/AQUA20,train,6215,val,18,starfish,hf_train_006215
taufiktrf/AQUA20,train,6223,val,18,starfish,hf_train_006223
taufiktrf/AQUA20,train,6224,val,18,starfish,hf_train_006224
taufiktrf/AQUA20,train,6228,val,18,starfish,hf_train_006228
taufiktrf/AQUA20,train,6232,val,18,starfish,hf_train_006232
taufiktrf/AQUA20,train,6242,val,18,starfish,hf_train_006242
taufiktrf/AQUA20,train,6247,val,18,starfish,hf_train_006247
taufiktrf/AQUA20,train,6249,val,18,starfish,hf_train_006249
taufiktrf/AQUA20,train,6251,val,18,starfish,hf_train_006251
taufiktrf/AQUA20,train,6252,val,18,starfish,hf_train_006252
taufiktrf/AQUA20,train,6259,val,19,turtle,hf_train_006259
taufiktrf/AQUA20,train,6277,val,19,turtle,hf_train_006277
taufiktrf/AQUA20,train,6279,val,19,turtle,hf_train_006279
taufiktrf/AQUA20,train,6283,val,19,turtle,hf_train_006283
taufiktrf/AQUA20,train,6286,val,19,turtle,hf_train_006286
taufiktrf/AQUA20,train,6293,val,19,turtle,hf_train_006293
taufiktrf/AQUA20,train,6296,val,19,turtle,hf_train_006296
taufiktrf/AQUA20,train,6308,val,19,turtle,hf_train_006308
taufiktrf/AQUA20,train,6316,val,19,turtle,hf_train_006316
taufiktrf/AQUA20,train,6322,val,19,turtle,hf_train_006322
taufiktrf/AQUA20,train,6323,val,19,turtle,hf_train_006323
taufiktrf/AQUA20,train,6333,val,19,turtle,hf_train_006333
taufiktrf/AQUA20,train,6335,val,19,turtle,hf_train_006335
taufiktrf/AQUA20,train,6346,val,19,turtle,hf_train_006346
taufiktrf/AQUA20,train,6347,val,19,turtle,hf_train_006347
taufiktrf/AQUA20,train,6348,val,19,turtle,hf_train_006348
taufiktrf/AQUA20,train,6350,val,19,turtle,hf_train_006350
taufiktrf/AQUA20,train,6359,val,19,turtle,hf_train_006359
taufiktrf/AQUA20,train,6361,val,19,turtle,hf_train_006361
taufiktrf/AQUA20,train,6367,val,19,turtle,hf_train_006367
taufiktrf/AQUA20,train,6370,val,19,turtle,hf_train_006370
taufiktrf/AQUA20,train,6373,val,19,turtle,hf_train_006373
taufiktrf/AQUA20,train,6374,val,19,turtle,hf_train_006374
taufiktrf/AQUA20,train,6375,val,19,turtle,hf_train_006375
taufiktrf/AQUA20,train,6383,val,19,turtle,hf_train_006383
taufiktrf/AQUA20,train,6384,val,19,turtle,hf_train_006384
taufiktrf/AQUA20,train,6392,val,19,turtle,hf_train_006392
taufiktrf/AQUA20,train,6393,val,19,turtle,hf_train_006393
taufiktrf/AQUA20,train,6395,val,19,turtle,hf_train_006395
taufiktrf/AQUA20,train,6400,val,19,turtle,hf_train_006400
taufiktrf/AQUA20,train,6402,val,19,turtle,hf_train_006402
taufiktrf/AQUA20,train,6404,val,19,turtle,hf_train_006404
taufiktrf/AQUA20,train,6406,val,19,turtle,hf_train_006406
taufiktrf/AQUA20,train,6409,val,19,turtle,hf_train_006409
taufiktrf/AQUA20,train,6410,val,19,turtle,hf_train_006410
taufiktrf/AQUA20,train,6411,val,19,turtle,hf_train_006411
taufiktrf/AQUA20,train,6416,val,19,turtle,hf_train_006416
taufiktrf/AQUA20,train,6426,val,19,turtle,hf_train_006426
taufiktrf/AQUA20,train,6428,val,19,turtle,hf_train_006428
taufiktrf/AQUA20,train,6431,val,19,turtle,hf_train_006431
taufiktrf/AQUA20,train,6435,val,19,turtle,hf_train_006435
taufiktrf/AQUA20,train,6448,val,19,turtle,hf_train_006448
taufiktrf/AQUA20,train,6483,val,19,turtle,hf_train_006483
taufiktrf/AQUA20,train,6484,val,19,turtle,hf_train_006484
taufiktrf/AQUA20,train,6486,val,19,turtle,hf_train_006486
taufiktrf/AQUA20,train,6493,val,19,turtle,hf_train_006493
taufiktrf/AQUA20,train,6495,val,19,turtle,hf_train_006495
taufiktrf/AQUA20,train,6499,val,19,turtle,hf_train_006499
taufiktrf/AQUA20,train,6503,val,19,turtle,hf_train_006503
taufiktrf/AQUA20,train,6504,val,19,turtle,hf_train_006504
taufiktrf/AQUA20,train,6507,val,19,turtle,hf_train_006507
taufiktrf/AQUA20,train,6517,val,19,turtle,hf_train_006517
taufiktrf/AQUA20,train,6535,val,19,turtle,hf_train_006535
taufiktrf/AQUA20,train,6543,val,19,turtle,hf_train_006543
taufiktrf/AQUA20,train,6547,val,19,turtle,hf_train_006547
taufiktrf/AQUA20,train,6548,val,19,turtle,hf_train_006548
taufiktrf/AQUA20,train,6550,val,19,turtle,hf_train_006550
taufiktrf/AQUA20,train,6551,val,19,turtle,hf_train_006551
taufiktrf/AQUA20,train,6552,val,19,turtle,hf_train_006552
taufiktrf/AQUA20,train,6557,val,19,turtle,hf_train_006557
taufiktrf/AQUA20,test,0,test,0,coral,hf_test_000000
taufiktrf/AQUA20,test,1,test,0,coral,hf_test_000001
taufiktrf/AQUA20,test,2,test,0,coral,hf_test_000002
taufiktrf/AQUA20,test,3,test,0,coral,hf_test_000003
taufiktrf/AQUA20,test,4,test,0,coral,hf_test_000004
taufiktrf/AQUA20,test,5,test,0,coral,hf_test_000005
taufiktrf/AQUA20,test,6,test,0,coral,hf_test_000006
taufiktrf/AQUA20,test,7,test,0,coral,hf_test_000007
taufiktrf/AQUA20,test,8,test,0,coral,hf_test_000008
taufiktrf/AQUA20,test,9,test,0,coral,hf_test_000009
taufiktrf/AQUA20,test,10,test,0,coral,hf_test_000010
taufiktrf/AQUA20,test,11,test,0,coral,hf_test_000011
taufiktrf/AQUA20,test,12,test,0,coral,hf_test_000012
taufiktrf/AQUA20,test,13,test,0,coral,hf_test_000013
taufiktrf/AQUA20,test,14,test,0,coral,hf_test_000014
taufiktrf/AQUA20,test,15,test,0,coral,hf_test_000015
taufiktrf/AQUA20,test,16,test,0,coral,hf_test_000016
taufiktrf/AQUA20,test,17,test,0,coral,hf_test_000017
taufiktrf/AQUA20,test,18,test,0,coral,hf_test_000018
taufiktrf/AQUA20,test,19,test,0,coral,hf_test_000019
taufiktrf/AQUA20,test,20,test,0,coral,hf_test_000020
taufiktrf/AQUA20,test,21,test,0,coral,hf_test_000021
taufiktrf/AQUA20,test,22,test,0,coral,hf_test_000022
taufiktrf/AQUA20,test,23,test,0,coral,hf_test_000023
taufiktrf/AQUA20,test,24,test,0,coral,hf_test_000024
taufiktrf/AQUA20,test,25,test,0,coral,hf_test_000025
taufiktrf/AQUA20,test,26,test,0,coral,hf_test_000026
taufiktrf/AQUA20,test,27,test,0,coral,hf_test_000027
taufiktrf/AQUA20,test,28,test,0,coral,hf_test_000028
taufiktrf/AQUA20,test,29,test,0,coral,hf_test_000029
taufiktrf/AQUA20,test,30,test,0,coral,hf_test_000030
taufiktrf/AQUA20,test,31,test,0,coral,hf_test_000031
taufiktrf/AQUA20,test,32,test,0,coral,hf_test_000032
taufiktrf/AQUA20,test,33,test,0,coral,hf_test_000033
taufiktrf/AQUA20,test,34,test,0,coral,hf_test_000034
taufiktrf/AQUA20,test,35,test,0,coral,hf_test_000035
taufiktrf/AQUA20,test,36,test,0,coral,hf_test_000036
taufiktrf/AQUA20,test,37,test,0,coral,hf_test_000037
taufiktrf/AQUA20,test,38,test,0,coral,hf_test_000038
taufiktrf/AQUA20,test,39,test,0,coral,hf_test_000039
taufiktrf/AQUA20,test,40,test,0,coral,hf_test_000040
taufiktrf/AQUA20,test,41,test,0,coral,hf_test_000041
taufiktrf/AQUA20,test,42,test,0,coral,hf_test_000042
taufiktrf/AQUA20,test,43,test,0,coral,hf_test_000043
taufiktrf/AQUA20,test,44,test,0,coral,hf_test_000044
taufiktrf/AQUA20,test,45,test,0,coral,hf_test_000045
taufiktrf/AQUA20,test,46,test,0,coral,hf_test_000046
taufiktrf/AQUA20,test,47,test,0,coral,hf_test_000047
taufiktrf/AQUA20,test,48,test,0,coral,hf_test_000048
taufiktrf/AQUA20,test,49,test,0,coral,hf_test_000049
taufiktrf/AQUA20,test,50,test,0,coral,hf_test_000050
taufiktrf/AQUA20,test,51,test,0,coral,hf_test_000051
taufiktrf/AQUA20,test,52,test,0,coral,hf_test_000052
taufiktrf/AQUA20,test,53,test,0,coral,hf_test_000053
taufiktrf/AQUA20,test,54,test,0,coral,hf_test_000054
taufiktrf/AQUA20,test,55,test,0,coral,hf_test_000055
taufiktrf/AQUA20,test,56,test,0,coral,hf_test_000056
taufiktrf/AQUA20,test,57,test,0,coral,hf_test_000057
taufiktrf/AQUA20,test,58,test,0,coral,hf_test_000058
taufiktrf/AQUA20,test,59,test,0,coral,hf_test_000059
taufiktrf/AQUA20,test,60,test,0,coral,hf_test_000060
taufiktrf/AQUA20,test,61,test,0,coral,hf_test_000061
taufiktrf/AQUA20,test,62,test,0,coral,hf_test_000062
taufiktrf/AQUA20,test,63,test,0,coral,hf_test_000063
taufiktrf/AQUA20,test,64,test,0,coral,hf_test_000064
taufiktrf/AQUA20,test,65,test,0,coral,hf_test_000065
taufiktrf/AQUA20,test,66,test,0,coral,hf_test_000066
taufiktrf/AQUA20,test,67,test,0,coral,hf_test_000067
taufiktrf/AQUA20,test,68,test,0,coral,hf_test_000068
taufiktrf/AQUA20,test,69,test,0,coral,hf_test_000069
taufiktrf/AQUA20,test,70,test,0,coral,hf_test_000070
taufiktrf/AQUA20,test,71,test,0,coral,hf_test_000071
taufiktrf/AQUA20,test,72,test,0,coral,hf_test_000072
taufiktrf/AQUA20,test,73,test,0,coral,hf_test_000073
taufiktrf/AQUA20,test,74,test,0,coral,hf_test_000074
taufiktrf/AQUA20,test,75,test,0,coral,hf_test_000075
taufiktrf/AQUA20,test,76,test,0,coral,hf_test_000076
taufiktrf/AQUA20,test,77,test,0,coral,hf_test_000077
taufiktrf/AQUA20,test,78,test,0,coral,hf_test_000078
taufiktrf/AQUA20,test,79,test,0,coral,hf_test_000079
taufiktrf/AQUA20,test,80,test,0,coral,hf_test_000080
taufiktrf/AQUA20,test,81,test,0,coral,hf_test_000081
taufiktrf/AQUA20,test,82,test,0,coral,hf_test_000082
taufiktrf/AQUA20,test,83,test,0,coral,hf_test_000083
taufiktrf/AQUA20,test,84,test,0,coral,hf_test_000084
taufiktrf/AQUA20,test,85,test,0,coral,hf_test_000085
taufiktrf/AQUA20,test,86,test,0,coral,hf_test_000086
taufiktrf/AQUA20,test,87,test,0,coral,hf_test_000087
taufiktrf/AQUA20,test,88,test,0,coral,hf_test_000088
taufiktrf/AQUA20,test,89,test,0,coral,hf_test_000089
taufiktrf/AQUA20,test,90,test,0,coral,hf_test_000090
taufiktrf/AQUA20,test,91,test,0,coral,hf_test_000091
taufiktrf/AQUA20,test,92,test,0,coral,hf_test_000092
taufiktrf/AQUA20,test,93,test,0,coral,hf_test_000093
taufiktrf/AQUA20,test,94,test,0,coral,hf_test_000094
taufiktrf/AQUA20,test,95,test,0,coral,hf_test_000095
taufiktrf/AQUA20,test,96,test,0,coral,hf_test_000096
taufiktrf/AQUA20,test,97,test,0,coral,hf_test_000097
taufiktrf/AQUA20,test,98,test,0,coral,hf_test_000098
taufiktrf/AQUA20,test,99,test,0,coral,hf_test_000099
taufiktrf/AQUA20,test,100,test,0,coral,hf_test_000100
taufiktrf/AQUA20,test,101,test,0,coral,hf_test_000101
taufiktrf/AQUA20,test,102,test,0,coral,hf_test_000102
taufiktrf/AQUA20,test,103,test,0,coral,hf_test_000103
taufiktrf/AQUA20,test,104,test,0,coral,hf_test_000104
taufiktrf/AQUA20,test,105,test,0,coral,hf_test_000105
taufiktrf/AQUA20,test,106,test,0,coral,hf_test_000106
taufiktrf/AQUA20,test,107,test,0,coral,hf_test_000107
taufiktrf/AQUA20,test,108,test,0,coral,hf_test_000108
taufiktrf/AQUA20,test,109,test,0,coral,hf_test_000109
taufiktrf/AQUA20,test,110,test,0,coral,hf_test_000110
taufiktrf/AQUA20,test,111,test,0,coral,hf_test_000111
taufiktrf/AQUA20,test,112,test,0,coral,hf_test_000112
taufiktrf/AQUA20,test,113,test,0,coral,hf_test_000113
taufiktrf/AQUA20,test,114,test,0,coral,hf_test_000114
taufiktrf/AQUA20,test,115,test,0,coral,hf_test_000115
taufiktrf/AQUA20,test,116,test,0,coral,hf_test_000116
taufiktrf/AQUA20,test,117,test,0,coral,hf_test_000117
taufiktrf/AQUA20,test,118,test,0,coral,hf_test_000118
taufiktrf/AQUA20,test,119,test,0,coral,hf_test_000119
taufiktrf/AQUA20,test,120,test,0,coral,hf_test_000120
taufiktrf/AQUA20,test,121,test,0,coral,hf_test_000121
taufiktrf/AQUA20,test,122,test,0,coral,hf_test_000122
taufiktrf/AQUA20,test,123,test,0,coral,hf_test_000123
taufiktrf/AQUA20,test,124,test,0,coral,hf_test_000124
taufiktrf/AQUA20,test,125,test,0,coral,hf_test_000125
taufiktrf/AQUA20,test,126,test,0,coral,hf_test_000126
taufiktrf/AQUA20,test,127,test,0,coral,hf_test_000127
taufiktrf/AQUA20,test,128,test,0,coral,hf_test_000128
taufiktrf/AQUA20,test,129,test,0,coral,hf_test_000129
taufiktrf/AQUA20,test,130,test,0,coral,hf_test_000130
taufiktrf/AQUA20,test,131,test,0,coral,hf_test_000131
taufiktrf/AQUA20,test,132,test,0,coral,hf_test_000132
taufiktrf/AQUA20,test,133,test,0,coral,hf_test_000133
taufiktrf/AQUA20,test,134,test,0,coral,hf_test_000134
taufiktrf/AQUA20,test,135,test,0,coral,hf_test_000135
taufiktrf/AQUA20,test,136,test,0,coral,hf_test_000136
taufiktrf/AQUA20,test,137,test,0,coral,hf_test_000137
taufiktrf/AQUA20,test,138,test,0,coral,hf_test_000138
taufiktrf/AQUA20,test,139,test,0,coral,hf_test_000139
taufiktrf/AQUA20,test,140,test,0,coral,hf_test_000140
taufiktrf/AQUA20,test,141,test,0,coral,hf_test_000141
taufiktrf/AQUA20,test,142,test,0,coral,hf_test_000142
taufiktrf/AQUA20,test,143,test,0,coral,hf_test_000143
taufiktrf/AQUA20,test,144,test,0,coral,hf_test_000144
taufiktrf/AQUA20,test,145,test,0,coral,hf_test_000145
taufiktrf/AQUA20,test,146,test,0,coral,hf_test_000146
taufiktrf/AQUA20,test,147,test,0,coral,hf_test_000147
taufiktrf/AQUA20,test,148,test,0,coral,hf_test_000148
taufiktrf/AQUA20,test,149,test,0,coral,hf_test_000149
taufiktrf/AQUA20,test,150,test,0,coral,hf_test_000150
taufiktrf/AQUA20,test,151,test,0,coral,hf_test_000151
taufiktrf/AQUA20,test,152,test,0,coral,hf_test_000152
taufiktrf/AQUA20,test,153,test,0,coral,hf_test_000153
taufiktrf/AQUA20,test,154,test,0,coral,hf_test_000154
taufiktrf/AQUA20,test,155,test,0,coral,hf_test_000155
taufiktrf/AQUA20,test,156,test,0,coral,hf_test_000156
taufiktrf/AQUA20,test,157,test,0,coral,hf_test_000157
taufiktrf/AQUA20,test,158,test,0,coral,hf_test_000158
taufiktrf/AQUA20,test,159,test,0,coral,hf_test_000159
taufiktrf/AQUA20,test,160,test,0,coral,hf_test_000160
taufiktrf/AQUA20,test,161,test,0,coral,hf_test_000161
taufiktrf/AQUA20,test,162,test,0,coral,hf_test_000162
taufiktrf/AQUA20,test,163,test,0,coral,hf_test_000163
taufiktrf/AQUA20,test,164,test,0,coral,hf_test_000164
taufiktrf/AQUA20,test,165,test,0,coral,hf_test_000165
taufiktrf/AQUA20,test,166,test,0,coral,hf_test_000166
taufiktrf/AQUA20,test,167,test,0,coral,hf_test_000167
taufiktrf/AQUA20,test,168,test,0,coral,hf_test_000168
taufiktrf/AQUA20,test,169,test,0,coral,hf_test_000169
taufiktrf/AQUA20,test,170,test,0,coral,hf_test_000170
taufiktrf/AQUA20,test,171,test,0,coral,hf_test_000171
taufiktrf/AQUA20,test,172,test,0,coral,hf_test_000172
taufiktrf/AQUA20,test,173,test,0,coral,hf_test_000173
taufiktrf/AQUA20,test,174,test,0,coral,hf_test_000174
taufiktrf/AQUA20,test,175,test,0,coral,hf_test_000175
taufiktrf/AQUA20,test,176,test,0,coral,hf_test_000176
taufiktrf/AQUA20,test,177,test,0,coral,hf_test_000177
taufiktrf/AQUA20,test,178,test,0,coral,hf_test_000178
taufiktrf/AQUA20,test,179,test,0,coral,hf_test_000179
taufiktrf/AQUA20,test,180,test,0,coral,hf_test_000180
taufiktrf/AQUA20,test,181,test,0,coral,hf_test_000181
taufiktrf/AQUA20,test,182,test,0,coral,hf_test_000182
taufiktrf/AQUA20,test,183,test,0,coral,hf_test_000183
taufiktrf/AQUA20,test,184,test,0,coral,hf_test_000184
taufiktrf/AQUA20,test,185,test,0,coral,hf_test_000185
taufiktrf/AQUA20,test,186,test,0,coral,hf_test_000186
taufiktrf/AQUA20,test,187,test,0,coral,hf_test_000187
taufiktrf/AQUA20,test,188,test,0,coral,hf_test_000188
taufiktrf/AQUA20,test,189,test,0,coral,hf_test_000189
taufiktrf/AQUA20,test,190,test,0,coral,hf_test_000190
taufiktrf/AQUA20,test,191,test,0,coral,hf_test_000191
taufiktrf/AQUA20,test,192,test,0,coral,hf_test_000192
taufiktrf/AQUA20,test,193,test,0,coral,hf_test_000193
taufiktrf/AQUA20,test,194,test,0,coral,hf_test_000194
taufiktrf/AQUA20,test,195,test,0,coral,hf_test_000195
taufiktrf/AQUA20,test,196,test,0,coral,hf_test_000196
taufiktrf/AQUA20,test,197,test,0,coral,hf_test_000197
taufiktrf/AQUA20,test,198,test,0,coral,hf_test_000198
taufiktrf/AQUA20,test,199,test,0,coral,hf_test_000199
taufiktrf/AQUA20,test,200,test,0,coral,hf_test_000200
taufiktrf/AQUA20,test,201,test,0,coral,hf_test_000201
taufiktrf/AQUA20,test,202,test,0,coral,hf_test_000202
taufiktrf/AQUA20,test,203,test,0,coral,hf_test_000203
taufiktrf/AQUA20,test,204,test,0,coral,hf_test_000204
taufiktrf/AQUA20,test,205,test,0,coral,hf_test_000205
taufiktrf/AQUA20,test,206,test,0,coral,hf_test_000206
taufiktrf/AQUA20,test,207,test,0,coral,hf_test_000207
taufiktrf/AQUA20,test,208,test,0,coral,hf_test_000208
taufiktrf/AQUA20,test,209,test,0,coral,hf_test_000209
taufiktrf/AQUA20,test,210,test,0,coral,hf_test_000210
taufiktrf/AQUA20,test,211,test,0,coral,hf_test_000211
taufiktrf/AQUA20,test,212,test,0,coral,hf_test_000212
taufiktrf/AQUA20,test,213,test,0,coral,hf_test_000213
taufiktrf/AQUA20,test,214,test,0,coral,hf_test_000214
taufiktrf/AQUA20,test,215,test,0,coral,hf_test_000215
taufiktrf/AQUA20,test,216,test,0,coral,hf_test_000216
taufiktrf/AQUA20,test,217,test,0,coral,hf_test_000217
taufiktrf/AQUA20,test,218,test,0,coral,hf_test_000218
taufiktrf/AQUA20,test,219,test,0,coral,hf_test_000219
taufiktrf/AQUA20,test,220,test,0,coral,hf_test_000220
taufiktrf/AQUA20,test,221,test,0,coral,hf_test_000221
taufiktrf/AQUA20,test,222,test,0,coral,hf_test_000222
taufiktrf/AQUA20,test,223,test,0,coral,hf_test_000223
taufiktrf/AQUA20,test,224,test,0,coral,hf_test_000224
taufiktrf/AQUA20,test,225,test,0,coral,hf_test_000225
taufiktrf/AQUA20,test,226,test,0,coral,hf_test_000226
taufiktrf/AQUA20,test,227,test,0,coral,hf_test_000227
taufiktrf/AQUA20,test,228,test,0,coral,hf_test_000228
taufiktrf/AQUA20,test,229,test,0,coral,hf_test_000229
taufiktrf/AQUA20,test,230,test,0,coral,hf_test_000230
taufiktrf/AQUA20,test,231,test,0,coral,hf_test_000231
taufiktrf/AQUA20,test,232,test,0,coral,hf_test_000232
taufiktrf/AQUA20,test,233,test,0,coral,hf_test_000233
taufiktrf/AQUA20,test,234,test,0,coral,hf_test_000234
taufiktrf/AQUA20,test,235,test,0,coral,hf_test_000235
taufiktrf/AQUA20,test,236,test,0,coral,hf_test_000236
taufiktrf/AQUA20,test,237,test,0,coral,hf_test_000237
taufiktrf/AQUA20,test,238,test,0,coral,hf_test_000238
taufiktrf/AQUA20,test,239,test,0,coral,hf_test_000239
taufiktrf/AQUA20,test,240,test,0,coral,hf_test_000240
taufiktrf/AQUA20,test,241,test,0,coral,hf_test_000241
taufiktrf/AQUA20,test,242,test,0,coral,hf_test_000242
taufiktrf/AQUA20,test,243,test,0,coral,hf_test_000243
taufiktrf/AQUA20,test,244,test,0,coral,hf_test_000244
taufiktrf/AQUA20,test,245,test,0,coral,hf_test_000245
taufiktrf/AQUA20,test,246,test,0,coral,hf_test_000246
taufiktrf/AQUA20,test,247,test,0,coral,hf_test_000247
taufiktrf/AQUA20,test,248,test,0,coral,hf_test_000248
taufiktrf/AQUA20,test,249,test,0,coral,hf_test_000249
taufiktrf/AQUA20,test,250,test,0,coral,hf_test_000250
taufiktrf/AQUA20,test,251,test,0,coral,hf_test_000251
taufiktrf/AQUA20,test,252,test,0,coral,hf_test_000252
taufiktrf/AQUA20,test,253,test,0,coral,hf_test_000253
taufiktrf/AQUA20,test,254,test,0,coral,hf_test_000254
taufiktrf/AQUA20,test,255,test,0,coral,hf_test_000255
taufiktrf/AQUA20,test,256,test,0,coral,hf_test_000256
taufiktrf/AQUA20,test,257,test,0,coral,hf_test_000257
taufiktrf/AQUA20,test,258,test,0,coral,hf_test_000258
taufiktrf/AQUA20,test,259,test,0,coral,hf_test_000259
taufiktrf/AQUA20,test,260,test,0,coral,hf_test_000260
taufiktrf/AQUA20,test,261,test,0,coral,hf_test_000261
taufiktrf/AQUA20,test,262,test,0,coral,hf_test_000262
taufiktrf/AQUA20,test,263,test,0,coral,hf_test_000263
taufiktrf/AQUA20,test,264,test,0,coral,hf_test_000264
taufiktrf/AQUA20,test,265,test,0,coral,hf_test_000265
taufiktrf/AQUA20,test,266,test,0,coral,hf_test_000266
taufiktrf/AQUA20,test,267,test,0,coral,hf_test_000267
taufiktrf/AQUA20,test,268,test,0,coral,hf_test_000268
taufiktrf/AQUA20,test,269,test,0,coral,hf_test_000269
taufiktrf/AQUA20,test,270,test,0,coral,hf_test_000270
taufiktrf/AQUA20,test,271,test,0,coral,hf_test_000271
taufiktrf/AQUA20,test,272,test,0,coral,hf_test_000272
taufiktrf/AQUA20,test,273,test,0,coral,hf_test_000273
taufiktrf/AQUA20,test,274,test,0,coral,hf_test_000274
taufiktrf/AQUA20,test,275,test,0,coral,hf_test_000275
taufiktrf/AQUA20,test,276,test,0,coral,hf_test_000276
taufiktrf/AQUA20,test,277,test,0,coral,hf_test_000277
taufiktrf/AQUA20,test,278,test,0,coral,hf_test_000278
taufiktrf/AQUA20,test,279,test,0,coral,hf_test_000279
taufiktrf/AQUA20,test,280,test,0,coral,hf_test_000280
taufiktrf/AQUA20,test,281,test,0,coral,hf_test_000281
taufiktrf/AQUA20,test,282,test,0,coral,hf_test_000282
taufiktrf/AQUA20,test,283,test,0,coral,hf_test_000283
taufiktrf/AQUA20,test,284,test,0,coral,hf_test_000284
taufiktrf/AQUA20,test,285,test,0,coral,hf_test_000285
taufiktrf/AQUA20,test,286,test,0,coral,hf_test_000286
taufiktrf/AQUA20,test,287,test,0,coral,hf_test_000287
taufiktrf/AQUA20,test,288,test,0,coral,hf_test_000288
taufiktrf/AQUA20,test,289,test,0,coral,hf_test_000289
taufiktrf/AQUA20,test,290,test,0,coral,hf_test_000290
taufiktrf/AQUA20,test,291,test,0,coral,hf_test_000291
taufiktrf/AQUA20,test,292,test,0,coral,hf_test_000292
taufiktrf/AQUA20,test,293,test,0,coral,hf_test_000293
taufiktrf/AQUA20,test,294,test,0,coral,hf_test_000294
taufiktrf/AQUA20,test,295,test,0,coral,hf_test_000295
taufiktrf/AQUA20,test,296,test,0,coral,hf_test_000296
taufiktrf/AQUA20,test,297,test,0,coral,hf_test_000297
taufiktrf/AQUA20,test,298,test,0,coral,hf_test_000298
taufiktrf/AQUA20,test,299,test,0,coral,hf_test_000299
taufiktrf/AQUA20,test,300,test,0,coral,hf_test_000300
taufiktrf/AQUA20,test,301,test,0,coral,hf_test_000301
taufiktrf/AQUA20,test,302,test,0,coral,hf_test_000302
taufiktrf/AQUA20,test,303,test,0,coral,hf_test_000303
taufiktrf/AQUA20,test,304,test,0,coral,hf_test_000304
taufiktrf/AQUA20,test,305,test,0,coral,hf_test_000305
taufiktrf/AQUA20,test,306,test,0,coral,hf_test_000306
taufiktrf/AQUA20,test,307,test,0,coral,hf_test_000307
taufiktrf/AQUA20,test,308,test,0,coral,hf_test_000308
taufiktrf/AQUA20,test,309,test,0,coral,hf_test_000309
taufiktrf/AQUA20,test,310,test,0,coral,hf_test_000310
taufiktrf/AQUA20,test,311,test,0,coral,hf_test_000311
taufiktrf/AQUA20,test,312,test,0,coral,hf_test_000312
taufiktrf/AQUA20,test,313,test,0,coral,hf_test_000313
taufiktrf/AQUA20,test,314,test,0,coral,hf_test_000314
taufiktrf/AQUA20,test,315,test,0,coral,hf_test_000315
taufiktrf/AQUA20,test,316,test,0,coral,hf_test_000316
taufiktrf/AQUA20,test,317,test,0,coral,hf_test_000317
taufiktrf/AQUA20,test,318,test,0,coral,hf_test_000318
taufiktrf/AQUA20,test,319,test,0,coral,hf_test_000319
taufiktrf/AQUA20,test,320,test,0,coral,hf_test_000320
taufiktrf/AQUA20,test,321,test,0,coral,hf_test_000321
taufiktrf/AQUA20,test,322,test,0,coral,hf_test_000322
taufiktrf/AQUA20,test,323,test,0,coral,hf_test_000323
taufiktrf/AQUA20,test,324,test,0,coral,hf_test_000324
taufiktrf/AQUA20,test,325,test,0,coral,hf_test_000325
taufiktrf/AQUA20,test,326,test,0,coral,hf_test_000326
taufiktrf/AQUA20,test,327,test,0,coral,hf_test_000327
taufiktrf/AQUA20,test,328,test,0,coral,hf_test_000328
taufiktrf/AQUA20,test,329,test,0,coral,hf_test_000329
taufiktrf/AQUA20,test,330,test,0,coral,hf_test_000330
taufiktrf/AQUA20,test,331,test,0,coral,hf_test_000331
taufiktrf/AQUA20,test,332,test,0,coral,hf_test_000332
taufiktrf/AQUA20,test,333,test,0,coral,hf_test_000333
taufiktrf/AQUA20,test,334,test,0,coral,hf_test_000334
taufiktrf/AQUA20,test,335,test,0,coral,hf_test_000335
taufiktrf/AQUA20,test,336,test,0,coral,hf_test_000336
taufiktrf/AQUA20,test,337,test,0,coral,hf_test_000337
taufiktrf/AQUA20,test,338,test,0,coral,hf_test_000338
taufiktrf/AQUA20,test,339,test,0,coral,hf_test_000339
taufiktrf/AQUA20,test,340,test,0,coral,hf_test_000340
taufiktrf/AQUA20,test,341,test,0,coral,hf_test_000341
taufiktrf/AQUA20,test,342,test,0,coral,hf_test_000342
taufiktrf/AQUA20,test,343,test,0,coral,hf_test_000343
taufiktrf/AQUA20,test,344,test,0,coral,hf_test_000344
taufiktrf/AQUA20,test,345,test,0,coral,hf_test_000345
taufiktrf/AQUA20,test,346,test,0,coral,hf_test_000346
taufiktrf/AQUA20,test,347,test,0,coral,hf_test_000347
taufiktrf/AQUA20,test,348,test,1,crab,hf_test_000348
taufiktrf/AQUA20,test,349,test,1,crab,hf_test_000349
taufiktrf/AQUA20,test,350,test,1,crab,hf_test_000350
taufiktrf/AQUA20,test,351,test,1,crab,hf_test_000351
taufiktrf/AQUA20,test,352,test,1,crab,hf_test_000352
taufiktrf/AQUA20,test,353,test,1,crab,hf_test_000353
taufiktrf/AQUA20,test,354,test,1,crab,hf_test_000354
taufiktrf/AQUA20,test,355,test,1,crab,hf_test_000355
taufiktrf/AQUA20,test,356,test,1,crab,hf_test_000356
taufiktrf/AQUA20,test,357,test,1,crab,hf_test_000357
taufiktrf/AQUA20,test,358,test,1,crab,hf_test_000358
taufiktrf/AQUA20,test,359,test,2,diver,hf_test_000359
taufiktrf/AQUA20,test,360,test,2,diver,hf_test_000360
taufiktrf/AQUA20,test,361,test,2,diver,hf_test_000361
taufiktrf/AQUA20,test,362,test,2,diver,hf_test_000362
taufiktrf/AQUA20,test,363,test,2,diver,hf_test_000363
taufiktrf/AQUA20,test,364,test,2,diver,hf_test_000364
taufiktrf/AQUA20,test,365,test,2,diver,hf_test_000365
taufiktrf/AQUA20,test,366,test,2,diver,hf_test_000366
taufiktrf/AQUA20,test,367,test,2,diver,hf_test_000367
taufiktrf/AQUA20,test,368,test,2,diver,hf_test_000368
taufiktrf/AQUA20,test,369,test,2,diver,hf_test_000369
taufiktrf/AQUA20,test,370,test,2,diver,hf_test_000370
taufiktrf/AQUA20,test,371,test,2,diver,hf_test_000371
taufiktrf/AQUA20,test,372,test,3,eel,hf_test_000372
taufiktrf/AQUA20,test,373,test,3,eel,hf_test_000373
taufiktrf/AQUA20,test,374,test,3,eel,hf_test_000374
taufiktrf/AQUA20,test,375,test,3,eel,hf_test_000375
taufiktrf/AQUA20,test,376,test,3,eel,hf_test_000376
taufiktrf/AQUA20,test,377,test,3,eel,hf_test_000377
taufiktrf/AQUA20,test,378,test,3,eel,hf_test_000378
taufiktrf/AQUA20,test,379,test,3,eel,hf_test_000379
taufiktrf/AQUA20,test,380,test,3,eel,hf_test_000380
taufiktrf/AQUA20,test,381,test,3,eel,hf_test_000381
taufiktrf/AQUA20,test,382,test,3,eel,hf_test_000382
taufiktrf/AQUA20,test,383,test,3,eel,hf_test_000383
taufiktrf/AQUA20,test,384,test,3,eel,hf_test_000384
taufiktrf/AQUA20,test,385,test,3,eel,hf_test_000385
taufiktrf/AQUA20,test,386,test,3,eel,hf_test_000386
taufiktrf/AQUA20,test,387,test,3,eel,hf_test_000387
taufiktrf/AQUA20,test,388,test,3,eel,hf_test_000388
taufiktrf/AQUA20,test,389,test,3,eel,hf_test_000389
taufiktrf/AQUA20,test,390,test,3,eel,hf_test_000390
taufiktrf/AQUA20,test,391,test,3,eel,hf_test_000391
taufiktrf/AQUA20,test,392,test,3,eel,hf_test_000392
taufiktrf/AQUA20,test,393,test,3,eel,hf_test_000393
taufiktrf/AQUA20,test,394,test,3,eel,hf_test_000394
taufiktrf/AQUA20,test,395,test,3,eel,hf_test_000395
taufiktrf/AQUA20,test,396,test,3,eel,hf_test_000396
taufiktrf/AQUA20,test,397,test,3,eel,hf_test_000397
taufiktrf/AQUA20,test,398,test,3,eel,hf_test_000398
taufiktrf/AQUA20,test,399,test,3,eel,hf_test_000399
taufiktrf/AQUA20,test,400,test,3,eel,hf_test_000400
taufiktrf/AQUA20,test,401,test,3,eel,hf_test_000401
taufiktrf/AQUA20,test,402,test,3,eel,hf_test_000402
taufiktrf/AQUA20,test,403,test,3,eel,hf_test_000403
taufiktrf/AQUA20,test,404,test,3,eel,hf_test_000404
taufiktrf/AQUA20,test,405,test,3,eel,hf_test_000405
taufiktrf/AQUA20,test,406,test,3,eel,hf_test_000406
taufiktrf/AQUA20,test,407,test,3,eel,hf_test_000407
taufiktrf/AQUA20,test,408,test,3,eel,hf_test_000408
taufiktrf/AQUA20,test,409,test,3,eel,hf_test_000409
taufiktrf/AQUA20,test,410,test,3,eel,hf_test_000410
taufiktrf/AQUA20,test,411,test,3,eel,hf_test_000411
taufiktrf/AQUA20,test,412,test,3,eel,hf_test_000412
taufiktrf/AQUA20,test,413,test,4,fish,hf_test_000413
taufiktrf/AQUA20,test,414,test,4,fish,hf_test_000414
taufiktrf/AQUA20,test,415,test,4,fish,hf_test_000415
taufiktrf/AQUA20,test,416,test,4,fish,hf_test_000416
taufiktrf/AQUA20,test,417,test,4,fish,hf_test_000417
taufiktrf/AQUA20,test,418,test,4,fish,hf_test_000418
taufiktrf/AQUA20,test,419,test,4,fish,hf_test_000419
taufiktrf/AQUA20,test,420,test,4,fish,hf_test_000420
taufiktrf/AQUA20,test,421,test,4,fish,hf_test_000421
taufiktrf/AQUA20,test,422,test,4,fish,hf_test_000422
taufiktrf/AQUA20,test,423,test,4,fish,hf_test_000423
taufiktrf/AQUA20,test,424,test,4,fish,hf_test_000424
taufiktrf/AQUA20,test,425,test,4,fish,hf_test_000425
taufiktrf/AQUA20,test,426,test,4,fish,hf_test_000426
taufiktrf/AQUA20,test,427,test,4,fish,hf_test_000427
taufiktrf/AQUA20,test,428,test,4,fish,hf_test_000428
taufiktrf/AQUA20,test,429,test,4,fish,hf_test_000429
taufiktrf/AQUA20,test,430,test,4,fish,hf_test_000430
taufiktrf/AQUA20,test,431,test,4,fish,hf_test_000431
taufiktrf/AQUA20,test,432,test,4,fish,hf_test_000432
taufiktrf/AQUA20,test,433,test,4,fish,hf_test_000433
taufiktrf/AQUA20,test,434,test,4,fish,hf_test_000434
taufiktrf/AQUA20,test,435,test,4,fish,hf_test_000435
taufiktrf/AQUA20,test,436,test,4,fish,hf_test_000436
taufiktrf/AQUA20,test,437,test,4,fish,hf_test_000437
taufiktrf/AQUA20,test,438,test,4,fish,hf_test_000438
taufiktrf/AQUA20,test,439,test,4,fish,hf_test_000439
taufiktrf/AQUA20,test,440,test,4,fish,hf_test_000440
taufiktrf/AQUA20,test,441,test,4,fish,hf_test_000441
taufiktrf/AQUA20,test,442,test,4,fish,hf_test_000442
taufiktrf/AQUA20,test,443,test,4,fish,hf_test_000443
taufiktrf/AQUA20,test,444,test,4,fish,hf_test_000444
taufiktrf/AQUA20,test,445,test,4,fish,hf_test_000445
taufiktrf/AQUA20,test,446,test,4,fish,hf_test_000446
taufiktrf/AQUA20,test,447,test,4,fish,hf_test_000447
taufiktrf/AQUA20,test,448,test,4,fish,hf_test_000448
taufiktrf/AQUA20,test,449,test,4,fish,hf_test_000449
taufiktrf/AQUA20,test,450,test,4,fish,hf_test_000450
taufiktrf/AQUA20,test,451,test,4,fish,hf_test_000451
taufiktrf/AQUA20,test,452,test,4,fish,hf_test_000452
taufiktrf/AQUA20,test,453,test,4,fish,hf_test_000453
taufiktrf/AQUA20,test,454,test,4,fish,hf_test_000454
taufiktrf/AQUA20,test,455,test,4,fish,hf_test_000455
taufiktrf/AQUA20,test,456,test,4,fish,hf_test_000456
taufiktrf/AQUA20,test,457,test,4,fish,hf_test_000457
taufiktrf/AQUA20,test,458,test,4,fish,hf_test_000458
taufiktrf/AQUA20,test,459,test,4,fish,hf_test_000459
taufiktrf/AQUA20,test,460,test,4,fish,hf_test_000460
taufiktrf/AQUA20,test,461,test,4,fish,hf_test_000461
taufiktrf/AQUA20,test,462,test,4,fish,hf_test_000462
taufiktrf/AQUA20,test,463,test,4,fish,hf_test_000463
taufiktrf/AQUA20,test,464,test,4,fish,hf_test_000464
taufiktrf/AQUA20,test,465,test,4,fish,hf_test_000465
taufiktrf/AQUA20,test,466,test,4,fish,hf_test_000466
taufiktrf/AQUA20,test,467,test,4,fish,hf_test_000467
taufiktrf/AQUA20,test,468,test,4,fish,hf_test_000468
taufiktrf/AQUA20,test,469,test,4,fish,hf_test_000469
taufiktrf/AQUA20,test,470,test,4,fish,hf_test_000470
taufiktrf/AQUA20,test,471,test,4,fish,hf_test_000471
taufiktrf/AQUA20,test,472,test,4,fish,hf_test_000472
taufiktrf/AQUA20,test,473,test,4,fish,hf_test_000473
taufiktrf/AQUA20,test,474,test,4,fish,hf_test_000474
taufiktrf/AQUA20,test,475,test,4,fish,hf_test_000475
taufiktrf/AQUA20,test,476,test,4,fish,hf_test_000476
taufiktrf/AQUA20,test,477,test,4,fish,hf_test_000477
taufiktrf/AQUA20,test,478,test,4,fish,hf_test_000478
taufiktrf/AQUA20,test,479,test,4,fish,hf_test_000479
taufiktrf/AQUA20,test,480,test,4,fish,hf_test_000480
taufiktrf/AQUA20,test,481,test,4,fish,hf_test_000481
taufiktrf/AQUA20,test,482,test,4,fish,hf_test_000482
taufiktrf/AQUA20,test,483,test,4,fish,hf_test_000483
taufiktrf/AQUA20,test,484,test,4,fish,hf_test_000484
taufiktrf/AQUA20,test,485,test,4,fish,hf_test_000485
taufiktrf/AQUA20,test,486,test,4,fish,hf_test_000486
taufiktrf/AQUA20,test,487,test,4,fish,hf_test_000487
taufiktrf/AQUA20,test,488,test,4,fish,hf_test_000488
taufiktrf/AQUA20,test,489,test,4,fish,hf_test_000489
taufiktrf/AQUA20,test,490,test,4,fish,hf_test_000490
taufiktrf/AQUA20,test,491,test,4,fish,hf_test_000491
taufiktrf/AQUA20,test,492,test,4,fish,hf_test_000492
taufiktrf/AQUA20,test,493,test,4,fish,hf_test_000493
taufiktrf/AQUA20,test,494,test,4,fish,hf_test_000494
taufiktrf/AQUA20,test,495,test,4,fish,hf_test_000495
taufiktrf/AQUA20,test,496,test,4,fish,hf_test_000496
taufiktrf/AQUA20,test,497,test,4,fish,hf_test_000497
taufiktrf/AQUA20,test,498,test,4,fish,hf_test_000498
taufiktrf/AQUA20,test,499,test,4,fish,hf_test_000499
taufiktrf/AQUA20,test,500,test,4,fish,hf_test_000500
taufiktrf/AQUA20,test,501,test,4,fish,hf_test_000501
taufiktrf/AQUA20,test,502,test,4,fish,hf_test_000502
taufiktrf/AQUA20,test,503,test,4,fish,hf_test_000503
taufiktrf/AQUA20,test,504,test,4,fish,hf_test_000504
taufiktrf/AQUA20,test,505,test,4,fish,hf_test_000505
taufiktrf/AQUA20,test,506,test,4,fish,hf_test_000506
taufiktrf/AQUA20,test,507,test,4,fish,hf_test_000507
taufiktrf/AQUA20,test,508,test,4,fish,hf_test_000508
taufiktrf/AQUA20,test,509,test,4,fish,hf_test_000509
taufiktrf/AQUA20,test,510,test,4,fish,hf_test_000510
taufiktrf/AQUA20,test,511,test,4,fish,hf_test_000511
taufiktrf/AQUA20,test,512,test,4,fish,hf_test_000512
taufiktrf/AQUA20,test,513,test,4,fish,hf_test_000513
taufiktrf/AQUA20,test,514,test,4,fish,hf_test_000514
taufiktrf/AQUA20,test,515,test,4,fish,hf_test_000515
taufiktrf/AQUA20,test,516,test,4,fish,hf_test_000516
taufiktrf/AQUA20,test,517,test,4,fish,hf_test_000517
taufiktrf/AQUA20,test,518,test,4,fish,hf_test_000518
taufiktrf/AQUA20,test,519,test,4,fish,hf_test_000519
taufiktrf/AQUA20,test,520,test,4,fish,hf_test_000520
taufiktrf/AQUA20,test,521,test,4,fish,hf_test_000521
taufiktrf/AQUA20,test,522,test,4,fish,hf_test_000522
taufiktrf/AQUA20,test,523,test,4,fish,hf_test_000523
taufiktrf/AQUA20,test,524,test,4,fish,hf_test_000524
taufiktrf/AQUA20,test,525,test,4,fish,hf_test_000525
taufiktrf/AQUA20,test,526,test,4,fish,hf_test_000526
taufiktrf/AQUA20,test,527,test,4,fish,hf_test_000527
taufiktrf/AQUA20,test,528,test,4,fish,hf_test_000528
taufiktrf/AQUA20,test,529,test,4,fish,hf_test_000529
taufiktrf/AQUA20,test,530,test,4,fish,hf_test_000530
taufiktrf/AQUA20,test,531,test,4,fish,hf_test_000531
taufiktrf/AQUA20,test,532,test,4,fish,hf_test_000532
taufiktrf/AQUA20,test,533,test,4,fish,hf_test_000533
taufiktrf/AQUA20,test,534,test,4,fish,hf_test_000534
taufiktrf/AQUA20,test,535,test,4,fish,hf_test_000535
taufiktrf/AQUA20,test,536,test,4,fish,hf_test_000536
taufiktrf/AQUA20,test,537,test,4,fish,hf_test_000537
taufiktrf/AQUA20,test,538,test,4,fish,hf_test_000538
taufiktrf/AQUA20,test,539,test,4,fish,hf_test_000539
taufiktrf/AQUA20,test,540,test,4,fish,hf_test_000540
taufiktrf/AQUA20,test,541,test,4,fish,hf_test_000541
taufiktrf/AQUA20,test,542,test,4,fish,hf_test_000542
taufiktrf/AQUA20,test,543,test,4,fish,hf_test_000543
taufiktrf/AQUA20,test,544,test,4,fish,hf_test_000544
taufiktrf/AQUA20,test,545,test,4,fish,hf_test_000545
taufiktrf/AQUA20,test,546,test,4,fish,hf_test_000546
taufiktrf/AQUA20,test,547,test,4,fish,hf_test_000547
taufiktrf/AQUA20,test,548,test,4,fish,hf_test_000548
taufiktrf/AQUA20,test,549,test,4,fish,hf_test_000549
taufiktrf/AQUA20,test,550,test,4,fish,hf_test_000550
taufiktrf/AQUA20,test,551,test,4,fish,hf_test_000551
taufiktrf/AQUA20,test,552,test,4,fish,hf_test_000552
taufiktrf/AQUA20,test,553,test,4,fish,hf_test_000553
taufiktrf/AQUA20,test,554,test,4,fish,hf_test_000554
taufiktrf/AQUA20,test,555,test,4,fish,hf_test_000555
taufiktrf/AQUA20,test,556,test,4,fish,hf_test_000556
taufiktrf/AQUA20,test,557,test,4,fish,hf_test_000557
taufiktrf/AQUA20,test,558,test,4,fish,hf_test_000558
taufiktrf/AQUA20,test,559,test,4,fish,hf_test_000559
taufiktrf/AQUA20,test,560,test,4,fish,hf_test_000560
taufiktrf/AQUA20,test,561,test,4,fish,hf_test_000561
taufiktrf/AQUA20,test,562,test,4,fish,hf_test_000562
taufiktrf/AQUA20,test,563,test,4,fish,hf_test_000563
taufiktrf/AQUA20,test,564,test,4,fish,hf_test_000564
taufiktrf/AQUA20,test,565,test,4,fish,hf_test_000565
taufiktrf/AQUA20,test,566,test,4,fish,hf_test_000566
taufiktrf/AQUA20,test,567,test,4,fish,hf_test_000567
taufiktrf/AQUA20,test,568,test,4,fish,hf_test_000568
taufiktrf/AQUA20,test,569,test,4,fish,hf_test_000569
taufiktrf/AQUA20,test,570,test,4,fish,hf_test_000570
taufiktrf/AQUA20,test,571,test,4,fish,hf_test_000571
taufiktrf/AQUA20,test,572,test,4,fish,hf_test_000572
taufiktrf/AQUA20,test,573,test,4,fish,hf_test_000573
taufiktrf/AQUA20,test,574,test,4,fish,hf_test_000574
taufiktrf/AQUA20,test,575,test,4,fish,hf_test_000575
taufiktrf/AQUA20,test,576,test,4,fish,hf_test_000576
taufiktrf/AQUA20,test,577,test,4,fish,hf_test_000577
taufiktrf/AQUA20,test,578,test,4,fish,hf_test_000578
taufiktrf/AQUA20,test,579,test,4,fish,hf_test_000579
taufiktrf/AQUA20,test,580,test,4,fish,hf_test_000580
taufiktrf/AQUA20,test,581,test,4,fish,hf_test_000581
taufiktrf/AQUA20,test,582,test,4,fish,hf_test_000582
taufiktrf/AQUA20,test,583,test,4,fish,hf_test_000583
taufiktrf/AQUA20,test,584,test,4,fish,hf_test_000584
taufiktrf/AQUA20,test,585,test,4,fish,hf_test_000585
taufiktrf/AQUA20,test,586,test,4,fish,hf_test_000586
taufiktrf/AQUA20,test,587,test,4,fish,hf_test_000587
taufiktrf/AQUA20,test,588,test,4,fish,hf_test_000588
taufiktrf/AQUA20,test,589,test,4,fish,hf_test_000589
taufiktrf/AQUA20,test,590,test,4,fish,hf_test_000590
taufiktrf/AQUA20,test,591,test,4,fish,hf_test_000591
taufiktrf/AQUA20,test,592,test,4,fish,hf_test_000592
taufiktrf/AQUA20,test,593,test,4,fish,hf_test_000593
taufiktrf/AQUA20,test,594,test,4,fish,hf_test_000594
taufiktrf/AQUA20,test,595,test,4,fish,hf_test_000595
taufiktrf/AQUA20,test,596,test,4,fish,hf_test_000596
taufiktrf/AQUA20,test,597,test,4,fish,hf_test_000597
taufiktrf/AQUA20,test,598,test,4,fish,hf_test_000598
taufiktrf/AQUA20,test,599,test,4,fish,hf_test_000599
taufiktrf/AQUA20,test,600,test,4,fish,hf_test_000600
taufiktrf/AQUA20,test,601,test,4,fish,hf_test_000601
taufiktrf/AQUA20,test,602,test,4,fish,hf_test_000602
taufiktrf/AQUA20,test,603,test,4,fish,hf_test_000603
taufiktrf/AQUA20,test,604,test,4,fish,hf_test_000604
taufiktrf/AQUA20,test,605,test,4,fish,hf_test_000605
taufiktrf/AQUA20,test,606,test,4,fish,hf_test_000606
taufiktrf/AQUA20,test,607,test,4,fish,hf_test_000607
taufiktrf/AQUA20,test,608,test,4,fish,hf_test_000608
taufiktrf/AQUA20,test,609,test,4,fish,hf_test_000609
taufiktrf/AQUA20,test,610,test,4,fish,hf_test_000610
taufiktrf/AQUA20,test,611,test,4,fish,hf_test_000611
taufiktrf/AQUA20,test,612,test,4,fish,hf_test_000612
taufiktrf/AQUA20,test,613,test,4,fish,hf_test_000613
taufiktrf/AQUA20,test,614,test,4,fish,hf_test_000614
taufiktrf/AQUA20,test,615,test,4,fish,hf_test_000615
taufiktrf/AQUA20,test,616,test,4,fish,hf_test_000616
taufiktrf/AQUA20,test,617,test,4,fish,hf_test_000617
taufiktrf/AQUA20,test,618,test,4,fish,hf_test_000618
taufiktrf/AQUA20,test,619,test,4,fish,hf_test_000619
taufiktrf/AQUA20,test,620,test,4,fish,hf_test_000620
taufiktrf/AQUA20,test,621,test,4,fish,hf_test_000621
taufiktrf/AQUA20,test,622,test,4,fish,hf_test_000622
taufiktrf/AQUA20,test,623,test,4,fish,hf_test_000623
taufiktrf/AQUA20,test,624,test,4,fish,hf_test_000624
taufiktrf/AQUA20,test,625,test,4,fish,hf_test_000625
taufiktrf/AQUA20,test,626,test,4,fish,hf_test_000626
taufiktrf/AQUA20,test,627,test,4,fish,hf_test_000627
taufiktrf/AQUA20,test,628,test,4,fish,hf_test_000628
taufiktrf/AQUA20,test,629,test,4,fish,hf_test_000629
taufiktrf/AQUA20,test,630,test,4,fish,hf_test_000630
taufiktrf/AQUA20,test,631,test,4,fish,hf_test_000631
taufiktrf/AQUA20,test,632,test,4,fish,hf_test_000632
taufiktrf/AQUA20,test,633,test,4,fish,hf_test_000633
taufiktrf/AQUA20,test,634,test,4,fish,hf_test_000634
taufiktrf/AQUA20,test,635,test,4,fish,hf_test_000635
taufiktrf/AQUA20,test,636,test,4,fish,hf_test_000636
taufiktrf/AQUA20,test,637,test,4,fish,hf_test_000637
taufiktrf/AQUA20,test,638,test,4,fish,hf_test_000638
taufiktrf/AQUA20,test,639,test,4,fish,hf_test_000639
taufiktrf/AQUA20,test,640,test,4,fish,hf_test_000640
taufiktrf/AQUA20,test,641,test,4,fish,hf_test_000641
taufiktrf/AQUA20,test,642,test,4,fish,hf_test_000642
taufiktrf/AQUA20,test,643,test,4,fish,hf_test_000643
taufiktrf/AQUA20,test,644,test,4,fish,hf_test_000644
taufiktrf/AQUA20,test,645,test,4,fish,hf_test_000645
taufiktrf/AQUA20,test,646,test,4,fish,hf_test_000646
taufiktrf/AQUA20,test,647,test,4,fish,hf_test_000647
taufiktrf/AQUA20,test,648,test,4,fish,hf_test_000648
taufiktrf/AQUA20,test,649,test,4,fish,hf_test_000649
taufiktrf/AQUA20,test,650,test,4,fish,hf_test_000650
taufiktrf/AQUA20,test,651,test,4,fish,hf_test_000651
taufiktrf/AQUA20,test,652,test,4,fish,hf_test_000652
taufiktrf/AQUA20,test,653,test,4,fish,hf_test_000653
taufiktrf/AQUA20,test,654,test,4,fish,hf_test_000654
taufiktrf/AQUA20,test,655,test,4,fish,hf_test_000655
taufiktrf/AQUA20,test,656,test,4,fish,hf_test_000656
taufiktrf/AQUA20,test,657,test,4,fish,hf_test_000657
taufiktrf/AQUA20,test,658,test,4,fish,hf_test_000658
taufiktrf/AQUA20,test,659,test,4,fish,hf_test_000659
taufiktrf/AQUA20,test,660,test,4,fish,hf_test_000660
taufiktrf/AQUA20,test,661,test,4,fish,hf_test_000661
taufiktrf/AQUA20,test,662,test,4,fish,hf_test_000662
taufiktrf/AQUA20,test,663,test,4,fish,hf_test_000663
taufiktrf/AQUA20,test,664,test,4,fish,hf_test_000664
taufiktrf/AQUA20,test,665,test,4,fish,hf_test_000665
taufiktrf/AQUA20,test,666,test,4,fish,hf_test_000666
taufiktrf/AQUA20,test,667,test,4,fish,hf_test_000667
taufiktrf/AQUA20,test,668,test,4,fish,hf_test_000668
taufiktrf/AQUA20,test,669,test,4,fish,hf_test_000669
taufiktrf/AQUA20,test,670,test,4,fish,hf_test_000670
taufiktrf/AQUA20,test,671,test,4,fish,hf_test_000671
taufiktrf/AQUA20,test,672,test,4,fish,hf_test_000672
taufiktrf/AQUA20,test,673,test,4,fish,hf_test_000673
taufiktrf/AQUA20,test,674,test,4,fish,hf_test_000674
taufiktrf/AQUA20,test,675,test,4,fish,hf_test_000675
taufiktrf/AQUA20,test,676,test,4,fish,hf_test_000676
taufiktrf/AQUA20,test,677,test,4,fish,hf_test_000677
taufiktrf/AQUA20,test,678,test,4,fish,hf_test_000678
taufiktrf/AQUA20,test,679,test,4,fish,hf_test_000679
taufiktrf/AQUA20,test,680,test,4,fish,hf_test_000680
taufiktrf/AQUA20,test,681,test,4,fish,hf_test_000681
taufiktrf/AQUA20,test,682,test,4,fish,hf_test_000682
taufiktrf/AQUA20,test,683,test,4,fish,hf_test_000683
taufiktrf/AQUA20,test,684,test,4,fish,hf_test_000684
taufiktrf/AQUA20,test,685,test,4,fish,hf_test_000685
taufiktrf/AQUA20,test,686,test,4,fish,hf_test_000686
taufiktrf/AQUA20,test,687,test,4,fish,hf_test_000687
taufiktrf/AQUA20,test,688,test,4,fish,hf_test_000688
taufiktrf/AQUA20,test,689,test,4,fish,hf_test_000689
taufiktrf/AQUA20,test,690,test,4,fish,hf_test_000690
taufiktrf/AQUA20,test,691,test,4,fish,hf_test_000691
taufiktrf/AQUA20,test,692,test,4,fish,hf_test_000692
taufiktrf/AQUA20,test,693,test,4,fish,hf_test_000693
taufiktrf/AQUA20,test,694,test,4,fish,hf_test_000694
taufiktrf/AQUA20,test,695,test,4,fish,hf_test_000695
taufiktrf/AQUA20,test,696,test,4,fish,hf_test_000696
taufiktrf/AQUA20,test,697,test,4,fish,hf_test_000697
taufiktrf/AQUA20,test,698,test,4,fish,hf_test_000698
taufiktrf/AQUA20,test,699,test,4,fish,hf_test_000699
taufiktrf/AQUA20,test,700,test,4,fish,hf_test_000700
taufiktrf/AQUA20,test,701,test,4,fish,hf_test_000701
taufiktrf/AQUA20,test,702,test,4,fish,hf_test_000702
taufiktrf/AQUA20,test,703,test,4,fish,hf_test_000703
taufiktrf/AQUA20,test,704,test,4,fish,hf_test_000704
taufiktrf/AQUA20,test,705,test,4,fish,hf_test_000705
taufiktrf/AQUA20,test,706,test,4,fish,hf_test_000706
taufiktrf/AQUA20,test,707,test,4,fish,hf_test_000707
taufiktrf/AQUA20,test,708,test,4,fish,hf_test_000708
taufiktrf/AQUA20,test,709,test,4,fish,hf_test_000709
taufiktrf/AQUA20,test,710,test,4,fish,hf_test_000710
taufiktrf/AQUA20,test,711,test,4,fish,hf_test_000711
taufiktrf/AQUA20,test,712,test,4,fish,hf_test_000712
taufiktrf/AQUA20,test,713,test,4,fish,hf_test_000713
taufiktrf/AQUA20,test,714,test,4,fish,hf_test_000714
taufiktrf/AQUA20,test,715,test,4,fish,hf_test_000715
taufiktrf/AQUA20,test,716,test,4,fish,hf_test_000716
taufiktrf/AQUA20,test,717,test,4,fish,hf_test_000717
taufiktrf/AQUA20,test,718,test,4,fish,hf_test_000718
taufiktrf/AQUA20,test,719,test,4,fish,hf_test_000719
taufiktrf/AQUA20,test,720,test,4,fish,hf_test_000720
taufiktrf/AQUA20,test,721,test,4,fish,hf_test_000721
taufiktrf/AQUA20,test,722,test,4,fish,hf_test_000722
taufiktrf/AQUA20,test,723,test,4,fish,hf_test_000723
taufiktrf/AQUA20,test,724,test,4,fish,hf_test_000724
taufiktrf/AQUA20,test,725,test,4,fish,hf_test_000725
taufiktrf/AQUA20,test,726,test,4,fish,hf_test_000726
taufiktrf/AQUA20,test,727,test,4,fish,hf_test_000727
taufiktrf/AQUA20,test,728,test,4,fish,hf_test_000728
taufiktrf/AQUA20,test,729,test,4,fish,hf_test_000729
taufiktrf/AQUA20,test,730,test,4,fish,hf_test_000730
taufiktrf/AQUA20,test,731,test,4,fish,hf_test_000731
taufiktrf/AQUA20,test,732,test,4,fish,hf_test_000732
taufiktrf/AQUA20,test,733,test,4,fish,hf_test_000733
taufiktrf/AQUA20,test,734,test,4,fish,hf_test_000734
taufiktrf/AQUA20,test,735,test,4,fish,hf_test_000735
taufiktrf/AQUA20,test,736,test,4,fish,hf_test_000736
taufiktrf/AQUA20,test,737,test,4,fish,hf_test_000737
taufiktrf/AQUA20,test,738,test,4,fish,hf_test_000738
taufiktrf/AQUA20,test,739,test,4,fish,hf_test_000739
taufiktrf/AQUA20,test,740,test,4,fish,hf_test_000740
taufiktrf/AQUA20,test,741,test,4,fish,hf_test_000741
taufiktrf/AQUA20,test,742,test,4,fish,hf_test_000742
taufiktrf/AQUA20,test,743,test,4,fish,hf_test_000743
taufiktrf/AQUA20,test,744,test,4,fish,hf_test_000744
taufiktrf/AQUA20,test,745,test,4,fish,hf_test_000745
taufiktrf/AQUA20,test,746,test,4,fish,hf_test_000746
taufiktrf/AQUA20,test,747,test,4,fish,hf_test_000747
taufiktrf/AQUA20,test,748,test,4,fish,hf_test_000748
taufiktrf/AQUA20,test,749,test,4,fish,hf_test_000749
taufiktrf/AQUA20,test,750,test,4,fish,hf_test_000750
taufiktrf/AQUA20,test,751,test,4,fish,hf_test_000751
taufiktrf/AQUA20,test,752,test,4,fish,hf_test_000752
taufiktrf/AQUA20,test,753,test,4,fish,hf_test_000753
taufiktrf/AQUA20,test,754,test,4,fish,hf_test_000754
taufiktrf/AQUA20,test,755,test,4,fish,hf_test_000755
taufiktrf/AQUA20,test,756,test,4,fish,hf_test_000756
taufiktrf/AQUA20,test,757,test,4,fish,hf_test_000757
taufiktrf/AQUA20,test,758,test,4,fish,hf_test_000758
taufiktrf/AQUA20,test,759,test,4,fish,hf_test_000759
taufiktrf/AQUA20,test,760,test,4,fish,hf_test_000760
taufiktrf/AQUA20,test,761,test,4,fish,hf_test_000761
taufiktrf/AQUA20,test,762,test,4,fish,hf_test_000762
taufiktrf/AQUA20,test,763,test,4,fish,hf_test_000763
taufiktrf/AQUA20,test,764,test,4,fish,hf_test_000764
taufiktrf/AQUA20,test,765,test,4,fish,hf_test_000765
taufiktrf/AQUA20,test,766,test,4,fish,hf_test_000766
taufiktrf/AQUA20,test,767,test,4,fish,hf_test_000767
taufiktrf/AQUA20,test,768,test,4,fish,hf_test_000768
taufiktrf/AQUA20,test,769,test,4,fish,hf_test_000769
taufiktrf/AQUA20,test,770,test,4,fish,hf_test_000770
taufiktrf/AQUA20,test,771,test,4,fish,hf_test_000771
taufiktrf/AQUA20,test,772,test,4,fish,hf_test_000772
taufiktrf/AQUA20,test,773,test,4,fish,hf_test_000773
taufiktrf/AQUA20,test,774,test,4,fish,hf_test_000774
taufiktrf/AQUA20,test,775,test,4,fish,hf_test_000775
taufiktrf/AQUA20,test,776,test,4,fish,hf_test_000776
taufiktrf/AQUA20,test,777,test,4,fish,hf_test_000777
taufiktrf/AQUA20,test,778,test,4,fish,hf_test_000778
taufiktrf/AQUA20,test,779,test,4,fish,hf_test_000779
taufiktrf/AQUA20,test,780,test,4,fish,hf_test_000780
taufiktrf/AQUA20,test,781,test,4,fish,hf_test_000781
taufiktrf/AQUA20,test,782,test,4,fish,hf_test_000782
taufiktrf/AQUA20,test,783,test,4,fish,hf_test_000783
taufiktrf/AQUA20,test,784,test,4,fish,hf_test_000784
taufiktrf/AQUA20,test,785,test,4,fish,hf_test_000785
taufiktrf/AQUA20,test,786,test,4,fish,hf_test_000786
taufiktrf/AQUA20,test,787,test,4,fish,hf_test_000787
taufiktrf/AQUA20,test,788,test,4,fish,hf_test_000788
taufiktrf/AQUA20,test,789,test,4,fish,hf_test_000789
taufiktrf/AQUA20,test,790,test,4,fish,hf_test_000790
taufiktrf/AQUA20,test,791,test,4,fish,hf_test_000791
taufiktrf/AQUA20,test,792,test,4,fish,hf_test_000792
taufiktrf/AQUA20,test,793,test,4,fish,hf_test_000793
taufiktrf/AQUA20,test,794,test,4,fish,hf_test_000794
taufiktrf/AQUA20,test,795,test,4,fish,hf_test_000795
taufiktrf/AQUA20,test,796,test,4,fish,hf_test_000796
taufiktrf/AQUA20,test,797,test,4,fish,hf_test_000797
taufiktrf/AQUA20,test,798,test,4,fish,hf_test_000798
taufiktrf/AQUA20,test,799,test,4,fish,hf_test_000799
taufiktrf/AQUA20,test,800,test,4,fish,hf_test_000800
taufiktrf/AQUA20,test,801,test,4,fish,hf_test_000801
taufiktrf/AQUA20,test,802,test,4,fish,hf_test_000802
taufiktrf/AQUA20,test,803,test,4,fish,hf_test_000803
taufiktrf/AQUA20,test,804,test,4,fish,hf_test_000804
taufiktrf/AQUA20,test,805,test,4,fish,hf_test_000805
taufiktrf/AQUA20,test,806,test,4,fish,hf_test_000806
taufiktrf/AQUA20,test,807,test,4,fish,hf_test_000807
taufiktrf/AQUA20,test,808,test,4,fish,hf_test_000808
taufiktrf/AQUA20,test,809,test,4,fish,hf_test_000809
taufiktrf/AQUA20,test,810,test,4,fish,hf_test_000810
taufiktrf/AQUA20,test,811,test,4,fish,hf_test_000811
taufiktrf/AQUA20,test,812,test,4,fish,hf_test_000812
taufiktrf/AQUA20,test,813,test,4,fish,hf_test_000813
taufiktrf/AQUA20,test,814,test,4,fish,hf_test_000814
taufiktrf/AQUA20,test,815,test,4,fish,hf_test_000815
taufiktrf/AQUA20,test,816,test,4,fish,hf_test_000816
taufiktrf/AQUA20,test,817,test,4,fish,hf_test_000817
taufiktrf/AQUA20,test,818,test,4,fish,hf_test_000818
taufiktrf/AQUA20,test,819,test,4,fish,hf_test_000819
taufiktrf/AQUA20,test,820,test,4,fish,hf_test_000820
taufiktrf/AQUA20,test,821,test,4,fish,hf_test_000821
taufiktrf/AQUA20,test,822,test,4,fish,hf_test_000822
taufiktrf/AQUA20,test,823,test,4,fish,hf_test_000823
taufiktrf/AQUA20,test,824,test,4,fish,hf_test_000824
taufiktrf/AQUA20,test,825,test,4,fish,hf_test_000825
taufiktrf/AQUA20,test,826,test,4,fish,hf_test_000826
taufiktrf/AQUA20,test,827,test,4,fish,hf_test_000827
taufiktrf/AQUA20,test,828,test,4,fish,hf_test_000828
taufiktrf/AQUA20,test,829,test,4,fish,hf_test_000829
taufiktrf/AQUA20,test,830,test,4,fish,hf_test_000830
taufiktrf/AQUA20,test,831,test,4,fish,hf_test_000831
taufiktrf/AQUA20,test,832,test,4,fish,hf_test_000832
taufiktrf/AQUA20,test,833,test,4,fish,hf_test_000833
taufiktrf/AQUA20,test,834,test,4,fish,hf_test_000834
taufiktrf/AQUA20,test,835,test,4,fish,hf_test_000835
taufiktrf/AQUA20,test,836,test,4,fish,hf_test_000836
taufiktrf/AQUA20,test,837,test,4,fish,hf_test_000837
taufiktrf/AQUA20,test,838,test,4,fish,hf_test_000838
taufiktrf/AQUA20,test,839,test,4,fish,hf_test_000839
taufiktrf/AQUA20,test,840,test,4,fish,hf_test_000840
taufiktrf/AQUA20,test,841,test,4,fish,hf_test_000841
taufiktrf/AQUA20,test,842,test,4,fish,hf_test_000842
taufiktrf/AQUA20,test,843,test,4,fish,hf_test_000843
taufiktrf/AQUA20,test,844,test,4,fish,hf_test_000844
taufiktrf/AQUA20,test,845,test,4,fish,hf_test_000845
taufiktrf/AQUA20,test,846,test,4,fish,hf_test_000846
taufiktrf/AQUA20,test,847,test,4,fish,hf_test_000847
taufiktrf/AQUA20,test,848,test,4,fish,hf_test_000848
taufiktrf/AQUA20,test,849,test,4,fish,hf_test_000849
taufiktrf/AQUA20,test,850,test,4,fish,hf_test_000850
taufiktrf/AQUA20,test,851,test,4,fish,hf_test_000851
taufiktrf/AQUA20,test,852,test,4,fish,hf_test_000852
taufiktrf/AQUA20,test,853,test,4,fish,hf_test_000853
taufiktrf/AQUA20,test,854,test,4,fish,hf_test_000854
taufiktrf/AQUA20,test,855,test,4,fish,hf_test_000855
taufiktrf/AQUA20,test,856,test,4,fish,hf_test_000856
taufiktrf/AQUA20,test,857,test,4,fish,hf_test_000857
taufiktrf/AQUA20,test,858,test,4,fish,hf_test_000858
taufiktrf/AQUA20,test,859,test,4,fish,hf_test_000859
taufiktrf/AQUA20,test,860,test,4,fish,hf_test_000860
taufiktrf/AQUA20,test,861,test,4,fish,hf_test_000861
taufiktrf/AQUA20,test,862,test,4,fish,hf_test_000862
taufiktrf/AQUA20,test,863,test,4,fish,hf_test_000863
taufiktrf/AQUA20,test,864,test,4,fish,hf_test_000864
taufiktrf/AQUA20,test,865,test,4,fish,hf_test_000865
taufiktrf/AQUA20,test,866,test,4,fish,hf_test_000866
taufiktrf/AQUA20,test,867,test,4,fish,hf_test_000867
taufiktrf/AQUA20,test,868,test,4,fish,hf_test_000868
taufiktrf/AQUA20,test,869,test,4,fish,hf_test_000869
taufiktrf/AQUA20,test,870,test,4,fish,hf_test_000870
taufiktrf/AQUA20,test,871,test,4,fish,hf_test_000871
taufiktrf/AQUA20,test,872,test,4,fish,hf_test_000872
taufiktrf/AQUA20,test,873,test,4,fish,hf_test_000873
taufiktrf/AQUA20,test,874,test,4,fish,hf_test_000874
taufiktrf/AQUA20,test,875,test,4,fish,hf_test_000875
taufiktrf/AQUA20,test,876,test,4,fish,hf_test_000876
taufiktrf/AQUA20,test,877,test,4,fish,hf_test_000877
taufiktrf/AQUA20,test,878,test,4,fish,hf_test_000878
taufiktrf/AQUA20,test,879,test,4,fish,hf_test_000879
taufiktrf/AQUA20,test,880,test,4,fish,hf_test_000880
taufiktrf/AQUA20,test,881,test,4,fish,hf_test_000881
taufiktrf/AQUA20,test,882,test,4,fish,hf_test_000882
taufiktrf/AQUA20,test,883,test,4,fish,hf_test_000883
taufiktrf/AQUA20,test,884,test,4,fish,hf_test_000884
taufiktrf/AQUA20,test,885,test,4,fish,hf_test_000885
taufiktrf/AQUA20,test,886,test,4,fish,hf_test_000886
taufiktrf/AQUA20,test,887,test,4,fish,hf_test_000887
taufiktrf/AQUA20,test,888,test,4,fish,hf_test_000888
taufiktrf/AQUA20,test,889,test,4,fish,hf_test_000889
taufiktrf/AQUA20,test,890,test,4,fish,hf_test_000890
taufiktrf/AQUA20,test,891,test,4,fish,hf_test_000891
taufiktrf/AQUA20,test,892,test,4,fish,hf_test_000892
taufiktrf/AQUA20,test,893,test,4,fish,hf_test_000893
taufiktrf/AQUA20,test,894,test,4,fish,hf_test_000894
taufiktrf/AQUA20,test,895,test,4,fish,hf_test_000895
taufiktrf/AQUA20,test,896,test,4,fish,hf_test_000896
taufiktrf/AQUA20,test,897,test,4,fish,hf_test_000897
taufiktrf/AQUA20,test,898,test,4,fish,hf_test_000898
taufiktrf/AQUA20,test,899,test,4,fish,hf_test_000899
taufiktrf/AQUA20,test,900,test,4,fish,hf_test_000900
taufiktrf/AQUA20,test,901,test,4,fish,hf_test_000901
taufiktrf/AQUA20,test,902,test,4,fish,hf_test_000902
taufiktrf/AQUA20,test,903,test,4,fish,hf_test_000903
taufiktrf/AQUA20,test,904,test,4,fish,hf_test_000904
taufiktrf/AQUA20,test,905,test,4,fish,hf_test_000905
taufiktrf/AQUA20,test,906,test,4,fish,hf_test_000906
taufiktrf/AQUA20,test,907,test,4,fish,hf_test_000907
taufiktrf/AQUA20,test,908,test,4,fish,hf_test_000908
taufiktrf/AQUA20,test,909,test,4,fish,hf_test_000909
taufiktrf/AQUA20,test,910,test,4,fish,hf_test_000910
taufiktrf/AQUA20,test,911,test,4,fish,hf_test_000911
taufiktrf/AQUA20,test,912,test,4,fish,hf_test_000912
taufiktrf/AQUA20,test,913,test,4,fish,hf_test_000913
taufiktrf/AQUA20,test,914,test,4,fish,hf_test_000914
taufiktrf/AQUA20,test,915,test,4,fish,hf_test_000915
taufiktrf/AQUA20,test,916,test,4,fish,hf_test_000916
taufiktrf/AQUA20,test,917,test,4,fish,hf_test_000917
taufiktrf/AQUA20,test,918,test,4,fish,hf_test_000918
taufiktrf/AQUA20,test,919,test,4,fish,hf_test_000919
taufiktrf/AQUA20,test,920,test,4,fish,hf_test_000920
taufiktrf/AQUA20,test,921,test,4,fish,hf_test_000921
taufiktrf/AQUA20,test,922,test,4,fish,hf_test_000922
taufiktrf/AQUA20,test,923,test,4,fish,hf_test_000923
taufiktrf/AQUA20,test,924,test,4,fish,hf_test_000924
taufiktrf/AQUA20,test,925,test,4,fish,hf_test_000925
taufiktrf/AQUA20,test,926,test,4,fish,hf_test_000926
taufiktrf/AQUA20,test,927,test,4,fish,hf_test_000927
taufiktrf/AQUA20,test,928,test,4,fish,hf_test_000928
taufiktrf/AQUA20,test,929,test,4,fish,hf_test_000929
taufiktrf/AQUA20,test,930,test,4,fish,hf_test_000930
taufiktrf/AQUA20,test,931,test,4,fish,hf_test_000931
taufiktrf/AQUA20,test,932,test,4,fish,hf_test_000932
taufiktrf/AQUA20,test,933,test,4,fish,hf_test_000933
taufiktrf/AQUA20,test,934,test,4,fish,hf_test_000934
taufiktrf/AQUA20,test,935,test,4,fish,hf_test_000935
taufiktrf/AQUA20,test,936,test,4,fish,hf_test_000936
taufiktrf/AQUA20,test,937,test,4,fish,hf_test_000937
taufiktrf/AQUA20,test,938,test,4,fish,hf_test_000938
taufiktrf/AQUA20,test,939,test,4,fish,hf_test_000939
taufiktrf/AQUA20,test,940,test,4,fish,hf_test_000940
taufiktrf/AQUA20,test,941,test,4,fish,hf_test_000941
taufiktrf/AQUA20,test,942,test,4,fish,hf_test_000942
taufiktrf/AQUA20,test,943,test,4,fish,hf_test_000943
taufiktrf/AQUA20,test,944,test,4,fish,hf_test_000944
taufiktrf/AQUA20,test,945,test,4,fish,hf_test_000945
taufiktrf/AQUA20,test,946,test,4,fish,hf_test_000946
taufiktrf/AQUA20,test,947,test,4,fish,hf_test_000947
taufiktrf/AQUA20,test,948,test,4,fish,hf_test_000948
taufiktrf/AQUA20,test,949,test,4,fish,hf_test_000949
taufiktrf/AQUA20,test,950,test,4,fish,hf_test_000950
taufiktrf/AQUA20,test,951,test,5,fishInGroups,hf_test_000951
taufiktrf/AQUA20,test,952,test,5,fishInGroups,hf_test_000952
taufiktrf/AQUA20,test,953,test,5,fishInGroups,hf_test_000953
taufiktrf/AQUA20,test,954,test,5,fishInGroups,hf_test_000954
taufiktrf/AQUA20,test,955,test,5,fishInGroups,hf_test_000955
taufiktrf/AQUA20,test,956,test,5,fishInGroups,hf_test_000956
taufiktrf/AQUA20,test,957,test,5,fishInGroups,hf_test_000957
taufiktrf/AQUA20,test,958,test,5,fishInGroups,hf_test_000958
taufiktrf/AQUA20,test,959,test,5,fishInGroups,hf_test_000959
taufiktrf/AQUA20,test,960,test,5,fishInGroups,hf_test_000960
taufiktrf/AQUA20,test,961,test,5,fishInGroups,hf_test_000961
taufiktrf/AQUA20,test,962,test,5,fishInGroups,hf_test_000962
taufiktrf/AQUA20,test,963,test,5,fishInGroups,hf_test_000963
taufiktrf/AQUA20,test,964,test,5,fishInGroups,hf_test_000964
taufiktrf/AQUA20,test,965,test,5,fishInGroups,hf_test_000965
taufiktrf/AQUA20,test,966,test,5,fishInGroups,hf_test_000966
taufiktrf/AQUA20,test,967,test,5,fishInGroups,hf_test_000967
taufiktrf/AQUA20,test,968,test,5,fishInGroups,hf_test_000968
taufiktrf/AQUA20,test,969,test,5,fishInGroups,hf_test_000969
taufiktrf/AQUA20,test,970,test,5,fishInGroups,hf_test_000970
taufiktrf/AQUA20,test,971,test,5,fishInGroups,hf_test_000971
taufiktrf/AQUA20,test,972,test,5,fishInGroups,hf_test_000972
taufiktrf/AQUA20,test,973,test,5,fishInGroups,hf_test_000973
taufiktrf/AQUA20,test,974,test,5,fishInGroups,hf_test_000974
taufiktrf/AQUA20,test,975,test,5,fishInGroups,hf_test_000975
taufiktrf/AQUA20,test,976,test,5,fishInGroups,hf_test_000976
taufiktrf/AQUA20,test,977,test,5,fishInGroups,hf_test_000977
taufiktrf/AQUA20,test,978,test,5,fishInGroups,hf_test_000978
taufiktrf/AQUA20,test,979,test,5,fishInGroups,hf_test_000979
taufiktrf/AQUA20,test,980,test,5,fishInGroups,hf_test_000980
taufiktrf/AQUA20,test,981,test,5,fishInGroups,hf_test_000981
taufiktrf/AQUA20,test,982,test,5,fishInGroups,hf_test_000982
taufiktrf/AQUA20,test,983,test,5,fishInGroups,hf_test_000983
taufiktrf/AQUA20,test,984,test,5,fishInGroups,hf_test_000984
taufiktrf/AQUA20,test,985,test,5,fishInGroups,hf_test_000985
taufiktrf/AQUA20,test,986,test,5,fishInGroups,hf_test_000986
taufiktrf/AQUA20,test,987,test,5,fishInGroups,hf_test_000987
taufiktrf/AQUA20,test,988,test,5,fishInGroups,hf_test_000988
taufiktrf/AQUA20,test,989,test,5,fishInGroups,hf_test_000989
taufiktrf/AQUA20,test,990,test,5,fishInGroups,hf_test_000990
taufiktrf/AQUA20,test,991,test,5,fishInGroups,hf_test_000991
taufiktrf/AQUA20,test,992,test,5,fishInGroups,hf_test_000992
taufiktrf/AQUA20,test,993,test,5,fishInGroups,hf_test_000993
taufiktrf/AQUA20,test,994,test,5,fishInGroups,hf_test_000994
taufiktrf/AQUA20,test,995,test,5,fishInGroups,hf_test_000995
taufiktrf/AQUA20,test,996,test,5,fishInGroups,hf_test_000996
taufiktrf/AQUA20,test,997,test,5,fishInGroups,hf_test_000997
taufiktrf/AQUA20,test,998,test,5,fishInGroups,hf_test_000998
taufiktrf/AQUA20,test,999,test,5,fishInGroups,hf_test_000999
taufiktrf/AQUA20,test,1000,test,5,fishInGroups,hf_test_001000
taufiktrf/AQUA20,test,1001,test,5,fishInGroups,hf_test_001001
taufiktrf/AQUA20,test,1002,test,5,fishInGroups,hf_test_001002
taufiktrf/AQUA20,test,1003,test,5,fishInGroups,hf_test_001003
taufiktrf/AQUA20,test,1004,test,5,fishInGroups,hf_test_001004
taufiktrf/AQUA20,test,1005,test,5,fishInGroups,hf_test_001005
taufiktrf/AQUA20,test,1006,test,5,fishInGroups,hf_test_001006
taufiktrf/AQUA20,test,1007,test,5,fishInGroups,hf_test_001007
taufiktrf/AQUA20,test,1008,test,5,fishInGroups,hf_test_001008
taufiktrf/AQUA20,test,1009,test,5,fishInGroups,hf_test_001009
taufiktrf/AQUA20,test,1010,test,5,fishInGroups,hf_test_001010
taufiktrf/AQUA20,test,1011,test,5,fishInGroups,hf_test_001011
taufiktrf/AQUA20,test,1012,test,5,fishInGroups,hf_test_001012
taufiktrf/AQUA20,test,1013,test,5,fishInGroups,hf_test_001013
taufiktrf/AQUA20,test,1014,test,5,fishInGroups,hf_test_001014
taufiktrf/AQUA20,test,1015,test,5,fishInGroups,hf_test_001015
taufiktrf/AQUA20,test,1016,test,5,fishInGroups,hf_test_001016
taufiktrf/AQUA20,test,1017,test,5,fishInGroups,hf_test_001017
taufiktrf/AQUA20,test,1018,test,5,fishInGroups,hf_test_001018
taufiktrf/AQUA20,test,1019,test,5,fishInGroups,hf_test_001019
taufiktrf/AQUA20,test,1020,test,5,fishInGroups,hf_test_001020
taufiktrf/AQUA20,test,1021,test,5,fishInGroups,hf_test_001021
taufiktrf/AQUA20,test,1022,test,5,fishInGroups,hf_test_001022
taufiktrf/AQUA20,test,1023,test,6,flatworm,hf_test_001023
taufiktrf/AQUA20,test,1024,test,6,flatworm,hf_test_001024
taufiktrf/AQUA20,test,1025,test,6,flatworm,hf_test_001025
taufiktrf/AQUA20,test,1026,test,6,flatworm,hf_test_001026
taufiktrf/AQUA20,test,1027,test,6,flatworm,hf_test_001027
taufiktrf/AQUA20,test,1028,test,6,flatworm,hf_test_001028
taufiktrf/AQUA20,test,1029,test,6,flatworm,hf_test_001029
taufiktrf/AQUA20,test,1030,test,6,flatworm,hf_test_001030
taufiktrf/AQUA20,test,1031,test,6,flatworm,hf_test_001031
taufiktrf/AQUA20,test,1032,test,6,flatworm,hf_test_001032
taufiktrf/AQUA20,test,1033,test,6,flatworm,hf_test_001033
taufiktrf/AQUA20,test,1034,test,6,flatworm,hf_test_001034
taufiktrf/AQUA20,test,1035,test,6,flatworm,hf_test_001035
taufiktrf/AQUA20,test,1036,test,7,jellyfish,hf_test_001036
taufiktrf/AQUA20,test,1037,test,7,jellyfish,hf_test_001037
taufiktrf/AQUA20,test,1038,test,7,jellyfish,hf_test_001038
taufiktrf/AQUA20,test,1039,test,7,jellyfish,hf_test_001039
taufiktrf/AQUA20,test,1040,test,7,jellyfish,hf_test_001040
taufiktrf/AQUA20,test,1041,test,7,jellyfish,hf_test_001041
taufiktrf/AQUA20,test,1042,test,7,jellyfish,hf_test_001042
taufiktrf/AQUA20,test,1043,test,7,jellyfish,hf_test_001043
taufiktrf/AQUA20,test,1044,test,7,jellyfish,hf_test_001044
taufiktrf/AQUA20,test,1045,test,7,jellyfish,hf_test_001045
taufiktrf/AQUA20,test,1046,test,7,jellyfish,hf_test_001046
taufiktrf/AQUA20,test,1047,test,7,jellyfish,hf_test_001047
taufiktrf/AQUA20,test,1048,test,7,jellyfish,hf_test_001048
taufiktrf/AQUA20,test,1049,test,7,jellyfish,hf_test_001049
taufiktrf/AQUA20,test,1050,test,7,jellyfish,hf_test_001050
taufiktrf/AQUA20,test,1051,test,7,jellyfish,hf_test_001051
taufiktrf/AQUA20,test,1052,test,7,jellyfish,hf_test_001052
taufiktrf/AQUA20,test,1053,test,7,jellyfish,hf_test_001053
taufiktrf/AQUA20,test,1054,test,7,jellyfish,hf_test_001054
taufiktrf/AQUA20,test,1055,test,7,jellyfish,hf_test_001055
taufiktrf/AQUA20,test,1056,test,7,jellyfish,hf_test_001056
taufiktrf/AQUA20,test,1057,test,7,jellyfish,hf_test_001057
taufiktrf/AQUA20,test,1058,test,7,jellyfish,hf_test_001058
taufiktrf/AQUA20,test,1059,test,7,jellyfish,hf_test_001059
taufiktrf/AQUA20,test,1060,test,7,jellyfish,hf_test_001060
taufiktrf/AQUA20,test,1061,test,8,marine_dolphin,hf_test_001061
taufiktrf/AQUA20,test,1062,test,8,marine_dolphin,hf_test_001062
taufiktrf/AQUA20,test,1063,test,8,marine_dolphin,hf_test_001063
taufiktrf/AQUA20,test,1064,test,8,marine_dolphin,hf_test_001064
taufiktrf/AQUA20,test,1065,test,8,marine_dolphin,hf_test_001065
taufiktrf/AQUA20,test,1066,test,8,marine_dolphin,hf_test_001066
taufiktrf/AQUA20,test,1067,test,8,marine_dolphin,hf_test_001067
taufiktrf/AQUA20,test,1068,test,8,marine_dolphin,hf_test_001068
taufiktrf/AQUA20,test,1069,test,8,marine_dolphin,hf_test_001069
taufiktrf/AQUA20,test,1070,test,8,marine_dolphin,hf_test_001070
taufiktrf/AQUA20,test,1071,test,9,octopus,hf_test_001071
taufiktrf/AQUA20,test,1072,test,9,octopus,hf_test_001072
taufiktrf/AQUA20,test,1073,test,9,octopus,hf_test_001073
taufiktrf/AQUA20,test,1074,test,9,octopus,hf_test_001074
taufiktrf/AQUA20,test,1075,test,9,octopus,hf_test_001075
taufiktrf/AQUA20,test,1076,test,9,octopus,hf_test_001076
taufiktrf/AQUA20,test,1077,test,9,octopus,hf_test_001077
taufiktrf/AQUA20,test,1078,test,9,octopus,hf_test_001078
taufiktrf/AQUA20,test,1079,test,9,octopus,hf_test_001079
taufiktrf/AQUA20,test,1080,test,9,octopus,hf_test_001080
taufiktrf/AQUA20,test,1081,test,10,rayfish,hf_test_001081
taufiktrf/AQUA20,test,1082,test,10,rayfish,hf_test_001082
taufiktrf/AQUA20,test,1083,test,10,rayfish,hf_test_001083
taufiktrf/AQUA20,test,1084,test,10,rayfish,hf_test_001084
taufiktrf/AQUA20,test,1085,test,10,rayfish,hf_test_001085
taufiktrf/AQUA20,test,1086,test,10,rayfish,hf_test_001086
taufiktrf/AQUA20,test,1087,test,10,rayfish,hf_test_001087
taufiktrf/AQUA20,test,1088,test,10,rayfish,hf_test_001088
taufiktrf/AQUA20,test,1089,test,10,rayfish,hf_test_001089
taufiktrf/AQUA20,test,1090,test,10,rayfish,hf_test_001090
taufiktrf/AQUA20,test,1091,test,10,rayfish,hf_test_001091
taufiktrf/AQUA20,test,1092,test,10,rayfish,hf_test_001092
taufiktrf/AQUA20,test,1093,test,10,rayfish,hf_test_001093
taufiktrf/AQUA20,test,1094,test,10,rayfish,hf_test_001094
taufiktrf/AQUA20,test,1095,test,10,rayfish,hf_test_001095
taufiktrf/AQUA20,test,1096,test,10,rayfish,hf_test_001096
taufiktrf/AQUA20,test,1097,test,10,rayfish,hf_test_001097
taufiktrf/AQUA20,test,1098,test,10,rayfish,hf_test_001098
taufiktrf/AQUA20,test,1099,test,10,rayfish,hf_test_001099
taufiktrf/AQUA20,test,1100,test,10,rayfish,hf_test_001100
taufiktrf/AQUA20,test,1101,test,10,rayfish,hf_test_001101
taufiktrf/AQUA20,test,1102,test,10,rayfish,hf_test_001102
taufiktrf/AQUA20,test,1103,test,10,rayfish,hf_test_001103
taufiktrf/AQUA20,test,1104,test,10,rayfish,hf_test_001104
taufiktrf/AQUA20,test,1105,test,10,rayfish,hf_test_001105
taufiktrf/AQUA20,test,1106,test,10,rayfish,hf_test_001106
taufiktrf/AQUA20,test,1107,test,10,rayfish,hf_test_001107
taufiktrf/AQUA20,test,1108,test,10,rayfish,hf_test_001108
taufiktrf/AQUA20,test,1109,test,10,rayfish,hf_test_001109
taufiktrf/AQUA20,test,1110,test,10,rayfish,hf_test_001110
taufiktrf/AQUA20,test,1111,test,10,rayfish,hf_test_001111
taufiktrf/AQUA20,test,1112,test,10,rayfish,hf_test_001112
taufiktrf/AQUA20,test,1113,test,10,rayfish,hf_test_001113
taufiktrf/AQUA20,test,1114,test,10,rayfish,hf_test_001114
taufiktrf/AQUA20,test,1115,test,10,rayfish,hf_test_001115
taufiktrf/AQUA20,test,1116,test,10,rayfish,hf_test_001116
taufiktrf/AQUA20,test,1117,test,10,rayfish,hf_test_001117
taufiktrf/AQUA20,test,1118,test,10,rayfish,hf_test_001118
taufiktrf/AQUA20,test,1119,test,10,rayfish,hf_test_001119
taufiktrf/AQUA20,test,1120,test,10,rayfish,hf_test_001120
taufiktrf/AQUA20,test,1121,test,10,rayfish,hf_test_001121
taufiktrf/AQUA20,test,1122,test,10,rayfish,hf_test_001122
taufiktrf/AQUA20,test,1123,test,10,rayfish,hf_test_001123
taufiktrf/AQUA20,test,1124,test,10,rayfish,hf_test_001124
taufiktrf/AQUA20,test,1125,test,10,rayfish,hf_test_001125
taufiktrf/AQUA20,test,1126,test,10,rayfish,hf_test_001126
taufiktrf/AQUA20,test,1127,test,10,rayfish,hf_test_001127
taufiktrf/AQUA20,test,1128,test,10,rayfish,hf_test_001128
taufiktrf/AQUA20,test,1129,test,10,rayfish,hf_test_001129
taufiktrf/AQUA20,test,1130,test,10,rayfish,hf_test_001130
taufiktrf/AQUA20,test,1131,test,10,rayfish,hf_test_001131
taufiktrf/AQUA20,test,1132,test,10,rayfish,hf_test_001132
taufiktrf/AQUA20,test,1133,test,10,rayfish,hf_test_001133
taufiktrf/AQUA20,test,1134,test,10,rayfish,hf_test_001134
taufiktrf/AQUA20,test,1135,test,10,rayfish,hf_test_001135
taufiktrf/AQUA20,test,1136,test,10,rayfish,hf_test_001136
taufiktrf/AQUA20,test,1137,test,10,rayfish,hf_test_001137
taufiktrf/AQUA20,test,1138,test,10,rayfish,hf_test_001138
taufiktrf/AQUA20,test,1139,test,10,rayfish,hf_test_001139
taufiktrf/AQUA20,test,1140,test,10,rayfish,hf_test_001140
taufiktrf/AQUA20,test,1141,test,10,rayfish,hf_test_001141
taufiktrf/AQUA20,test,1142,test,10,rayfish,hf_test_001142
taufiktrf/AQUA20,test,1143,test,10,rayfish,hf_test_001143
taufiktrf/AQUA20,test,1144,test,10,rayfish,hf_test_001144
taufiktrf/AQUA20,test,1145,test,10,rayfish,hf_test_001145
taufiktrf/AQUA20,test,1146,test,10,rayfish,hf_test_001146
taufiktrf/AQUA20,test,1147,test,10,rayfish,hf_test_001147
taufiktrf/AQUA20,test,1148,test,10,rayfish,hf_test_001148
taufiktrf/AQUA20,test,1149,test,10,rayfish,hf_test_001149
taufiktrf/AQUA20,test,1150,test,10,rayfish,hf_test_001150
taufiktrf/AQUA20,test,1151,test,10,rayfish,hf_test_001151
taufiktrf/AQUA20,test,1152,test,10,rayfish,hf_test_001152
taufiktrf/AQUA20,test,1153,test,10,rayfish,hf_test_001153
taufiktrf/AQUA20,test,1154,test,10,rayfish,hf_test_001154
taufiktrf/AQUA20,test,1155,test,10,rayfish,hf_test_001155
taufiktrf/AQUA20,test,1156,test,10,rayfish,hf_test_001156
taufiktrf/AQUA20,test,1157,test,10,rayfish,hf_test_001157
taufiktrf/AQUA20,test,1158,test,10,rayfish,hf_test_001158
taufiktrf/AQUA20,test,1159,test,10,rayfish,hf_test_001159
taufiktrf/AQUA20,test,1160,test,10,rayfish,hf_test_001160
taufiktrf/AQUA20,test,1161,test,10,rayfish,hf_test_001161
taufiktrf/AQUA20,test,1162,test,10,rayfish,hf_test_001162
taufiktrf/AQUA20,test,1163,test,10,rayfish,hf_test_001163
taufiktrf/AQUA20,test,1164,test,10,rayfish,hf_test_001164
taufiktrf/AQUA20,test,1165,test,10,rayfish,hf_test_001165
taufiktrf/AQUA20,test,1166,test,10,rayfish,hf_test_001166
taufiktrf/AQUA20,test,1167,test,10,rayfish,hf_test_001167
taufiktrf/AQUA20,test,1168,test,10,rayfish,hf_test_001168
taufiktrf/AQUA20,test,1169,test,10,rayfish,hf_test_001169
taufiktrf/AQUA20,test,1170,test,10,rayfish,hf_test_001170
taufiktrf/AQUA20,test,1171,test,10,rayfish,hf_test_001171
taufiktrf/AQUA20,test,1172,test,10,rayfish,hf_test_001172
taufiktrf/AQUA20,test,1173,test,10,rayfish,hf_test_001173
taufiktrf/AQUA20,test,1174,test,10,rayfish,hf_test_001174
taufiktrf/AQUA20,test,1175,test,10,rayfish,hf_test_001175
taufiktrf/AQUA20,test,1176,test,11,seaAnemone,hf_test_001176
taufiktrf/AQUA20,test,1177,test,11,seaAnemone,hf_test_001177
taufiktrf/AQUA20,test,1178,test,11,seaAnemone,hf_test_001178
taufiktrf/AQUA20,test,1179,test,11,seaAnemone,hf_test_001179
taufiktrf/AQUA20,test,1180,test,11,seaAnemone,hf_test_001180
taufiktrf/AQUA20,test,1181,test,11,seaAnemone,hf_test_001181
taufiktrf/AQUA20,test,1182,test,11,seaAnemone,hf_test_001182
taufiktrf/AQUA20,test,1183,test,11,seaAnemone,hf_test_001183
taufiktrf/AQUA20,test,1184,test,11,seaAnemone,hf_test_001184
taufiktrf/AQUA20,test,1185,test,11,seaAnemone,hf_test_001185
taufiktrf/AQUA20,test,1186,test,11,seaAnemone,hf_test_001186
taufiktrf/AQUA20,test,1187,test,11,seaAnemone,hf_test_001187
taufiktrf/AQUA20,test,1188,test,11,seaAnemone,hf_test_001188
taufiktrf/AQUA20,test,1189,test,11,seaAnemone,hf_test_001189
taufiktrf/AQUA20,test,1190,test,11,seaAnemone,hf_test_001190
taufiktrf/AQUA20,test,1191,test,11,seaAnemone,hf_test_001191
taufiktrf/AQUA20,test,1192,test,11,seaAnemone,hf_test_001192
taufiktrf/AQUA20,test,1193,test,11,seaAnemone,hf_test_001193
taufiktrf/AQUA20,test,1194,test,11,seaAnemone,hf_test_001194
taufiktrf/AQUA20,test,1195,test,11,seaAnemone,hf_test_001195
taufiktrf/AQUA20,test,1196,test,11,seaAnemone,hf_test_001196
taufiktrf/AQUA20,test,1197,test,11,seaAnemone,hf_test_001197
taufiktrf/AQUA20,test,1198,test,11,seaAnemone,hf_test_001198
taufiktrf/AQUA20,test,1199,test,11,seaAnemone,hf_test_001199
taufiktrf/AQUA20,test,1200,test,11,seaAnemone,hf_test_001200
taufiktrf/AQUA20,test,1201,test,11,seaAnemone,hf_test_001201
taufiktrf/AQUA20,test,1202,test,11,seaAnemone,hf_test_001202
taufiktrf/AQUA20,test,1203,test,11,seaAnemone,hf_test_001203
taufiktrf/AQUA20,test,1204,test,11,seaAnemone,hf_test_001204
taufiktrf/AQUA20,test,1205,test,11,seaAnemone,hf_test_001205
taufiktrf/AQUA20,test,1206,test,11,seaAnemone,hf_test_001206
taufiktrf/AQUA20,test,1207,test,11,seaAnemone,hf_test_001207
taufiktrf/AQUA20,test,1208,test,11,seaAnemone,hf_test_001208
taufiktrf/AQUA20,test,1209,test,11,seaAnemone,hf_test_001209
taufiktrf/AQUA20,test,1210,test,11,seaAnemone,hf_test_001210
taufiktrf/AQUA20,test,1211,test,11,seaAnemone,hf_test_001211
taufiktrf/AQUA20,test,1212,test,11,seaAnemone,hf_test_001212
taufiktrf/AQUA20,test,1213,test,11,seaAnemone,hf_test_001213
taufiktrf/AQUA20,test,1214,test,11,seaAnemone,hf_test_001214
taufiktrf/AQUA20,test,1215,test,11,seaAnemone,hf_test_001215
taufiktrf/AQUA20,test,1216,test,11,seaAnemone,hf_test_001216
taufiktrf/AQUA20,test,1217,test,11,seaAnemone,hf_test_001217
taufiktrf/AQUA20,test,1218,test,11,seaAnemone,hf_test_001218
taufiktrf/AQUA20,test,1219,test,11,seaAnemone,hf_test_001219
taufiktrf/AQUA20,test,1220,test,11,seaAnemone,hf_test_001220
taufiktrf/AQUA20,test,1221,test,11,seaAnemone,hf_test_001221
taufiktrf/AQUA20,test,1222,test,11,seaAnemone,hf_test_001222
taufiktrf/AQUA20,test,1223,test,11,seaAnemone,hf_test_001223
taufiktrf/AQUA20,test,1224,test,11,seaAnemone,hf_test_001224
taufiktrf/AQUA20,test,1225,test,11,seaAnemone,hf_test_001225
taufiktrf/AQUA20,test,1226,test,11,seaAnemone,hf_test_001226
taufiktrf/AQUA20,test,1227,test,11,seaAnemone,hf_test_001227
taufiktrf/AQUA20,test,1228,test,11,seaAnemone,hf_test_001228
taufiktrf/AQUA20,test,1229,test,11,seaAnemone,hf_test_001229
taufiktrf/AQUA20,test,1230,test,11,seaAnemone,hf_test_001230
taufiktrf/AQUA20,test,1231,test,11,seaAnemone,hf_test_001231
taufiktrf/AQUA20,test,1232,test,11,seaAnemone,hf_test_001232
taufiktrf/AQUA20,test,1233,test,11,seaAnemone,hf_test_001233
taufiktrf/AQUA20,test,1234,test,11,seaAnemone,hf_test_001234
taufiktrf/AQUA20,test,1235,test,11,seaAnemone,hf_test_001235
taufiktrf/AQUA20,test,1236,test,11,seaAnemone,hf_test_001236
taufiktrf/AQUA20,test,1237,test,11,seaAnemone,hf_test_001237
taufiktrf/AQUA20,test,1238,test,11,seaAnemone,hf_test_001238
taufiktrf/AQUA20,test,1239,test,11,seaAnemone,hf_test_001239
taufiktrf/AQUA20,test,1240,test,11,seaAnemone,hf_test_001240
taufiktrf/AQUA20,test,1241,test,11,seaAnemone,hf_test_001241
taufiktrf/AQUA20,test,1242,test,11,seaAnemone,hf_test_001242
taufiktrf/AQUA20,test,1243,test,11,seaAnemone,hf_test_001243
taufiktrf/AQUA20,test,1244,test,11,seaAnemone,hf_test_001244
taufiktrf/AQUA20,test,1245,test,11,seaAnemone,hf_test_001245
taufiktrf/AQUA20,test,1246,test,11,seaAnemone,hf_test_001246
taufiktrf/AQUA20,test,1247,test,11,seaAnemone,hf_test_001247
taufiktrf/AQUA20,test,1248,test,11,seaAnemone,hf_test_001248
taufiktrf/AQUA20,test,1249,test,11,seaAnemone,hf_test_001249
taufiktrf/AQUA20,test,1250,test,11,seaAnemone,hf_test_001250
taufiktrf/AQUA20,test,1251,test,11,seaAnemone,hf_test_001251
taufiktrf/AQUA20,test,1252,test,11,seaAnemone,hf_test_001252
taufiktrf/AQUA20,test,1253,test,11,seaAnemone,hf_test_001253
taufiktrf/AQUA20,test,1254,test,11,seaAnemone,hf_test_001254
taufiktrf/AQUA20,test,1255,test,11,seaAnemone,hf_test_001255
taufiktrf/AQUA20,test,1256,test,11,seaAnemone,hf_test_001256
taufiktrf/AQUA20,test,1257,test,11,seaAnemone,hf_test_001257
taufiktrf/AQUA20,test,1258,test,11,seaAnemone,hf_test_001258
taufiktrf/AQUA20,test,1259,test,11,seaAnemone,hf_test_001259
taufiktrf/AQUA20,test,1260,test,11,seaAnemone,hf_test_001260
taufiktrf/AQUA20,test,1261,test,11,seaAnemone,hf_test_001261
taufiktrf/AQUA20,test,1262,test,11,seaAnemone,hf_test_001262
taufiktrf/AQUA20,test,1263,test,11,seaAnemone,hf_test_001263
taufiktrf/AQUA20,test,1264,test,11,seaAnemone,hf_test_001264
taufiktrf/AQUA20,test,1265,test,11,seaAnemone,hf_test_001265
taufiktrf/AQUA20,test,1266,test,11,seaAnemone,hf_test_001266
taufiktrf/AQUA20,test,1267,test,11,seaAnemone,hf_test_001267
taufiktrf/AQUA20,test,1268,test,11,seaAnemone,hf_test_001268
taufiktrf/AQUA20,test,1269,test,11,seaAnemone,hf_test_001269
taufiktrf/AQUA20,test,1270,test,11,seaAnemone,hf_test_001270
taufiktrf/AQUA20,test,1271,test,11,seaAnemone,hf_test_001271
taufiktrf/AQUA20,test,1272,test,11,seaAnemone,hf_test_001272
taufiktrf/AQUA20,test,1273,test,11,seaAnemone,hf_test_001273
taufiktrf/AQUA20,test,1274,test,11,seaAnemone,hf_test_001274
taufiktrf/AQUA20,test,1275,test,11,seaAnemone,hf_test_001275
taufiktrf/AQUA20,test,1276,test,11,seaAnemone,hf_test_001276
taufiktrf/AQUA20,test,1277,test,11,seaAnemone,hf_test_001277
taufiktrf/AQUA20,test,1278,test,11,seaAnemone,hf_test_001278
taufiktrf/AQUA20,test,1279,test,11,seaAnemone,hf_test_001279
taufiktrf/AQUA20,test,1280,test,11,seaAnemone,hf_test_001280
taufiktrf/AQUA20,test,1281,test,11,seaAnemone,hf_test_001281
taufiktrf/AQUA20,test,1282,test,11,seaAnemone,hf_test_001282
taufiktrf/AQUA20,test,1283,test,11,seaAnemone,hf_test_001283
taufiktrf/AQUA20,test,1284,test,11,seaAnemone,hf_test_001284
taufiktrf/AQUA20,test,1285,test,11,seaAnemone,hf_test_001285
taufiktrf/AQUA20,test,1286,test,11,seaAnemone,hf_test_001286
taufiktrf/AQUA20,test,1287,test,11,seaAnemone,hf_test_001287
taufiktrf/AQUA20,test,1288,test,11,seaAnemone,hf_test_001288
taufiktrf/AQUA20,test,1289,test,11,seaAnemone,hf_test_001289
taufiktrf/AQUA20,test,1290,test,11,seaAnemone,hf_test_001290
taufiktrf/AQUA20,test,1291,test,11,seaAnemone,hf_test_001291
taufiktrf/AQUA20,test,1292,test,11,seaAnemone,hf_test_001292
taufiktrf/AQUA20,test,1293,test,11,seaAnemone,hf_test_001293
taufiktrf/AQUA20,test,1294,test,11,seaAnemone,hf_test_001294
taufiktrf/AQUA20,test,1295,test,11,seaAnemone,hf_test_001295
taufiktrf/AQUA20,test,1296,test,11,seaAnemone,hf_test_001296
taufiktrf/AQUA20,test,1297,test,11,seaAnemone,hf_test_001297
taufiktrf/AQUA20,test,1298,test,11,seaAnemone,hf_test_001298
taufiktrf/AQUA20,test,1299,test,11,seaAnemone,hf_test_001299
taufiktrf/AQUA20,test,1300,test,11,seaAnemone,hf_test_001300
taufiktrf/AQUA20,test,1301,test,11,seaAnemone,hf_test_001301
taufiktrf/AQUA20,test,1302,test,11,seaAnemone,hf_test_001302
taufiktrf/AQUA20,test,1303,test,11,seaAnemone,hf_test_001303
taufiktrf/AQUA20,test,1304,test,11,seaAnemone,hf_test_001304
taufiktrf/AQUA20,test,1305,test,11,seaAnemone,hf_test_001305
taufiktrf/AQUA20,test,1306,test,11,seaAnemone,hf_test_001306
taufiktrf/AQUA20,test,1307,test,11,seaAnemone,hf_test_001307
taufiktrf/AQUA20,test,1308,test,11,seaAnemone,hf_test_001308
taufiktrf/AQUA20,test,1309,test,11,seaAnemone,hf_test_001309
taufiktrf/AQUA20,test,1310,test,11,seaAnemone,hf_test_001310
taufiktrf/AQUA20,test,1311,test,11,seaAnemone,hf_test_001311
taufiktrf/AQUA20,test,1312,test,11,seaAnemone,hf_test_001312
taufiktrf/AQUA20,test,1313,test,11,seaAnemone,hf_test_001313
taufiktrf/AQUA20,test,1314,test,11,seaAnemone,hf_test_001314
taufiktrf/AQUA20,test,1315,test,11,seaAnemone,hf_test_001315
taufiktrf/AQUA20,test,1316,test,11,seaAnemone,hf_test_001316
taufiktrf/AQUA20,test,1317,test,11,seaAnemone,hf_test_001317
taufiktrf/AQUA20,test,1318,test,11,seaAnemone,hf_test_001318
taufiktrf/AQUA20,test,1319,test,11,seaAnemone,hf_test_001319
taufiktrf/AQUA20,test,1320,test,11,seaAnemone,hf_test_001320
taufiktrf/AQUA20,test,1321,test,11,seaAnemone,hf_test_001321
taufiktrf/AQUA20,test,1322,test,11,seaAnemone,hf_test_001322
taufiktrf/AQUA20,test,1323,test,11,seaAnemone,hf_test_001323
taufiktrf/AQUA20,test,1324,test,11,seaAnemone,hf_test_001324
taufiktrf/AQUA20,test,1325,test,11,seaAnemone,hf_test_001325
taufiktrf/AQUA20,test,1326,test,11,seaAnemone,hf_test_001326
taufiktrf/AQUA20,test,1327,test,11,seaAnemone,hf_test_001327
taufiktrf/AQUA20,test,1328,test,11,seaAnemone,hf_test_001328
taufiktrf/AQUA20,test,1329,test,11,seaAnemone,hf_test_001329
taufiktrf/AQUA20,test,1330,test,11,seaAnemone,hf_test_001330
taufiktrf/AQUA20,test,1331,test,11,seaAnemone,hf_test_001331
taufiktrf/AQUA20,test,1332,test,11,seaAnemone,hf_test_001332
taufiktrf/AQUA20,test,1333,test,11,seaAnemone,hf_test_001333
taufiktrf/AQUA20,test,1334,test,11,seaAnemone,hf_test_001334
taufiktrf/AQUA20,test,1335,test,11,seaAnemone,hf_test_001335
taufiktrf/AQUA20,test,1336,test,11,seaAnemone,hf_test_001336
taufiktrf/AQUA20,test,1337,test,11,seaAnemone,hf_test_001337
taufiktrf/AQUA20,test,1338,test,11,seaAnemone,hf_test_001338
taufiktrf/AQUA20,test,1339,test,11,seaAnemone,hf_test_001339
taufiktrf/AQUA20,test,1340,test,11,seaAnemone,hf_test_001340
taufiktrf/AQUA20,test,1341,test,11,seaAnemone,hf_test_001341
taufiktrf/AQUA20,test,1342,test,11,seaAnemone,hf_test_001342
taufiktrf/AQUA20,test,1343,test,11,seaAnemone,hf_test_001343
taufiktrf/AQUA20,test,1344,test,11,seaAnemone,hf_test_001344
taufiktrf/AQUA20,test,1345,test,11,seaAnemone,hf_test_001345
taufiktrf/AQUA20,test,1346,test,11,seaAnemone,hf_test_001346
taufiktrf/AQUA20,test,1347,test,11,seaAnemone,hf_test_001347
taufiktrf/AQUA20,test,1348,test,11,seaAnemone,hf_test_001348
taufiktrf/AQUA20,test,1349,test,11,seaAnemone,hf_test_001349
taufiktrf/AQUA20,test,1350,test,11,seaAnemone,hf_test_001350
taufiktrf/AQUA20,test,1351,test,11,seaAnemone,hf_test_001351
taufiktrf/AQUA20,test,1352,test,11,seaAnemone,hf_test_001352
taufiktrf/AQUA20,test,1353,test,11,seaAnemone,hf_test_001353
taufiktrf/AQUA20,test,1354,test,11,seaAnemone,hf_test_001354
taufiktrf/AQUA20,test,1355,test,11,seaAnemone,hf_test_001355
taufiktrf/AQUA20,test,1356,test,11,seaAnemone,hf_test_001356
taufiktrf/AQUA20,test,1357,test,11,seaAnemone,hf_test_001357
taufiktrf/AQUA20,test,1358,test,11,seaAnemone,hf_test_001358
taufiktrf/AQUA20,test,1359,test,11,seaAnemone,hf_test_001359
taufiktrf/AQUA20,test,1360,test,11,seaAnemone,hf_test_001360
taufiktrf/AQUA20,test,1361,test,11,seaAnemone,hf_test_001361
taufiktrf/AQUA20,test,1362,test,11,seaAnemone,hf_test_001362
taufiktrf/AQUA20,test,1363,test,11,seaAnemone,hf_test_001363
taufiktrf/AQUA20,test,1364,test,11,seaAnemone,hf_test_001364
taufiktrf/AQUA20,test,1365,test,11,seaAnemone,hf_test_001365
taufiktrf/AQUA20,test,1366,test,11,seaAnemone,hf_test_001366
taufiktrf/AQUA20,test,1367,test,11,seaAnemone,hf_test_001367
taufiktrf/AQUA20,test,1368,test,11,seaAnemone,hf_test_001368
taufiktrf/AQUA20,test,1369,test,11,seaAnemone,hf_test_001369
taufiktrf/AQUA20,test,1370,test,11,seaAnemone,hf_test_001370
taufiktrf/AQUA20,test,1371,test,11,seaAnemone,hf_test_001371
taufiktrf/AQUA20,test,1372,test,11,seaAnemone,hf_test_001372
taufiktrf/AQUA20,test,1373,test,11,seaAnemone,hf_test_001373
taufiktrf/AQUA20,test,1374,test,11,seaAnemone,hf_test_001374
taufiktrf/AQUA20,test,1375,test,11,seaAnemone,hf_test_001375
taufiktrf/AQUA20,test,1376,test,11,seaAnemone,hf_test_001376
taufiktrf/AQUA20,test,1377,test,11,seaAnemone,hf_test_001377
taufiktrf/AQUA20,test,1378,test,11,seaAnemone,hf_test_001378
taufiktrf/AQUA20,test,1379,test,11,seaAnemone,hf_test_001379
taufiktrf/AQUA20,test,1380,test,11,seaAnemone,hf_test_001380
taufiktrf/AQUA20,test,1381,test,11,seaAnemone,hf_test_001381
taufiktrf/AQUA20,test,1382,test,11,seaAnemone,hf_test_001382
taufiktrf/AQUA20,test,1383,test,11,seaAnemone,hf_test_001383
taufiktrf/AQUA20,test,1384,test,11,seaAnemone,hf_test_001384
taufiktrf/AQUA20,test,1385,test,11,seaAnemone,hf_test_001385
taufiktrf/AQUA20,test,1386,test,11,seaAnemone,hf_test_001386
taufiktrf/AQUA20,test,1387,test,11,seaAnemone,hf_test_001387
taufiktrf/AQUA20,test,1388,test,11,seaAnemone,hf_test_001388
taufiktrf/AQUA20,test,1389,test,11,seaAnemone,hf_test_001389
taufiktrf/AQUA20,test,1390,test,11,seaAnemone,hf_test_001390
taufiktrf/AQUA20,test,1391,test,11,seaAnemone,hf_test_001391
taufiktrf/AQUA20,test,1392,test,11,seaAnemone,hf_test_001392
taufiktrf/AQUA20,test,1393,test,11,seaAnemone,hf_test_001393
taufiktrf/AQUA20,test,1394,test,11,seaAnemone,hf_test_001394
taufiktrf/AQUA20,test,1395,test,11,seaAnemone,hf_test_001395
taufiktrf/AQUA20,test,1396,test,11,seaAnemone,hf_test_001396
taufiktrf/AQUA20,test,1397,test,12,seaCucumber,hf_test_001397
taufiktrf/AQUA20,test,1398,test,12,seaCucumber,hf_test_001398
taufiktrf/AQUA20,test,1399,test,12,seaCucumber,hf_test_001399
taufiktrf/AQUA20,test,1400,test,12,seaCucumber,hf_test_001400
taufiktrf/AQUA20,test,1401,test,12,seaCucumber,hf_test_001401
taufiktrf/AQUA20,test,1402,test,12,seaCucumber,hf_test_001402
taufiktrf/AQUA20,test,1403,test,12,seaCucumber,hf_test_001403
taufiktrf/AQUA20,test,1404,test,12,seaCucumber,hf_test_001404
taufiktrf/AQUA20,test,1405,test,12,seaCucumber,hf_test_001405
taufiktrf/AQUA20,test,1406,test,12,seaCucumber,hf_test_001406
taufiktrf/AQUA20,test,1407,test,13,seaSlug,hf_test_001407
taufiktrf/AQUA20,test,1408,test,13,seaSlug,hf_test_001408
taufiktrf/AQUA20,test,1409,test,13,seaSlug,hf_test_001409
taufiktrf/AQUA20,test,1410,test,13,seaSlug,hf_test_001410
taufiktrf/AQUA20,test,1411,test,13,seaSlug,hf_test_001411
taufiktrf/AQUA20,test,1412,test,13,seaSlug,hf_test_001412
taufiktrf/AQUA20,test,1413,test,13,seaSlug,hf_test_001413
taufiktrf/AQUA20,test,1414,test,13,seaSlug,hf_test_001414
taufiktrf/AQUA20,test,1415,test,13,seaSlug,hf_test_001415
taufiktrf/AQUA20,test,1416,test,13,seaSlug,hf_test_001416
taufiktrf/AQUA20,test,1417,test,13,seaSlug,hf_test_001417
taufiktrf/AQUA20,test,1418,test,13,seaSlug,hf_test_001418
taufiktrf/AQUA20,test,1419,test,13,seaSlug,hf_test_001419
taufiktrf/AQUA20,test,1420,test,13,seaSlug,hf_test_001420
taufiktrf/AQUA20,test,1421,test,13,seaSlug,hf_test_001421
taufiktrf/AQUA20,test,1422,test,13,seaSlug,hf_test_001422
taufiktrf/AQUA20,test,1423,test,13,seaSlug,hf_test_001423
taufiktrf/AQUA20,test,1424,test,13,seaSlug,hf_test_001424
taufiktrf/AQUA20,test,1425,test,13,seaSlug,hf_test_001425
taufiktrf/AQUA20,test,1426,test,13,seaSlug,hf_test_001426
taufiktrf/AQUA20,test,1427,test,14,seaUrchin,hf_test_001427
taufiktrf/AQUA20,test,1428,test,14,seaUrchin,hf_test_001428
taufiktrf/AQUA20,test,1429,test,14,seaUrchin,hf_test_001429
taufiktrf/AQUA20,test,1430,test,14,seaUrchin,hf_test_001430
taufiktrf/AQUA20,test,1431,test,14,seaUrchin,hf_test_001431
taufiktrf/AQUA20,test,1432,test,14,seaUrchin,hf_test_001432
taufiktrf/AQUA20,test,1433,test,14,seaUrchin,hf_test_001433
taufiktrf/AQUA20,test,1434,test,14,seaUrchin,hf_test_001434
taufiktrf/AQUA20,test,1435,test,14,seaUrchin,hf_test_001435
taufiktrf/AQUA20,test,1436,test,14,seaUrchin,hf_test_001436
taufiktrf/AQUA20,test,1437,test,14,seaUrchin,hf_test_001437
taufiktrf/AQUA20,test,1438,test,14,seaUrchin,hf_test_001438
taufiktrf/AQUA20,test,1439,test,14,seaUrchin,hf_test_001439
taufiktrf/AQUA20,test,1440,test,14,seaUrchin,hf_test_001440
taufiktrf/AQUA20,test,1441,test,14,seaUrchin,hf_test_001441
taufiktrf/AQUA20,test,1442,test,14,seaUrchin,hf_test_001442
taufiktrf/AQUA20,test,1443,test,14,seaUrchin,hf_test_001443
taufiktrf/AQUA20,test,1444,test,14,seaUrchin,hf_test_001444
taufiktrf/AQUA20,test,1445,test,14,seaUrchin,hf_test_001445
taufiktrf/AQUA20,test,1446,test,14,seaUrchin,hf_test_001446
taufiktrf/AQUA20,test,1447,test,14,seaUrchin,hf_test_001447
taufiktrf/AQUA20,test,1448,test,14,seaUrchin,hf_test_001448
taufiktrf/AQUA20,test,1449,test,14,seaUrchin,hf_test_001449
taufiktrf/AQUA20,test,1450,test,14,seaUrchin,hf_test_001450
taufiktrf/AQUA20,test,1451,test,14,seaUrchin,hf_test_001451
taufiktrf/AQUA20,test,1452,test,14,seaUrchin,hf_test_001452
taufiktrf/AQUA20,test,1453,test,14,seaUrchin,hf_test_001453
taufiktrf/AQUA20,test,1454,test,14,seaUrchin,hf_test_001454
taufiktrf/AQUA20,test,1455,test,14,seaUrchin,hf_test_001455
taufiktrf/AQUA20,test,1456,test,15,shark,hf_test_001456
taufiktrf/AQUA20,test,1457,test,15,shark,hf_test_001457
taufiktrf/AQUA20,test,1458,test,15,shark,hf_test_001458
taufiktrf/AQUA20,test,1459,test,15,shark,hf_test_001459
taufiktrf/AQUA20,test,1460,test,15,shark,hf_test_001460
taufiktrf/AQUA20,test,1461,test,15,shark,hf_test_001461
taufiktrf/AQUA20,test,1462,test,15,shark,hf_test_001462
taufiktrf/AQUA20,test,1463,test,15,shark,hf_test_001463
taufiktrf/AQUA20,test,1464,test,15,shark,hf_test_001464
taufiktrf/AQUA20,test,1465,test,15,shark,hf_test_001465
taufiktrf/AQUA20,test,1466,test,15,shark,hf_test_001466
taufiktrf/AQUA20,test,1467,test,15,shark,hf_test_001467
taufiktrf/AQUA20,test,1468,test,15,shark,hf_test_001468
taufiktrf/AQUA20,test,1469,test,15,shark,hf_test_001469
taufiktrf/AQUA20,test,1470,test,15,shark,hf_test_001470
taufiktrf/AQUA20,test,1471,test,15,shark,hf_test_001471
taufiktrf/AQUA20,test,1472,test,15,shark,hf_test_001472
taufiktrf/AQUA20,test,1473,test,15,shark,hf_test_001473
taufiktrf/AQUA20,test,1474,test,15,shark,hf_test_001474
taufiktrf/AQUA20,test,1475,test,16,shrimp,hf_test_001475
taufiktrf/AQUA20,test,1476,test,16,shrimp,hf_test_001476
taufiktrf/AQUA20,test,1477,test,16,shrimp,hf_test_001477
taufiktrf/AQUA20,test,1478,test,16,shrimp,hf_test_001478
taufiktrf/AQUA20,test,1479,test,16,shrimp,hf_test_001479
taufiktrf/AQUA20,test,1480,test,16,shrimp,hf_test_001480
taufiktrf/AQUA20,test,1481,test,16,shrimp,hf_test_001481
taufiktrf/AQUA20,test,1482,test,16,shrimp,hf_test_001482
taufiktrf/AQUA20,test,1483,test,16,shrimp,hf_test_001483
taufiktrf/AQUA20,test,1484,test,16,shrimp,hf_test_001484
taufiktrf/AQUA20,test,1485,test,16,shrimp,hf_test_001485
taufiktrf/AQUA20,test,1486,test,17,squid,hf_test_001486
taufiktrf/AQUA20,test,1487,test,17,squid,hf_test_001487
taufiktrf/AQUA20,test,1488,test,17,squid,hf_test_001488
taufiktrf/AQUA20,test,1489,test,17,squid,hf_test_001489
taufiktrf/AQUA20,test,1490,test,17,squid,hf_test_001490
taufiktrf/AQUA20,test,1491,test,17,squid,hf_test_001491
taufiktrf/AQUA20,test,1492,test,17,squid,hf_test_001492
taufiktrf/AQUA20,test,1493,test,17,squid,hf_test_001493
taufiktrf/AQUA20,test,1494,test,17,squid,hf_test_001494
taufiktrf/AQUA20,test,1495,test,17,squid,hf_test_001495
taufiktrf/AQUA20,test,1496,test,18,starfish,hf_test_001496
taufiktrf/AQUA20,test,1497,test,18,starfish,hf_test_001497
taufiktrf/AQUA20,test,1498,test,18,starfish,hf_test_001498
taufiktrf/AQUA20,test,1499,test,18,starfish,hf_test_001499
taufiktrf/AQUA20,test,1500,test,18,starfish,hf_test_001500
taufiktrf/AQUA20,test,1501,test,18,starfish,hf_test_001501
taufiktrf/AQUA20,test,1502,test,18,starfish,hf_test_001502
taufiktrf/AQUA20,test,1503,test,18,starfish,hf_test_001503
taufiktrf/AQUA20,test,1504,test,18,starfish,hf_test_001504
taufiktrf/AQUA20,test,1505,test,18,starfish,hf_test_001505
taufiktrf/AQUA20,test,1506,test,18,starfish,hf_test_001506
taufiktrf/AQUA20,test,1507,test,18,starfish,hf_test_001507
taufiktrf/AQUA20,test,1508,test,18,starfish,hf_test_001508
taufiktrf/AQUA20,test,1509,test,18,starfish,hf_test_001509
taufiktrf/AQUA20,test,1510,test,18,starfish,hf_test_001510
taufiktrf/AQUA20,test,1511,test,18,starfish,hf_test_001511
taufiktrf/AQUA20,test,1512,test,18,starfish,hf_test_001512
taufiktrf/AQUA20,test,1513,test,18,starfish,hf_test_001513
taufiktrf/AQUA20,test,1514,test,18,starfish,hf_test_001514
taufiktrf/AQUA20,test,1515,test,18,starfish,hf_test_001515
taufiktrf/AQUA20,test,1516,test,18,starfish,hf_test_001516
taufiktrf/AQUA20,test,1517,test,18,starfish,hf_test_001517
taufiktrf/AQUA20,test,1518,test,18,starfish,hf_test_001518
taufiktrf/AQUA20,test,1519,test,18,starfish,hf_test_001519
taufiktrf/AQUA20,test,1520,test,18,starfish,hf_test_001520
taufiktrf/AQUA20,test,1521,test,18,starfish,hf_test_001521
taufiktrf/AQUA20,test,1522,test,18,starfish,hf_test_001522
taufiktrf/AQUA20,test,1523,test,18,starfish,hf_test_001523
taufiktrf/AQUA20,test,1524,test,18,starfish,hf_test_001524
taufiktrf/AQUA20,test,1525,test,18,starfish,hf_test_001525
taufiktrf/AQUA20,test,1526,test,18,starfish,hf_test_001526
taufiktrf/AQUA20,test,1527,test,18,starfish,hf_test_001527
taufiktrf/AQUA20,test,1528,test,18,starfish,hf_test_001528
taufiktrf/AQUA20,test,1529,test,18,starfish,hf_test_001529
taufiktrf/AQUA20,test,1530,test,18,starfish,hf_test_001530
taufiktrf/AQUA20,test,1531,test,18,starfish,hf_test_001531
taufiktrf/AQUA20,test,1532,test,18,starfish,hf_test_001532
taufiktrf/AQUA20,test,1533,test,18,starfish,hf_test_001533
taufiktrf/AQUA20,test,1534,test,18,starfish,hf_test_001534
taufiktrf/AQUA20,test,1535,test,18,starfish,hf_test_001535
taufiktrf/AQUA20,test,1536,test,19,turtle,hf_test_001536
taufiktrf/AQUA20,test,1537,test,19,turtle,hf_test_001537
taufiktrf/AQUA20,test,1538,test,19,turtle,hf_test_001538
taufiktrf/AQUA20,test,1539,test,19,turtle,hf_test_001539
taufiktrf/AQUA20,test,1540,test,19,turtle,hf_test_001540
taufiktrf/AQUA20,test,1541,test,19,turtle,hf_test_001541
taufiktrf/AQUA20,test,1542,test,19,turtle,hf_test_001542
taufiktrf/AQUA20,test,1543,test,19,turtle,hf_test_001543
taufiktrf/AQUA20,test,1544,test,19,turtle,hf_test_001544
taufiktrf/AQUA20,test,1545,test,19,turtle,hf_test_001545
taufiktrf/AQUA20,test,1546,test,19,turtle,hf_test_001546
taufiktrf/AQUA20,test,1547,test,19,turtle,hf_test_001547
taufiktrf/AQUA20,test,1548,test,19,turtle,hf_test_001548
taufiktrf/AQUA20,test,1549,test,19,turtle,hf_test_001549
taufiktrf/AQUA20,test,1550,test,19,turtle,hf_test_001550
taufiktrf/AQUA20,test,1551,test,19,turtle,hf_test_001551
taufiktrf/AQUA20,test,1552,test,19,turtle,hf_test_001552
taufiktrf/AQUA20,test,1553,test,19,turtle,hf_test_001553
taufiktrf/AQUA20,test,1554,test,19,turtle,hf_test_001554
taufiktrf/AQUA20,test,1555,test,19,turtle,hf_test_001555
taufiktrf/AQUA20,test,1556,test,19,turtle,hf_test_001556
taufiktrf/AQUA20,test,1557,test,19,turtle,hf_test_001557
taufiktrf/AQUA20,test,1558,test,19,turtle,hf_test_001558
taufiktrf/AQUA20,test,1559,test,19,turtle,hf_test_001559
taufiktrf/AQUA20,test,1560,test,19,turtle,hf_test_001560
taufiktrf/AQUA20,test,1561,test,19,turtle,hf_test_001561
taufiktrf/AQUA20,test,1562,test,19,turtle,hf_test_001562
taufiktrf/AQUA20,test,1563,test,19,turtle,hf_test_001563
taufiktrf/AQUA20,test,1564,test,19,turtle,hf_test_001564
taufiktrf/AQUA20,test,1565,test,19,turtle,hf_test_001565
taufiktrf/AQUA20,test,1566,test,19,turtle,hf_test_001566
taufiktrf/AQUA20,test,1567,test,19,turtle,hf_test_001567
taufiktrf/AQUA20,test,1568,test,19,turtle,hf_test_001568
taufiktrf/AQUA20,test,1569,test,19,turtle,hf_test_001569
taufiktrf/AQUA20,test,1570,test,19,turtle,hf_test_001570
taufiktrf/AQUA20,test,1571,test,19,turtle,hf_test_001571
taufiktrf/AQUA20,test,1572,test,19,turtle,hf_test_001572
taufiktrf/AQUA20,test,1573,test,19,turtle,hf_test_001573
taufiktrf/AQUA20,test,1574,test,19,turtle,hf_test_001574
taufiktrf/AQUA20,test,1575,test,19,turtle,hf_test_001575
taufiktrf/AQUA20,test,1576,test,19,turtle,hf_test_001576
taufiktrf/AQUA20,test,1577,test,19,turtle,hf_test_001577
taufiktrf/AQUA20,test,1578,test,19,turtle,hf_test_001578
taufiktrf/AQUA20,test,1579,test,19,turtle,hf_test_001579
taufiktrf/AQUA20,test,1580,test,19,turtle,hf_test_001580
taufiktrf/AQUA20,test,1581,test,19,turtle,hf_test_001581
taufiktrf/AQUA20,test,1582,test,19,turtle,hf_test_001582
taufiktrf/AQUA20,test,1583,test,19,turtle,hf_test_001583
taufiktrf/AQUA20,test,1584,test,19,turtle,hf_test_001584
taufiktrf/AQUA20,test,1585,test,19,turtle,hf_test_001585
taufiktrf/AQUA20,test,1586,test,19,turtle,hf_test_001586
taufiktrf/AQUA20,test,1587,test,19,turtle,hf_test_001587
taufiktrf/AQUA20,test,1588,test,19,turtle,hf_test_001588
taufiktrf/AQUA20,test,1589,test,19,turtle,hf_test_001589
taufiktrf/AQUA20,test,1590,test,19,turtle,hf_test_001590
taufiktrf/AQUA20,test,1591,test,19,turtle,hf_test_001591
taufiktrf/AQUA20,test,1592,test,19,turtle,hf_test_001592
taufiktrf/AQUA20,test,1593,test,19,turtle,hf_test_001593
taufiktrf/AQUA20,test,1594,test,19,turtle,hf_test_001594
taufiktrf/AQUA20,test,1595,test,19,turtle,hf_test_001595
taufiktrf/AQUA20,test,1596,test,19,turtle,hf_test_001596
taufiktrf/AQUA20,test,1597,test,19,turtle,hf_test_001597
taufiktrf/AQUA20,test,1598,test,19,turtle,hf_test_001598
taufiktrf/AQUA20,test,1599,test,19,turtle,hf_test_001599
taufiktrf/AQUA20,test,1600,test,19,turtle,hf_test_001600
taufiktrf/AQUA20,test,1601,test,19,turtle,hf_test_001601
taufiktrf/AQUA20,test,1602,test,19,turtle,hf_test_001602
taufiktrf/AQUA20,test,1603,test,19,turtle,hf_test_001603
taufiktrf/AQUA20,test,1604,test,19,turtle,hf_test_001604
taufiktrf/AQUA20,test,1605,test,19,turtle,hf_test_001605
taufiktrf/AQUA20,test,1606,test,19,turtle,hf_test_001606
taufiktrf/AQUA20,test,1607,test,19,turtle,hf_test_001607
taufiktrf/AQUA20,test,1608,test,19,turtle,hf_test_001608
taufiktrf/AQUA20,test,1609,test,19,turtle,hf_test_001609
taufiktrf/AQUA20,test,1610,test,19,turtle,hf_test_001610
taufiktrf/AQUA20,test,1611,test,19,turtle,hf_test_001611
